1711927755 538657682 1
1711927756 538657682 1
1711927758 538657682 1
1711927759 538657682 1
1711927760 538657682 1
1711927761 538657682 1
1711927797 747492956 1
1711927798 747492956 1
1711927799 747492956 1
1711927801 747492956 1
1711927802 747492956 0
1711927803 747492956 0
1711927805 747492956 0
1711927806 747492956 0
1711927807 747492956 0
1711927880 538657682 1
1711927881 538657682 1
1711927882 538657682 1
1711927884 538657682 0
1711927886 538657682 0
1711927888 538657682 0
1711927890 538657682 0
1711927892 538657682 1
1711927893 538657682 1
1711927894 538657682 1
1711927895 538657682 1
1711927897 538657682 0
1711927899 538657682 0
1711927901 538657682 0
1711927902 538657682 1
1711927903 538657682 0
1711927905 538657682 0
1711927906 538657682 0
1711927907 538657682 0
1711927908 538657682 0
1711927909 538657682 0
1711927910 538657682 1
1711927911 538657682 1
1711928502 538657682 1
1711928503 538657682 1
1711928504 538657682 1
1711971992 538657682 1
1711971994 538657682 1
1711971995 538657682 1
1711971996 538657682 0
1711971997 538657682 0
1711971998 538657682 0
1711972000 538657682 0
1711972001 538657682 0
1711972002 538657682 0
1711972003 538657682 0
1711972004 538657682 1
1711972006 538657682 1
1711972007 538657682 1
1711972008 538657682 1
1711972009 538657682 1
1711972010 538657682 1
1711972011 538657682 1
1711972013 538657682 1
1711972014 538657682 1
1711972015 538657682 1
1711972016 538657682 1
1711972017 538657682 1
1711988934 480538693 1
1711988935 480538693 1
1711988936 480538693 1
1711988937 480538693 1
1711988939 480538693 1
1711988940 480538693 1
1711989604 538657682 1
1711989606 538657682 1
1711989607 538657682 1
1711989608 538657682 1
1711989609 538657682 1
1711989611 538657682 1
1711989612 538657682 1
1711989613 538657682 1
1711989614 538657682 1
1711989615 538657682 1
1711989616 538657682 1
1711990294 908669643 1
1711990296 908669643 1
1711990297 495164811 0
1711990297 908669643 1
1711990298 495164811 1
1711990299 908669643 1
1711990300 495164811 1
1711990300 908669643 1
1711990301 495164811 1
1711990301 908669643 1
1711990302 495164811 1
1711990302 908669643 1
1711990303 495164811 1
1711990303 908669643 1
1711990304 495164811 1
1711990304 415905057 1
1711990305 908669643 0
1711990305 495164811 1
1711990305 482568952 1
1711990306 415905057 1
1711990306 908669643 0
1711990307 495164811 1
1711990307 482568952 1
1711990307 415905057 0
1711990307 74700578 0
1711990308 495164811 1
1711990308 415905057 1
1711990308 74700578 1
1711990308 482568952 1
1711990309 495164811 1
1711990309 74700578 1
1711990309 415905057 1
1711990309 482568952 1
1711990310 421499592 1
1711990310 74700578 1
1711990310 495164811 1
1711990310 415905057 1
1711990311 421499592 1
1711990311 482568952 1
1711990311 74700578 1
1711990311 495164811 1
1711990311 554032504 1
1711990312 415905057 1
1711990312 421499592 1
1711990312 74700578 1
1711990312 482568952 1
1711990313 495164811 1
1711990313 554032504 1
1711990313 421499592 1
1711990313 415905057 0
1711990313 74700578 1
1711990314 482568952 1
1711990314 495164811 1
1711990314 421499592 1
1711990314 554032504 1
1711990314 74700578 1
1711990314 415905057 1
1711990315 495164811 1
1711990315 482568952 1
1711990315 421499592 1
1711990315 74700578 1
1711990316 554032504 1
1711990316 415905057 1
1711990316 495164811 1
1711990316 482568952 1
1711990316 421499592 1
1711990316 74700578 1
1711990317 415905057 1
1711990317 554032504 1
1711990317 495164811 1
1711990317 421499592 1
1711990318 74700578 0
1711990318 482568952 1
1711990318 288042927 1
1711990318 415905057 1
1711990318 554032504 1
1711990318 495164811 1
1711990319 421499592 1
1711990319 482568952 1
1711990319 415905057 1
1711990319 554032504 1
1711990320 495164811 1
1711990320 421499592 1
1711990320 482568952 1
1711990320 415905057 1
1711990321 554032504 1
1711990321 596049518 1
1711990321 495164811 1
1711990321 421499592 1
1711990322 415905057 1
1711990322 482568952 1
1711990322 886381145 0
1711990322 554032504 1
1711990322 596049518 1
1711990322 495164811 1
1711990322 421499592 1
1711990323 886381145 1
1711990323 415905057 1
1711990323 482568952 1
1711990323 495164811 1
1711990323 596049518 1
1711990323 421499592 1
1711990323 554032504 1
1711990324 886381145 1
1711990324 415905057 1
1711990324 482568952 1
1711990324 495164811 1
1711990324 421499592 1
1711990324 596049518 1
1711990325 554032504 1
1711990325 886381145 1
1711990325 415905057 1
1711990325 421499592 1
1711990325 495164811 1
1711990326 482568952 1
1711990326 596049518 1
1711990326 554032504 1
1711990326 131098183 0
1711990326 115802178 1
1711990326 886381145 1
1711990327 421499592 1
1711990327 415905057 0
1711990327 495164811 1
1711990327 596049518 1
1711990327 482568952 1
1711990327 131098183 1
1711990327 554032504 1
1711990328 886381145 1
1711990328 115802178 1
1711990328 421499592 1
1711990328 495164811 1
1711990328 482568952 1
1711990328 131098183 1
1711990328 596049518 1
1711990329 554032504 1
1711990329 886381145 1
1711990329 115802178 1
1711990329 421499592 1
1711990329 495164811 1
1711990330 131098183 1
1711990330 596049518 1
1711990330 482568952 1
1711990330 554032504 1
1711990330 421499592 1
1711990330 115802178 1
1711990330 886381145 0
1711990330 495164811 1
1711990331 131098183 1
1711990331 596049518 1
1711990331 482568952 1
1711990331 554032504 1
1711990331 421499592 1
1711990331 886381145 0
1711990331 115802178 1
1711990331 495164811 1
1711990332 131098183 1
1711990332 596049518 1
1711990332 421499592 1
1711990332 554032504 1
1711990332 482568952 1
1711990333 115802178 1
1711990333 495164811 1
1711990333 131098183 1
1711990333 596049518 1
1711990334 495164811 1
1711990334 115802178 1
1711990334 554032504 1
1711990334 482568952 1
1711990334 131098183 1
1711990335 495164811 1
1711990335 596049518 1
1711990335 554032504 1
1711990335 115802178 1
1711990335 482568952 1
1711990335 131098183 0
1711990336 495164811 1
1711990336 596049518 1
1711990336 554032504 1
1711990336 115802178 1
1711990336 482568952 1
1711990337 495164811 1
1711990337 596049518 1
1711990338 554032504 1
1711990338 482568952 1
1711990338 115802178 1
1711990338 495164811 1
1711990339 596049518 1
1711990339 115802178 1
1711990339 554032504 1
1711990339 482568952 1
1711990339 495164811 1
1711990340 912541562 1
1711990340 554032504 1
1711990340 115802178 1
1711990340 482568952 1
1711990341 495164811 1
1711990341 912541562 1
1711990341 554032504 1
1711990341 115802178 1
1711990342 482568952 1
1711990342 495164811 1
1711990342 912541562 1
1711990343 115802178 1
1711990343 554032504 1
1711990343 495164811 1
1711990343 482568952 1
1711990343 912541562 1
1711990344 115802178 1
1711990344 554032504 1
1711990344 495164811 1
1711990344 912541562 1
1711990344 482568952 1
1711990345 115802178 1
1711990345 495164811 1
1711990345 554032504 1
1711990346 912541562 1
1711990346 482568952 1
1711990346 115802178 1
1711990346 495164811 1
1711990347 912541562 1
1711990347 554032504 1
1711990347 482568952 1
1711990347 115802178 1
1711990348 495164811 1
1711990348 912541562 1
1711990348 554032504 1
1711990348 482568952 1
1711990348 115802178 1
1711990349 288042927 1
1711990349 495164811 1
1711990349 912541562 1
1711990349 554032504 1
1711990350 115802178 1
1711990350 288042927 1
1711990350 482568952 1
1711990350 912541562 1
1711990350 495164811 1
1711990351 554032504 1
1711990351 115802178 1
1711990351 288042927 0
1711990351 482568952 1
1711990351 912541562 1
1711990351 495164811 1
1711990352 596049518 1
1711990352 554032504 1
1711990352 115802178 1
1711990352 912541562 1
1711990352 288042927 0
1711990352 482568952 1
1711990352 495164811 1
1711990353 596049518 1
1711990353 912541562 1
1711990353 115802178 1
1711990354 554032504 1
1711990354 288042927 0
1711990354 495164811 1
1711990354 482568952 1
1711990354 596049518 1
1711990355 912541562 1
1711990355 115802178 1
1711990355 495164811 1
1711990355 288042927 0
1711990355 482568952 1
1711990355 554032504 1
1711990355 596049518 1
1711990356 912541562 1
1711990356 115802178 1
1711990356 495164811 1
1711990356 288042927 0
1711990356 482568952 1
1711990357 554032504 1
1711990357 596049518 1
1711990357 912541562 1
1711990357 495164811 1
1711990357 115802178 1
1711990358 288042927 0
1711990358 482568952 1
1711990358 912541562 1
1711990358 596049518 1
1711990358 554032504 1
1711990358 495164811 1
1711990358 115802178 1
1711990359 912541562 1
1711990359 482568952 1
1711990359 596049518 1
1711990359 288042927 0
1711990359 554032504 1
1711990360 495164811 1
1711990360 554032504 1
1711990360 115802178 1
1711990360 912541562 1
1711990360 596049518 1
1711990361 482568952 1
1711990361 495164811 1
1711990361 288042927 0
1711990361 554032504 1
1711990361 115802178 1
1711990361 912541562 1
1711990362 495164811 1
1711990362 596049518 1
1711990362 482568952 1
1711990362 288042927 0
1711990362 554032504 1
1711990362 115802178 1
1711990363 912541562 1
1711990363 495164811 1
1711990363 596049518 1
1711990363 482568952 1
1711990363 115802178 1
1711990364 288042927 0
1711990364 912541562 1
1711990364 495164811 1
1711990364 596049518 1
1711990365 482568952 1
1711990365 115802178 1
1711990365 912541562 1
1711990365 288042927 0
1711990365 495164811 1
1711990366 596049518 1
1711990366 115802178 1
1711990366 482568952 0
1711990366 912541562 1
1711990366 288042927 0
1711990367 495164811 1
1711990367 596049518 1
1711990367 912541562 1
1711990367 482568952 0
1711990367 115802178 1
1711990368 288042927 0
1711990368 495164811 1
1711990368 912541562 1
1711990368 115802178 1
1711990368 596049518 1
1711990368 482568952 0
1711990369 288042927 0
1711990369 495164811 1
1711990369 912541562 1
1711990369 115802178 1
1711990370 596049518 1
1711990370 482568952 0
1711990370 495164811 1
1711990370 288042927 0
1711990371 912541562 1
1711990371 482568952 0
1711990371 115802178 1
1711990371 820670483 1
1711990371 596049518 1
1711990371 495164811 1
1711990372 912541562 1
1711990372 288042927 0
1711990372 820670483 1
1711990372 482568952 0
1711990372 115802178 1
1711990372 596049518 1
1711990373 495164811 1
1711990373 912541562 1
1711990373 820670483 1
1711990373 288042927 0
1711990373 115802178 1
1711990373 482568952 0
1711990374 596049518 1
1711990374 495164811 0
1711990374 912541562 1
1711990374 820670483 1
1711990375 115802178 1
1711990375 288042927 0
1711990375 596049518 1
1711990375 482568952 0
1711990375 912541562 1
1711990375 495164811 0
1711990375 820670483 1
1711990376 115802178 1
1711990376 288042927 0
1711990376 596049518 1
1711990376 912541562 1
1711990376 482568952 0
1711990377 495164811 0
1711990377 820670483 1
1711990377 115802178 1
1711990377 596049518 1
1711990377 912541562 1
1711990377 288042927 0
1711990378 495164811 0
1711990378 820670483 1
1711990378 115802178 1
1711990378 912541562 1
1711990378 596049518 1
1711990379 288042927 0
1711990379 495164811 0
1711990379 820670483 1
1711990379 115802178 1
1711990380 912541562 1
1711990380 596049518 1
1711990380 288042927 0
1711990380 495164811 0
1711990380 820670483 1
1711990381 115802178 1
1711990381 912541562 1
1711990381 596049518 1
1711990381 495164811 0
1711990381 288042927 0
1711990382 820670483 1
1711990382 115802178 1
1711990382 912541562 1
1711990382 495164811 0
1711990383 288042927 0
1711990383 820670483 1
1711990383 115802178 1
1711990383 912541562 1
1711990383 561809352 1
1711990383 495164811 0
1711990384 820670483 1
1711990384 912541562 1
1711990384 561809352 1
1711990385 495164811 0
1711990385 115802178 1
1711990385 912541562 1
1711990385 820670483 1
1711990386 561809352 1
1711990386 495164811 0
1711990386 115802178 1
1711990386 912541562 1
1711990387 561809352 1
1711990387 820670483 1
1711990387 495164811 0
1711990388 912541562 1
1711990388 115802178 1
1711990388 561809352 1
1711990388 820670483 1
1711990388 495164811 0
1711990389 912541562 1
1711990389 115802178 1
1711990389 561809352 1
1711990389 820670483 1
1711990390 495164811 0
1711990390 912541562 1
1711990390 115802178 1
1711990390 561809352 1
1711990391 820670483 1
1711990391 495164811 0
1711990391 912541562 1
1711990391 115802178 1
1711990391 561809352 1
1711990392 820670483 1
1711990392 912541562 1
1711990393 115802178 1
1711990393 561809352 1
1711990393 820670483 1
1711990393 912541562 1
1711990394 115802178 1
1711990394 561809352 1
1711990394 820670483 1
1711990394 912541562 1
1711990395 561809352 1
1711990396 912541562 1
1711990396 561809352 1
1711990397 912541562 1
1711990397 561809352 1
1711990397 115802178 1
1711990398 367655391 1
1711990398 912541562 1
1711990398 561809352 1
1711990399 115802178 1
1711990399 367655391 1
1711990399 912541562 1
1711990399 561809352 1
1711990400 115802178 0
1711990400 367655391 1
1711990400 912541562 1
1711990401 561809352 1
1711990401 115802178 0
1711990401 367655391 1
1711990401 912541562 1
1711990402 561809352 1
1711990402 115802178 0
1711990403 367655391 1
1711990403 561809352 1
1711990403 115802178 0
1711990404 367655391 1
1711990404 561809352 1
1711990405 115802178 0
1711990405 367655391 1
1711990405 561809352 1
1711990406 367655391 1
1711990406 115802178 0
1711990406 561809352 1
1711990407 367655391 1
1711990407 115802178 0
1711990408 561809352 1
1711990408 367655391 1
1711990409 115802178 0
1711990410 367655391 1
1711990410 115802178 0
1711990411 367655391 1
1711990411 912541562 1
1711990411 115802178 0
1711990412 367655391 1
1711990412 912541562 1
1711990412 115802178 0
1711990413 367655391 1
1711990413 912541562 1
1711990414 115802178 0
1711990414 367655391 1
1711990414 912541562 1
1711990415 115802178 0
1711990415 367655391 1
1711990415 912541562 1
1711990416 288042927 0
1711990416 115802178 0
1711990416 367655391 1
1711990416 912541562 1
1711990417 288042927 0
1711990417 115802178 0
1711990418 912541562 1
1711990418 367655391 1
1711990419 288042927 0
1711990419 115802178 0
1711990419 367655391 1
1711990420 367655391 1
1711990420 115802178 0
1711990420 288042927 0
1711990421 367655391 1
1711990422 367655391 1
1711990423 595051624 0
1711990423 367655391 1
1711990424 595051624 0
1711990424 367655391 1
1711990425 595051624 1
1711990426 367655391 1
1711990426 595051624 1
1711990428 595051624 1
1711990429 595051624 1
1711990430 595051624 1
1711990431 595051624 1
1711990432 595051624 1
1711990433 288042927 0
1711990433 595051624 0
1711990434 595051624 0
1711990434 288042927 0
1711990435 595051624 0
1711990436 288042927 0
1711990437 595051624 0
1711990438 595051624 0
1711990438 288042927 0
1711990439 595051624 0
1711990440 288042927 0
1711990440 595051624 1
1711990441 595051624 1
1711990442 595051624 1
1711990443 595051624 1
1711990445 595051624 1
1711990445 288042927 0
1711990446 595051624 1
1711990446 288042927 0
1711990447 595051624 1
1711990448 595051624 1
1711990449 595051624 1
1711990450 595051624 1
1711990451 595051624 1
1711990453 595051624 1
1711990454 595051624 1
1711990454 710448118 1
1711990455 595051624 1
1711990455 710448118 1
1711990456 595051624 1
1711990457 595051624 1
1711990458 710448118 1
1711990458 595051624 1
1711990459 710448118 1
1711990460 595051624 0
1711990460 710448118 1
1711990461 595051624 0
1711990462 710448118 1
1711990462 595051624 0
1711990463 595051624 0
1711990463 710448118 1
1711990464 595051624 0
1711990465 710448118 1
1711990465 596049518 0
1711990465 288042927 0
1711990465 595051624 0
1711990466 710448118 1
1711990467 595051624 0
1711990467 288042927 0
1711990467 596049518 1
1711990467 710448118 1
1711990468 595051624 0
1711990468 596049518 1
1711990468 288042927 0
1711990469 595051624 0
1711990469 596049518 1
1711990470 288042927 0
1711990470 710448118 1
1711990470 595051624 0
1711990471 596049518 1
1711990471 288042927 0
1711990471 595051624 0
1711990472 710448118 1
1711990472 596049518 0
1711990472 595051624 0
1711990472 288042927 0
1711990473 710448118 1
1711990473 595051624 0
1711990475 595051624 0
1711990475 288042927 0
1711990476 595051624 0
1711990476 288042927 0
1711990477 595051624 0
1711990478 288042927 0
1711990478 595051624 0
1711990479 288042927 0
1711990479 595051624 0
1711990480 595051624 0
1711990480 288042927 0
1711990481 595051624 0
1711990482 288042927 0
1711990483 595051624 0
1711990483 288042927 0
1711990484 595051624 0
1711990485 288042927 0
1711990485 595051624 0
1711990486 288042927 0
1711990486 595051624 0
1711990487 595051624 0
1711990487 288042927 0
1711990488 595051624 0
1711990489 288042927 0
1711990490 595051624 0
1711990490 288042927 0
1711990491 595051624 0
1711990492 288042927 0
1711990492 595051624 0
1711990493 595051624 0
1711990493 288042927 0
1711990494 595051624 0
1711990494 288042927 0
1711990495 595051624 0
1711990496 288042927 0
1711990497 595051624 0
1711990497 288042927 0
1711990498 595051624 0
1711990499 288042927 0
1711990499 595051624 0
1711990500 288042927 0
1711990500 595051624 0
1711990501 595051624 0
1711990501 288042927 0
1711990502 595051624 0
1711990503 288042927 0
1711990503 595051624 0
1711990504 288042927 0
1711990505 595051624 0
1711990505 288042927 0
1711990506 595051624 0
1711990507 595051624 0
1711990507 288042927 0
1711990508 595051624 0
1711990508 288042927 0
1711990509 595051624 0
1711990510 288042927 0
1711990510 595051624 0
1711990511 288042927 0
1711990511 595051624 0
1711990512 288042927 0
1711990513 595051624 0
1711990514 595051624 0
1711990514 288042927 0
1711990515 595051624 0
1711990515 288042927 0
1711990516 595051624 0
1711990517 288042927 0
1711990517 595051624 0
1711990518 288042927 0
1711990518 595051624 0
1711990519 595051624 0
1711990520 288042927 0
1711990520 595051624 0
1711990521 288042927 0
1711990522 595051624 0
1711990522 288042927 0
1711990523 595051624 0
1711990524 288042927 0
1711990524 595051624 0
1711990525 595051624 0
1711990525 288042927 0
1711990526 595051624 0
1711990527 288042927 0
1711990527 595051624 0
1711990528 288042927 0
1711990528 595051624 0
1711990530 595051624 0
1711990530 288042927 0
1711990531 595051624 0
1711990531 288042927 0
1711990532 595051624 0
1711990533 288042927 0
1711990533 595051624 0
1711990534 288042927 0
1711990534 595051624 0
1711990535 595051624 0
1711990536 288042927 0
1711990536 595051624 0
1711990537 288042927 0
1711990538 595051624 0
1711990539 288042927 0
1711990539 595051624 0
1711990540 595051624 0
1711990540 288042927 0
1711990541 595051624 0
1711990541 288042927 0
1711990542 595051624 0
1711990543 288042927 0
1711990543 595051624 0
1711990544 288042927 0
1711990545 595051624 0
1711990546 595051624 0
1711990546 288042927 0
1711990547 595051624 0
1711990547 288042927 0
1711990548 595051624 0
1711990549 288042927 0
1711990549 595051624 0
1711990550 288042927 0
1711990550 595051624 0
1711990551 288042927 0
1711990551 595051624 0
1711990553 595051624 0
1711990553 288042927 0
1711990554 595051624 0
1711990554 288042927 0
1711990555 595051624 0
1711990556 288042927 0
1711990556 595051624 0
1711990557 595051624 0
1711990557 288042927 0
1711990558 595051624 0
1711990559 288042927 0
1711990559 595051624 0
1711990560 288042927 0
1711990561 595051624 0
1711990561 288042927 0
1711990562 595051624 0
1711990563 595051624 0
1711990563 288042927 0
1711990564 595051624 0
1711990564 288042927 0
1711990565 595051624 0
1711990566 288042927 0
1711990566 595051624 0
1711990567 288042927 0
1711990567 595051624 0
1711990568 288042927 0
1711990569 595051624 0
1711990570 595051624 0
1711990570 288042927 0
1711990571 595051624 0
1711990571 288042927 0
1711990572 595051624 0
1711990573 288042927 0
1711990573 595051624 0
1711990574 288042927 0
1711990574 595051624 0
1711990576 595051624 0
1711990576 288042927 1
1711990577 595051624 0
1711990577 288042927 0
1711990578 595051624 0
1711990579 595051624 0
1711990579 482568952 0
1711990580 595051624 0
1711990580 482568952 1
1711990581 595051624 0
1711990581 482568952 0
1711990582 595051624 0
1711990584 595051624 0
1711990585 595051624 0
1711990586 595051624 0
1711990587 595051624 0
1711990589 595051624 0
1711990590 595051624 0
1711990590 127538646 1
1711990591 595051624 0
1711990592 127538646 1
1711990593 595051624 0
1711990593 127538646 1
1711990594 595051624 0
1711990594 127538646 1
1711990595 595051624 0
1711990595 127538646 1
1711990596 595051624 0
1711990596 127538646 1
1711990597 595051624 0
1711990598 127538646 1
1711990598 595051624 0
1711990599 127538646 1
1711990600 595051624 0
1711990600 127538646 1
1711990601 595051624 0
1711990601 127538646 1
1711990602 595051624 0
1711990602 127538646 1
1711990603 595051624 0
1711990604 127538646 1
1711990604 595051624 0
1711990605 127538646 1
1711990605 595051624 0
1711990606 127538646 1
1711990606 595051624 0
1711990607 538657682 1
1711990607 127538646 1
1711990608 595051624 0
1711990608 538657682 1
1711990608 127538646 1
1711990609 595051624 0
1711990609 538657682 1
1711990610 127538646 1
1711990610 595051624 0
1711990610 538657682 1
1711990611 127538646 1
1711990611 595051624 0
1711990612 538657682 1
1711990612 127538646 1
1711990612 595051624 0
1711990613 538657682 1
1711990613 127538646 1
1711990613 595051624 0
1711990614 127538646 1
1711990614 595051624 0
1711990615 127538646 1
1711990616 595051624 0
1711990617 127538646 1
1711990617 595051624 0
1711990618 127538646 0
1711990618 595051624 0
1711990619 595051624 0
1711990620 595051624 0
1711990621 595051624 0
1711990622 595051624 0
1711990624 595051624 0
1711990625 595051624 0
1711990626 595051624 0
1711990627 595051624 0
1711990628 595051624 0
1711990629 595051624 0
1711990631 595051624 0
1711990632 595051624 0
1711990633 595051624 0
1711990633 937481594 1
1711990634 595051624 0
1711990634 937481594 1
1711990635 595051624 0
1711990636 937481594 1
1711990636 595051624 0
1711990637 937481594 1
1711990638 595051624 0
1711990639 937481594 0
1711990639 595051624 0
1711990640 595051624 0
1711990640 937481594 1
1711990641 595051624 0
1711990641 937481594 0
1711990642 595051624 0
1711990643 595051624 0
1711990644 937481594 0
1711990644 595051624 0
1711990645 937481594 0
1711990646 595051624 0
1711990647 937481594 1
1711990647 595051624 0
1711990648 595051624 0
1711990648 937481594 1
1711990649 595051624 0
1711990649 937481594 1
1711990650 115802178 0
1711990650 595051624 0
1711990650 937481594 1
1711990651 115802178 0
1711990651 595051624 0
1711990652 937481594 0
1711990652 595051624 0
1711990653 937481594 0
1711990654 595051624 0
1711990654 937481594 1
1711990655 595051624 0
1711990655 937481594 1
1711990656 595051624 0
1711990656 937481594 1
1711990657 595051624 0
1711990658 595051624 0
1711990659 595051624 0
1711990661 595051624 0
1711990662 595051624 0
1711990662 937481594 1
1711990663 595051624 0
1711990663 937481594 1
1711990664 595051624 0
1711990664 937481594 1
1711990665 595051624 0
1711990665 937481594 1
1711990666 595051624 0
1711990667 937481594 1
1711990668 595051624 0
1711990668 937481594 0
1711990669 595051624 0
1711990669 937481594 0
1711990670 595051624 0
1711990670 937481594 0
1711990671 595051624 0
1711990672 937481594 0
1711990672 595051624 0
1711990673 937481594 0
1711990673 595051624 0
1711990674 937481594 0
1711990674 595051624 0
1711990675 937481594 0
1711990676 595051624 0
1711990677 937481594 0
1711990677 595051624 0
1711990678 937481594 0
1711990678 595051624 0
1711990679 937481594 0
1711990679 595051624 0
1711990680 937481594 0
1711990680 595051624 0
1711990681 595051624 0
1711990681 937481594 0
1711990682 595051624 0
1711990683 937481594 0
1711990684 595051624 0
1711990684 937481594 0
1711990684 654332906 1
1711990684 495164811 0
1711990685 595051624 0
1711990685 654332906 1
1711990685 937481594 0
1711990685 495164811 0
1711990686 595051624 0
1711990686 654332906 1
1711990686 937481594 0
1711990687 495164811 0
1711990687 850174114 1
1711990687 595051624 0
1711990687 654332906 1
1711990687 937481594 0
1711990688 495164811 0
1711990688 850174114 1
1711990688 595051624 0
1711990688 654332906 1
1711990689 937481594 0
1711990689 850174114 1
1711990689 495164811 0
1711990689 595051624 0
1711990689 654332906 1
1711990690 937481594 0
1711990690 850174114 1
1711990690 495164811 0
1711990690 595051624 0
1711990691 654332906 1
1711990691 937481594 0
1711990691 850174114 1
1711990691 495164811 0
1711990692 595051624 0
1711990692 654332906 1
1711990692 937481594 0
1711990692 850174114 1
1711990693 595051624 0
1711990693 654332906 1
1711990693 495164811 0
1711990694 850174114 1
1711990694 937481594 0
1711990694 595051624 0
1711990694 654332906 1
1711990694 495164811 0
1711990695 850174114 1
1711990695 937481594 0
1711990695 595051624 0
1711990695 654332906 1
1711990696 495164811 0
1711990696 850174114 1
1711990696 937481594 0
1711990696 654332906 1
1711990696 595051624 0
1711990697 495164811 0
1711990697 850174114 1
1711990697 937481594 0
1711990697 654332906 1
1711990697 595051624 0
1711990698 495164811 0
1711990698 850174114 1
1711990698 937481594 0
1711990698 654332906 1
1711990699 595051624 0
1711990699 495164811 0
1711990699 850174114 1
1711990700 654332906 1
1711990700 937481594 0
1711990700 595051624 0
1711990700 495164811 0
1711990700 850174114 1
1711990701 654332906 1
1711990701 595051624 0
1711990701 937481594 0
1711990701 495164811 0
1711990702 850174114 1
1711990702 654332906 1
1711990702 595051624 0
1711990702 937481594 0
1711990703 495164811 0
1711990703 850174114 1
1711990703 654332906 1
1711990703 595051624 0
1711990703 937481594 0
1711990704 850174114 1
1711990704 654332906 0
1711990704 595051624 0
1711990704 937481594 0
1711990705 850174114 1
1711990705 595051624 0
1711990706 937481594 0
1711990706 850174114 1
1711990706 595051624 0
1711990707 937481594 0
1711990707 850174114 1
1711990708 595051624 0
1711990708 937481594 0
1711990708 850174114 1
1711990709 595051624 0
1711990710 850174114 1
1711990710 595051624 0
1711990711 850174114 1
1711990711 595051624 0
1711990712 850174114 1
1711990712 595051624 0
1711990713 850174114 1
1711990713 595051624 0
1711990714 850174114 1
1711990715 595051624 0
1711990715 850174114 1
1711990716 595051624 0
1711990717 850174114 1
1711990717 595051624 0
1711990718 850174114 1
1711990718 595051624 0
1711990719 850174114 1
1711990719 595051624 0
1711990720 850174114 1
1711990721 595051624 0
1711990721 850174114 1
1711990722 595051624 0
1711990723 850174114 1
1711990723 595051624 0
1711990724 850174114 1
1711990724 595051624 0
1711990725 850174114 1
1711990725 595051624 0
1711990726 850174114 1
1711990726 595051624 0
1711990727 850174114 1
1711990728 595051624 0
1711990728 850174114 1
1711990729 595051624 0
1711990730 850174114 1
1711990730 595051624 0
1711990731 850174114 1
1711990731 595051624 0
1711990732 850174114 1
1711990732 595051624 0
1711990733 850174114 1
1711990733 595051624 0
1711990734 850174114 1
1711990734 595051624 0
1711990735 850174114 1
1711990736 595051624 0
1711990737 850174114 1
1711990737 595051624 0
1711990738 850174114 1
1711990738 595051624 0
1711990739 850174114 1
1711990739 595051624 0
1711990740 850174114 1
1711990740 595051624 0
1711990741 850174114 1
1711990741 595051624 0
1711990742 850174114 1
1711990742 595051624 0
1711990743 850174114 1
1711990744 595051624 0
1711990745 850174114 1
1711990745 595051624 0
1711990746 850174114 1
1711990746 595051624 0
1711990747 850174114 1
1711990747 595051624 0
1711990748 850174114 1
1711990748 595051624 0
1711990749 850174114 1
1711990749 595051624 0
1711990750 850174114 1
1711990750 595051624 0
1711990752 595051624 0
1711990752 850174114 0
1711990753 595051624 0
1711990754 595051624 0
1711990754 850174114 0
1711990755 595051624 0
1711990756 595051624 0
1711990756 850174114 0
1711990757 595051624 0
1711990758 850174114 0
1711990758 595051624 0
1711990760 595051624 0
1711990760 850174114 0
1711990761 595051624 0
1711990762 595051624 0
1711990762 850174114 0
1711990763 595051624 0
1711990764 595051624 0
1711990764 850174114 0
1711990765 595051624 0
1711990766 850174114 0
1711990766 595051624 0
1711990768 595051624 0
1711990768 850174114 0
1711990769 595051624 0
1711990770 595051624 0
1711990770 850174114 0
1711990771 595051624 0
1711990772 595051624 0
1711990772 850174114 0
1711990773 595051624 0
1711990774 850174114 0
1711990774 595051624 0
1711990776 595051624 0
1711990776 850174114 0
1711990777 595051624 0
1711990778 595051624 0
1711990778 850174114 0
1711990779 595051624 0
1711990780 850174114 0
1711990780 595051624 0
1711990781 595051624 0
1711990782 850174114 0
1711990783 595051624 0
1711990784 595051624 0
1711990784 850174114 0
1711990785 595051624 0
1711990786 595051624 0
1711990786 850174114 0
1711990787 595051624 0
1711990788 850174114 0
1711990788 595051624 0
1711990789 595051624 0
1711990790 850174114 0
1711990791 595051624 0
1711990792 595051624 0
1711990792 850174114 0
1711990793 595051624 0
1711990794 595051624 0
1711990794 850174114 0
1711990795 595051624 0
1711990796 595051624 0
1711990796 850174114 0
1711990797 595051624 0
1711990798 850174114 0
1711990799 595051624 0
1711990800 595051624 0
1711990800 850174114 0
1711990801 595051624 0
1711990802 595051624 0
1711990802 850174114 0
1711990803 595051624 0
1711990804 850174114 0
1711990804 595051624 0
1711990805 865689105 1
1711990805 595051624 0
1711990806 865689105 1
1711990806 850174114 0
1711990807 595051624 0
1711990807 865689105 1
1711990808 595051624 0
1711990808 850174114 0
1711990808 865689105 1
1711990809 595051624 0
1711990809 865689105 1
1711990810 595051624 0
1711990810 850174114 0
1711990811 865689105 1
1711990811 595051624 0
1711990812 850174114 0
1711990812 865689105 1
1711990812 595051624 0
1711990813 865689105 1
1711990813 595051624 0
1711990814 850174114 0
1711990815 595051624 0
1711990815 865689105 1
1711990816 595051624 0
1711990816 865689105 1
1711990816 115802178 0
1711990816 850174114 0
1711990817 595051624 0
1711990817 865689105 1
1711990818 595051624 0
1711990818 865689105 1
1711990818 850174114 0
1711990819 595051624 0
1711990820 850174114 0
1711990820 595051624 0
1711990821 595051624 0
1711990822 850174114 0
1711990823 595051624 0
1711990824 595051624 0
1711990824 850174114 0
1711990825 595051624 0
1711990826 595051624 0
1711990826 850174114 0
1711990827 595051624 0
1711990828 850174114 0
1711990828 595051624 0
1711990830 595051624 0
1711990830 850174114 0
1711990831 595051624 0
1711990831 33014719 1
1711990832 595051624 0
1711990832 33014719 1
1711990832 850174114 0
1711990833 595051624 0
1711990833 33014719 1
1711990834 595051624 0
1711990834 850174114 0
1711990835 33014719 1
1711990835 595051624 0
1711990836 33014719 1
1711990836 850174114 0
1711990836 595051624 0
1711990838 595051624 0
1711990838 33014719 1
1711990838 850174114 0
1711990839 595051624 0
1711990839 33014719 1
1711990840 595051624 0
1711990840 850174114 0
1711990840 33014719 1
1711990841 595051624 0
1711990842 33014719 1
1711990842 850174114 0
1711990842 595051624 0
1711990843 33014719 1
1711990843 595051624 0
1711990844 33014719 1
1711990844 850174114 0
1711990845 595051624 0
1711990845 33014719 1
1711990846 595051624 0
1711990846 850174114 0
1711990846 33014719 1
1711990847 595051624 0
1711990848 33014719 1
1711990848 595051624 0
1711990848 850174114 0
1711990849 33014719 1
1711990849 595051624 0
1711990850 850174114 0
1711990850 33014719 1
1711990850 595051624 0
1711990851 33014719 1
1711990852 595051624 0
1711990852 850174114 0
1711990853 595051624 0
1711990854 33014719 1
1711990854 850174114 0
1711990855 595051624 0
1711990855 33014719 1
1711990856 595051624 0
1711990856 850174114 0
1711990856 33014719 1
1711990857 595051624 0
1711990858 33014719 1
1711990858 595051624 0
1711990858 850174114 0
1711990859 33014719 1
1711990859 595051624 0
1711990860 850174114 0
1711990860 595051624 0
1711990862 595051624 0
1711990862 850174114 0
1711990863 595051624 0
1711990864 595051624 0
1711990864 850174114 0
1711990865 595051624 0
1711990866 595051624 0
1711990866 850174114 0
1711990867 595051624 0
1711990868 850174114 0
1711990868 595051624 0
1711990870 595051624 0
1711990870 850174114 0
1711990871 595051624 0
1711990872 595051624 0
1711990872 850174114 0
1711990873 595051624 0
1711990874 595051624 0
1711990874 850174114 0
1711990875 595051624 0
1711990876 850174114 0
1711990877 595051624 0
1711990878 595051624 0
1711990878 850174114 0
1711990879 595051624 0
1711990880 595051624 0
1711990880 850174114 0
1711990881 595051624 0
1711990882 850174114 0
1711990882 595051624 0
1711990883 595051624 0
1711990884 850174114 0
1711990885 595051624 0
1711990886 595051624 0
1711990887 595051624 0
1711990887 850174114 0
1711990888 595051624 0
1711990889 850174114 0
1711990889 595051624 0
1711990890 595051624 0
1711990891 850174114 0
1711990892 595051624 0
1711990893 595051624 0
1711990893 850174114 0
1711990894 595051624 0
1711990895 595051624 0
1711990895 850174114 0
1711990896 595051624 0
1711990897 595051624 0
1711990898 850174114 0
1711990899 595051624 0
1711990899 850174114 0
1711990900 595051624 0
1711990901 595051624 0
1711990901 850174114 0
1711990902 595051624 0
1711990903 595051624 0
1711990903 850174114 0
1711990904 595051624 0
1711990905 850174114 0
1711990905 595051624 0
1711990907 595051624 0
1711990907 850174114 0
1711990908 595051624 0
1711990909 595051624 0
1711990909 850174114 0
1711990910 595051624 0
1711990911 595051624 0
1711990911 850174114 0
1711990912 595051624 0
1711990913 850174114 0
1711990913 595051624 0
1711990915 595051624 0
1711990915 850174114 0
1711990916 595051624 0
1711990917 595051624 0
1711990917 850174114 0
1711990918 595051624 0
1711990919 595051624 0
1711990919 850174114 0
1711990920 595051624 0
1711990921 850174114 0
1711990921 595051624 0
1711990923 595051624 0
1711990923 850174114 0
1711990924 595051624 0
1711990925 595051624 0
1711990925 850174114 0
1711990926 595051624 0
1711990927 850174114 0
1711990927 595051624 0
1711990928 595051624 0
1711990929 850174114 0
1711990930 595051624 0
1711990931 595051624 0
1711990931 850174114 0
1711990932 595051624 0
1711990933 595051624 0
1711990933 850174114 0
1711990934 595051624 0
1711990935 595051624 0
1711990935 850174114 0
1711990936 595051624 0
1711990937 850174114 0
1711990938 595051624 0
1711990939 595051624 0
1711990939 850174114 0
1711990940 595051624 0
1711990941 595051624 0
1711990941 850174114 0
1711990942 595051624 0
1711990943 850174114 0
1711990943 595051624 0
1711990944 595051624 0
1711990945 850174114 0
1711990946 595051624 0
1711990947 595051624 0
1711990947 850174114 0
1711990948 595051624 0
1711990949 595051624 0
1711990949 850174114 0
1711990950 595051624 0
1711990951 595051624 0
1711990951 850174114 0
1711990952 595051624 0
1711990953 850174114 0
1711990954 595051624 0
1711990955 595051624 0
1711990955 850174114 0
1711990956 595051624 0
1711990957 595051624 0
1711990957 850174114 0
1711990958 595051624 0
1711990959 850174114 0
1711990959 595051624 0
1711990960 595051624 0
1711990961 850174114 0
1711990962 595051624 0
1711990963 595051624 0
1711990963 850174114 0
1711990964 595051624 0
1711990965 595051624 0
1711990965 850174114 0
1711990966 595051624 0
1711990967 850174114 0
1711990967 595051624 0
1711990968 595051624 0
1711990969 850174114 0
1711990970 595051624 0
1711990971 595051624 0
1711990971 850174114 0
1711990972 595051624 0
1711990973 595051624 0
1711990973 850174114 0
1711990974 595051624 0
1711990975 850174114 0
1711990975 595051624 0
1711990977 595051624 0
1711990977 850174114 0
1711990978 595051624 0
1711990979 595051624 0
1711990979 850174114 0
1711990980 595051624 0
1711990981 595051624 0
1711990981 850174114 0
1711990982 595051624 0
1711990983 850174114 0
1711990983 595051624 0
1711990985 595051624 0
1711990985 850174114 0
1711990986 595051624 0
1711990987 638963954 1
1711990987 595051624 0
1711990987 850174114 0
1711990988 638963954 1
1711990988 595051624 0
1711990989 638963954 1
1711990989 595051624 0
1711990989 850174114 0
1711990990 638963954 1
1711990990 595051624 0
1711990991 638963954 1
1711990991 850174114 0
1711990991 595051624 0
1711990992 638963954 1
1711990993 595051624 0
1711990993 850174114 0
1711990993 638963954 1
1711990994 595051624 0
1711990995 638963954 1
1711990995 595051624 0
1711990995 850174114 0
1711990996 638963954 1
1711990996 595051624 0
1711990997 638963954 1
1711990997 595051624 0
1711990997 850174114 0
1711990998 595051624 0
1711990998 638963954 0
1711990999 850174114 0
1711990999 595051624 0
1711990999 638963954 0
1711991000 595051624 0
1711991001 638963954 1
1711991001 850174114 0
1711991002 595051624 0
1711991002 638963954 1
1711991003 595051624 0
1711991003 638963954 1
1711991003 850174114 0
1711991004 595051624 0
1711991004 638963954 0
1711991005 595051624 0
1711991005 850174114 0
1711991005 638963954 0
1711991006 595051624 0
1711991007 638963954 0
1711991007 850174114 0
1711991007 595051624 0
1711991008 638963954 0
1711991008 595051624 0
1711991009 638963954 0
1711991009 850174114 0
1711991010 595051624 0
1711991010 638963954 0
1711991011 595051624 0
1711991011 850174114 0
1711991012 638963954 0
1711991012 595051624 0
1711991013 638963954 0
1711991013 595051624 0
1711991013 850174114 0
1711991014 595051624 0
1711991014 638963954 0
1711991015 850174114 0
1711991015 595051624 0
1711991015 638963954 0
1711991016 595051624 0
1711991017 638963954 0
1711991017 850174114 0
1711991018 595051624 0
1711991018 638963954 0
1711991019 595051624 0
1711991019 850174114 0
1711991019 638963954 0
1711991020 595051624 0
1711991021 638963954 0
1711991021 595051624 0
1711991021 850174114 0
1711991022 638963954 0
1711991022 595051624 0
1711991023 850174114 0
1711991023 595051624 0
1711991025 595051624 0
1711991025 850174114 0
1711991026 595051624 0
1711991027 595051624 0
1711991027 850174114 0
1711991028 595051624 0
1711991029 595051624 0
1711991029 850174114 0
1711991030 595051624 0
1711991031 850174114 0
1711991032 595051624 0
1711991033 595051624 0
1711991033 850174114 0
1711991034 595051624 0
1711991035 595051624 0
1711991035 850174114 0
1711991036 857842819 1
1711991036 595051624 0
1711991037 857842819 1
1711991037 595051624 0
1711991037 850174114 0
1711991038 857842819 1
1711991038 595051624 0
1711991039 857842819 1
1711991039 850174114 0
1711991039 595051624 0
1711991040 857842819 1
1711991041 595051624 0
1711991041 850174114 0
1711991042 857842819 1
1711991042 595051624 0
1711991043 857842819 1
1711991043 595051624 0
1711991043 850174114 0
1711991044 857842819 1
1711991044 595051624 0
1711991045 850174114 0
1711991045 857842819 1
1711991046 595051624 0
1711991047 857842819 1
1711991047 595051624 0
1711991048 857842819 1
1711991048 850174114 0
1711991049 595051624 0
1711991049 857842819 1
1711991050 595051624 0
1711991050 850174114 0
1711991050 857842819 1
1711991051 595051624 0
1711991052 857842819 1
1711991052 595051624 0
1711991052 850174114 0
1711991053 857842819 1
1711991053 595051624 0
1711991054 857842819 1
1711991054 850174114 0
1711991054 595051624 0
1711991055 857842819 1
1711991056 595051624 0
1711991056 850174114 0
1711991056 857842819 1
1711991057 595051624 0
1711991058 857842819 1
1711991058 595051624 0
1711991058 850174114 0
1711991059 857842819 1
1711991059 595051624 0
1711991060 857842819 1
1711991060 595051624 0
1711991060 850174114 0
1711991061 595051624 0
1711991061 857842819 1
1711991062 850174114 0
1711991062 595051624 0
1711991062 857842819 1
1711991063 595051624 0
1711991063 857842819 1
1711991064 850174114 0
1711991065 595051624 0
1711991065 857842819 1
1711991066 595051624 0
1711991066 857842819 1
1711991066 850174114 0
1711991067 595051624 0
1711991067 857842819 1
1711991068 595051624 0
1711991068 850174114 0
1711991068 857842819 1
1711991069 595051624 0
1711991070 857842819 1
1711991070 850174114 0
1711991070 595051624 0
1711991071 857842819 1
1711991071 595051624 0
1711991072 857842819 1
1711991072 850174114 0
1711991073 595051624 0
1711991073 857842819 1
1711991074 595051624 0
1711991074 850174114 0
1711991074 857842819 1
1711991075 595051624 0
1711991076 857842819 1
1711991076 595051624 0
1711991076 850174114 0
1711991077 857842819 1
1711991077 595051624 0
1711991078 857842819 1
1711991078 850174114 0
1711991078 595051624 0
1711991079 857842819 1
1711991079 595051624 0
1711991080 850174114 0
1711991081 857842819 1
1711991081 595051624 0
1711991082 595051624 0
1711991082 857842819 1
1711991082 850174114 0
1711991083 595051624 0
1711991083 857842819 1
1711991084 595051624 0
1711991084 857842819 1
1711991084 850174114 0
1711991085 595051624 0
1711991085 857842819 1
1711991086 850174114 0
1711991086 595051624 0
1711991087 857842819 1
1711991088 595051624 0
1711991088 857842819 1
1711991088 850174114 0
1711991089 595051624 0
1711991089 857842819 1
1711991090 595051624 0
1711991090 850174114 0
1711991090 857842819 1
1711991091 595051624 0
1711991092 857842819 1
1711991092 595051624 0
1711991092 850174114 0
1711991093 857842819 1
1711991093 595051624 0
1711991094 857842819 1
1711991094 850174114 0
1711991094 595051624 0
1711991095 857842819 1
1711991096 595051624 0
1711991096 850174114 0
1711991097 857842819 1
1711991097 595051624 0
1711991098 857842819 1
1711991098 595051624 0
1711991098 850174114 0
1711991099 857842819 1
1711991099 595051624 0
1711991100 857842819 1
1711991100 595051624 0
1711991100 850174114 0
1711991101 857842819 1
1711991101 595051624 0
1711991102 850174114 0
1711991102 857842819 1
1711991102 595051624 0
1711991104 595051624 0
1711991104 857842819 1
1711991104 850174114 0
1711991105 595051624 0
1711991105 857842819 1
1711991106 595051624 0
1711991106 857842819 1
1711991106 850174114 0
1711991107 595051624 0
1711991107 857842819 1
1711991108 850174114 0
1711991108 595051624 0
1711991109 857842819 1
1711991109 595051624 0
1711991110 857842819 1
1711991110 850174114 0
1711991111 595051624 0
1711991111 857842819 1
1711991112 595051624 0
1711991112 247169294 0
1711991112 850174114 0
1711991112 857842819 1
1711991113 595051624 0
1711991113 247169294 1
1711991113 857842819 1
1711991114 595051624 0
1711991114 850174114 0
1711991114 247169294 1
1711991115 857842819 1
1711991115 595051624 0
1711991116 247169294 1
1711991116 857842819 1
1711991116 595051624 0
1711991116 850174114 0
1711991117 247169294 1
1711991117 857842819 1
1711991117 595051624 0
1711991118 247169294 1
1711991118 857842819 1
1711991118 850174114 0
1711991119 595051624 0
1711991119 247169294 1
1711991119 857842819 1
1711991120 595051624 0
1711991120 850174114 0
1711991121 247169294 1
1711991121 857842819 1
1711991121 595051624 0
1711991122 247169294 0
1711991122 595051624 0
1711991122 857842819 1
1711991122 850174114 0
1711991123 247169294 0
1711991123 595051624 0
1711991123 857842819 1
1711991124 595051624 0
1711991124 850174114 0
1711991124 247169294 0
1711991124 857842819 1
1711991125 595051624 0
1711991126 857842819 1
1711991126 850174114 0
1711991127 595051624 0
1711991127 857842819 1
1711991128 595051624 0
1711991128 857842819 1
1711991128 850174114 0
1711991129 595051624 0
1711991129 857842819 1
1711991130 595051624 0
1711991130 850174114 0
1711991130 857842819 1
1711991131 595051624 0
1711991132 857842819 1
1711991132 595051624 0
1711991132 850174114 0
1711991133 857842819 1
1711991133 595051624 0
1711991134 857842819 1
1711991134 850174114 0
1711991135 595051624 0
1711991135 247169294 0
1711991135 247169294 0
1711991135 857842819 1
1711991136 595051624 0
1711991136 247169294 0
1711991136 247169294 1
1711991136 850174114 0
1711991136 857842819 1
1711991137 595051624 0
1711991137 247169294 0
1711991137 247169294 1
1711991138 857842819 1
1711991138 595051624 0
1711991138 850174114 0
1711991138 247169294 1
1711991138 247169294 0
1711991139 857842819 1
1711991139 595051624 0
1711991140 247169294 1
1711991140 247169294 0
1711991140 857842819 1
1711991140 850174114 0
1711991141 247169294 0
1711991141 247169294 0
1711991141 857842819 1
1711991141 595051624 0
1711991142 247169294 0
1711991143 595051624 0
1711991143 857842819 1
1711991143 850174114 0
1711991144 595051624 0
1711991144 857842819 1
1711991145 595051624 0
1711991145 857842819 1
1711991145 850174114 0
1711991146 595051624 0
1711991147 857842819 1
1711991147 850174114 0
1711991147 595051624 0
1711991148 857842819 1
1711991148 595051624 0
1711991149 850174114 0
1711991150 595051624 0
1711991150 857842819 1
1711991151 595051624 0
1711991151 857842819 1
1711991151 850174114 0
1711991152 595051624 0
1711991152 857842819 1
1711991153 595051624 0
1711991153 850174114 0
1711991153 857842819 1
1711991154 595051624 0
1711991154 857842819 1
1711991155 850174114 0
1711991155 595051624 0
1711991156 857842819 1
1711991157 595051624 0
1711991157 857842819 1
1711991157 850174114 0
1711991158 595051624 0
1711991158 857842819 1
1711991159 595051624 0
1711991159 850174114 0
1711991159 857842819 1
1711991160 595051624 0
1711991161 857842819 1
1711991161 850174114 0
1711991161 595051624 0
1711991162 857842819 1
1711991163 595051624 0
1711991163 850174114 0
1711991163 857842819 1
1711991163 371774028 1
1711991164 595051624 0
1711991164 857842819 1
1711991165 371774028 1
1711991165 595051624 0
1711991165 850174114 0
1711991166 857842819 1
1711991166 371774028 1
1711991166 595051624 0
1711991167 857842819 1
1711991167 371774028 1
1711991167 595051624 0
1711991167 850174114 0
1711991168 371774028 1
1711991168 857842819 1
1711991168 595051624 0
1711991169 371774028 1
1711991169 850174114 0
1711991169 857842819 1
1711991169 595051624 0
1711991170 371774028 1
1711991171 857842819 1
1711991171 595051624 0
1711991171 850174114 0
1711991172 371774028 1
1711991172 595051624 0
1711991172 857842819 1
1711991173 371774028 1
1711991173 595051624 0
1711991173 857842819 1
1711991173 850174114 0
1711991174 371774028 1
1711991174 595051624 0
1711991174 857842819 1
1711991175 371774028 1
1711991175 850174114 0
1711991175 595051624 0
1711991176 857842819 1
1711991176 595051624 0
1711991177 857842819 1
1711991177 850174114 0
1711991178 595051624 0
1711991178 857842819 1
1711991179 595051624 0
1711991179 857842819 1
1711991179 850174114 0
1711991180 595051624 0
1711991180 857842819 1
1711991181 595051624 0
1711991181 850174114 0
1711991181 857842819 1
1711991182 595051624 0
1711991183 857842819 1
1711991183 850174114 0
1711991183 595051624 0
1711991184 857842819 1
1711991184 595051624 0
1711991185 857842819 1
1711991185 850174114 0
1711991186 595051624 0
1711991186 857842819 1
1711991187 595051624 0
1711991187 850174114 0
1711991188 857842819 1
1711991188 595051624 0
1711991189 857842819 1
1711991189 595051624 0
1711991189 850174114 0
1711991190 595051624 0
1711991190 857842819 1
1711991191 850174114 0
1711991191 595051624 0
1711991191 857842819 1
1711991192 595051624 0
1711991193 857842819 1
1711991193 850174114 0
1711991194 595051624 0
1711991194 857842819 1
1711991195 595051624 0
1711991195 857842819 1
1711991195 850174114 0
1711991196 595051624 0
1711991196 857842819 1
1711991197 595051624 0
1711991197 850174114 0
1711991197 857842819 1
1711991198 595051624 0
1711991198 857842819 1
1711991199 595051624 0
1711991199 850174114 0
1711991200 857842819 1
1711991200 595051624 0
1711991201 857842819 1
1711991201 850174114 0
1711991202 595051624 0
1711991202 857842819 1
1711991203 595051624 0
1711991203 857842819 1
1711991203 850174114 0
1711991204 595051624 0
1711991205 857842819 1
1711991205 595051624 0
1711991205 850174114 0
1711991206 857842819 1
1711991206 595051624 0
1711991207 857842819 1
1711991207 595051624 0
1711991207 850174114 0
1711991208 857842819 1
1711991208 595051624 0
1711991209 850174114 0
1711991209 857842819 1
1711991210 595051624 0
1711991210 857842819 1
1711991211 595051624 0
1711991211 850174114 0
1711991212 857842819 1
1711991212 595051624 0
1711991213 857842819 1
1711991213 595051624 0
1711991213 850174114 0
1711991214 857842819 1
1711991214 595051624 0
1711991215 595051624 0
1711991215 850174114 0
1711991215 857842819 1
1711991216 595051624 0
1711991216 857842819 1
1711991217 850174114 0
1711991217 595051624 0
1711991218 857842819 1
1711991219 595051624 0
1711991219 857842819 1
1711991219 850174114 0
1711991220 595051624 0
1711991220 857842819 1
1711991221 595051624 0
1711991221 857842819 1
1711991221 850174114 0
1711991222 595051624 0
1711991222 857842819 1
1711991223 595051624 0
1711991223 850174114 0
1711991223 857842819 1
1711991224 595051624 0
1711991224 857842819 1
1711991225 850174114 0
1711991225 595051624 0
1711991226 857842819 1
1711991227 595051624 0
1711991227 857842819 1
1711991227 850174114 0
1711991228 595051624 0
1711991228 857842819 1
1711991229 595051624 0
1711991229 850174114 0
1711991229 857842819 1
1711991230 595051624 0
1711991230 857842819 1
1711991231 850174114 0
1711991231 595051624 0
1711991232 857842819 1
1711991232 595051624 0
1711991233 857842819 1
1711991233 850174114 0
1711991234 595051624 0
1711991234 857842819 1
1711991235 595051624 0
1711991235 850174114 0
1711991235 857842819 1
1711991236 595051624 0
1711991237 857842819 1
1711991237 595051624 0
1711991237 850174114 0
1711991238 857842819 1
1711991238 595051624 0
1711991239 857842819 1
1711991239 850174114 0
1711991239 595051624 0
1711991240 857842819 1
1711991240 595051624 0
1711991241 850174114 0
1711991242 595051624 0
1711991242 857842819 1
1711991243 595051624 0
1711991243 857842819 1
1711991243 850174114 0
1711991244 595051624 0
1711991245 857842819 1
1711991245 595051624 0
1711991245 850174114 0
1711991246 857842819 1
1711991246 595051624 0
1711991247 857842819 1
1711991247 850174114 0
1711991247 595051624 0
1711991248 857842819 1
1711991249 595051624 0
1711991249 850174114 0
1711991250 857842819 1
1711991250 595051624 0
1711991251 857842819 1
1711991251 595051624 0
1711991251 850174114 0
1711991252 595051624 0
1711991252 857842819 1
1711991253 595051624 0
1711991253 850174114 0
1711991253 857842819 1
1711991254 595051624 0
1711991254 857842819 1
1711991255 850174114 0
1711991255 595051624 0
1711991256 857842819 1
1711991257 595051624 0
1711991257 857842819 1
1711991257 850174114 0
1711991258 595051624 0
1711991258 857842819 1
1711991259 595051624 0
1711991259 850174114 0
1711991259 857842819 1
1711991260 595051624 0
1711991261 857842819 1
1711991261 850174114 0
1711991261 595051624 0
1711991262 857842819 1
1711991263 595051624 0
1711991263 857842819 1
1711991263 850174114 0
1711991264 595051624 0
1711991264 857842819 1
1711991265 595051624 0
1711991265 850174114 0
1711991265 857842819 1
1711991266 595051624 0
1711991267 857842819 1
1711991267 850174114 0
1711991267 595051624 0
1711991268 857842819 1
1711991269 595051624 0
1711991269 857842819 1
1711991269 850174114 0
1711991270 595051624 0
1711991270 857842819 1
1711991271 595051624 0
1711991271 850174114 0
1711991271 857842819 1
1711991272 595051624 0
1711991273 857842819 1
1711991273 595051624 0
1711991273 850174114 0
1711991274 857842819 1
1711991274 595051624 0
1711991275 857842819 1
1711991275 850174114 0
1711991276 595051624 0
1711991276 857842819 1
1711991277 595051624 0
1711991277 850174114 0
1711991278 857842819 1
1711991278 595051624 0
1711991279 595051624 0
1711991279 857842819 1
1711991279 850174114 0
1711991280 595051624 0
1711991280 857842819 1
1711991281 595051624 0
1711991281 850174114 0
1711991282 857842819 1
1711991282 595051624 0
1711991283 857842819 1
1711991283 850174114 0
1711991284 595051624 0
1711991284 857842819 1
1711991285 595051624 0
1711991285 850174114 0
1711991285 857842819 1
1711991286 595051624 0
1711991287 857842819 1
1711991287 850174114 0
1711991288 857842819 1
1711991288 595051624 0
1711991289 857842819 1
1711991289 850174114 0
1711991289 595051624 0
1711991290 857842819 1
1711991291 595051624 0
1711991291 857842819 1
1711991291 850174114 0
1711991292 595051624 0
1711991292 857842819 1
1711991293 595051624 0
1711991293 850174114 0
1711991294 857842819 1
1711991294 595051624 0
1711991295 857842819 1
1711991295 595051624 0
1711991295 850174114 0
1711991296 857842819 1
1711991296 595051624 0
1711991297 850174114 0
1711991297 857842819 1
1711991298 595051624 0
1711991298 857842819 1
1711991299 595051624 0
1711991299 850174114 0
1711991300 857842819 1
1711991300 595051624 0
1711991301 857842819 1
1711991301 595051624 0
1711991301 850174114 0
1711991302 857842819 1
1711991302 595051624 0
1711991303 850174114 0
1711991303 595051624 0
1711991303 857842819 1
1711991304 595051624 0
1711991304 857842819 1
1711991305 850174114 0
1711991306 595051624 0
1711991306 857842819 1
1711991307 857842819 1
1711991307 595051624 0
1711991307 850174114 0
1711991308 857842819 1
1711991308 595051624 0
1711991309 850174114 0
1711991309 595051624 0
1711991309 857842819 1
1711991310 115802178 0
1711991310 595051624 0
1711991311 857842819 1
1711991311 850174114 0
1711991312 595051624 0
1711991312 857842819 1
1711991313 595051624 0
1711991313 857842819 1
1711991313 850174114 0
1711991314 595051624 0
1711991314 857842819 1
1711991315 595051624 0
1711991315 857842819 1
1711991315 850174114 0
1711991316 595051624 0
1711991316 857842819 1
1711991317 850174114 0
1711991317 595051624 0
1711991318 857842819 1
1711991318 595051624 0
1711991319 857842819 1
1711991319 850174114 0
1711991320 595051624 0
1711991320 857842819 1
1711991321 595051624 0
1711991321 850174114 0
1711991322 857842819 1
1711991322 595051624 0
1711991323 857842819 1
1711991323 595051624 0
1711991323 850174114 0
1711991324 857842819 1
1711991324 595051624 0
1711991325 857842819 1
1711991325 850174114 0
1711991325 595051624 0
1711991326 857842819 1
1711991327 595051624 0
1711991327 850174114 0
1711991328 857842819 1
1711991328 595051624 0
1711991329 595051624 0
1711991329 857842819 1
1711991329 850174114 0
1711991330 595051624 0
1711991330 857842819 1
1711991331 595051624 0
1711991331 857842819 1
1711991331 850174114 0
1711991332 595051624 0
1711991333 857842819 1
1711991333 850174114 0
1711991334 595051624 0
1711991334 857842819 1
1711991335 595051624 0
1711991335 857842819 1
1711991335 850174114 0
1711991336 595051624 0
1711991336 857842819 1
1711991337 595051624 0
1711991337 850174114 0
1711991337 857842819 1
1711991338 595051624 0
1711991339 857842819 1
1711991339 850174114 0
1711991339 595051624 0
1711991340 857842819 1
1711991340 595051624 0
1711991341 857842819 1
1711991341 850174114 0
1711991342 595051624 0
1711991342 857842819 1
1711991343 595051624 0
1711991343 850174114 0
1711991343 857842819 1
1711991344 595051624 0
1711991345 857842819 1
1711991345 595051624 0
1711991345 850174114 0
1711991346 857842819 1
1711991346 595051624 0
1711991347 857842819 1
1711991347 595051624 0
1711991347 850174114 0
1711991348 857842819 1
1711991348 595051624 0
1711991349 850174114 0
1711991349 595051624 0
1711991350 857842819 1
1711991351 595051624 0
1711991351 857842819 1
1711991351 850174114 0
1711991352 595051624 0
1711991352 857842819 1
1711991353 595051624 0
1711991353 850174114 0
1711991353 857842819 1
1711991354 595051624 0
1711991355 857842819 1
1711991355 595051624 0
1711991355 850174114 0
1711991356 857842819 1
1711991356 595051624 0
1711991357 857842819 1
1711991357 850174114 0
1711991358 595051624 0
1711991358 857842819 1
1711991359 595051624 0
1711991359 850174114 0
1711991360 857842819 1
1711991360 595051624 0
1711991361 857842819 1
1711991361 595051624 0
1711991361 850174114 0
1711991362 857842819 1
1711991362 595051624 0
1711991363 850174114 0
1711991363 857842819 1
1711991363 595051624 0
1711991364 595051624 0
1711991365 857842819 1
1711991365 850174114 0
1711991366 595051624 0
1711991366 857842819 1
1711991367 595051624 0
1711991367 857842819 1
1711991367 850174114 0
1711991368 595051624 0
1711991368 857842819 1
1711991369 595051624 0
1711991369 850174114 0
1711991369 857842819 1
1711991370 595051624 0
1711991371 857842819 1
1711991371 850174114 0
1711991371 595051624 0
1711991372 857842819 1
1711991372 595051624 0
1711991373 857842819 1
1711991373 850174114 0
1711991374 595051624 0
1711991374 857842819 1
1711991375 595051624 0
1711991375 850174114 0
1711991376 857842819 1
1711991376 595051624 0
1711991377 857842819 1
1711991377 595051624 0
1711991377 850174114 0
1711991378 857842819 1
1711991378 595051624 0
1711991379 850174114 0
1711991379 857842819 1
1711991379 595051624 0
1711991380 857842819 1
1711991381 595051624 0
1711991381 850174114 0
1711991382 857842819 1
1711991382 595051624 0
1711991383 595051624 0
1711991383 857842819 1
1711991383 850174114 0
1711991384 595051624 0
1711991384 857842819 1
1711991385 595051624 0
1711991385 850174114 0
1711991386 857842819 1
1711991386 595051624 0
1711991387 857842819 1
1711991387 850174114 0
1711991388 595051624 0
1711991388 477955815 1
1711991388 857842819 1
1711991389 595051624 0
1711991389 477955815 1
1711991389 850174114 0
1711991389 857842819 1
1711991390 595051624 0
1711991390 477955815 1
1711991390 857842819 1
1711991391 595051624 0
1711991391 850174114 0
1711991391 477955815 1
1711991392 857842819 1
1711991392 595051624 0
1711991393 477955815 1
1711991393 857842819 1
1711991393 595051624 0
1711991393 850174114 0
1711991394 477955815 1
1711991394 857842819 1
1711991394 595051624 0
1711991395 477955815 1
1711991395 850174114 0
1711991395 857842819 1
1711991395 595051624 0
1711991396 477955815 1
1711991396 857842819 1
1711991397 595051624 0
1711991397 850174114 0
1711991397 477955815 1
1711991398 857842819 1
1711991398 595051624 0
1711991398 477955815 1
1711991399 857842819 1
1711991399 595051624 0
1711991399 850174114 0
1711991400 857842819 1
1711991400 595051624 0
1711991401 857842819 1
1711991401 850174114 0
1711991401 595051624 0
1711991402 857842819 1
1711991402 595051624 0
1711991403 850174114 0
1711991404 595051624 0
1711991404 857842819 1
1711991405 595051624 0
1711991405 857842819 1
1711991405 850174114 0
1711991406 595051624 0
1711991406 857842819 1
1711991407 595051624 0
1711991407 857842819 1
1711991407 850174114 0
1711991408 595051624 0
1711991408 857842819 1
1711991409 850174114 0
1711991409 595051624 0
1711991410 857842819 1
1711991410 595051624 0
1711991411 857842819 1
1711991411 850174114 0
1711991412 595051624 0
1711991412 857842819 1
1711991413 595051624 0
1711991413 850174114 0
1711991413 857842819 1
1711991414 595051624 0
1711991415 857842819 1
1711991415 595051624 0
1711991415 850174114 0
1711991416 857842819 1
1711991416 595051624 0
1711991417 857842819 1
1711991417 850174114 0
1711991418 595051624 0
1711991418 857842819 1
1711991419 595051624 0
1711991419 850174114 0
1711991419 857842819 1
1711991420 595051624 0
1711991421 857842819 1
1711991421 595051624 0
1711991421 850174114 0
1711991422 857842819 1
1711991422 595051624 0
1711991423 857842819 1
1711991423 850174114 0
1711991424 595051624 0
1711991424 857842819 1
1711991425 595051624 0
1711991425 850174114 0
1711991425 857842819 1
1711991426 595051624 0
1711991427 857842819 1
1711991427 595051624 0
1711991427 850174114 0
1711991428 857842819 1
1711991428 595051624 0
1711991429 857842819 1
1711991429 850174114 0
1711991430 595051624 0
1711991430 857842819 1
1711991431 595051624 0
1711991431 850174114 0
1711991431 857842819 1
1711991432 595051624 0
1711991433 857842819 1
1711991433 595051624 0
1711991433 850174114 0
1711991434 857842819 1
1711991434 595051624 0
1711991435 857842819 1
1711991435 595051624 0
1711991435 850174114 0
1711991436 857842819 1
1711991436 595051624 0
1711991437 850174114 0
1711991438 595051624 0
1711991438 857842819 1
1711991439 595051624 0
1711991439 857842819 1
1711991439 850174114 0
1711991440 595051624 0
1711991440 857842819 1
1711991441 595051624 0
1711991441 850174114 0
1711991441 857842819 1
1711991442 595051624 0
1711991443 857842819 1
1711991443 850174114 0
1711991443 595051624 0
1711991444 857842819 1
1711991444 595051624 0
1711991445 857842819 1
1711991445 850174114 0
1711991446 595051624 0
1711991446 857842819 1
1711991447 595051624 0
1711991447 850174114 0
1711991447 857842819 1
1711991448 595051624 0
1711991449 857842819 1
1711991449 595051624 0
1711991449 850174114 0
1711991450 857842819 1
1711991450 595051624 0
1711991451 857842819 1
1711991451 850174114 0
1711991451 595051624 0
1711991452 857842819 1
1711991453 595051624 0
1711991453 850174114 0
1711991453 857842819 1
1711991454 595051624 0
1711991454 857842819 1
1711991455 595051624 0
1711991455 850174114 0
1711991456 857842819 1
1711991456 595051624 0
1711991457 857842819 1
1711991457 595051624 0
1711991457 850174114 0
1711991458 857842819 1
1711991458 595051624 0
1711991459 857842819 1
1711991459 850174114 0
1711991459 595051624 0
1711991460 857842819 1
1711991461 595051624 0
1711991461 850174114 0
1711991462 857842819 1
1711991462 595051624 0
1711991463 595051624 0
1711991463 857842819 1
1711991463 850174114 0
1711991464 595051624 0
1711991464 857842819 1
1711991465 595051624 0
1711991465 857842819 1
1711991465 850174114 0
1711991466 595051624 0
1711991466 857842819 1
1711991467 850174114 0
1711991467 595051624 0
1711991468 857842819 1
1711991469 595051624 0
1711991469 857842819 1
1711991469 850174114 0
1711991470 595051624 0
1711991470 857842819 1
1711991471 595051624 0
1711991471 857842819 1
1711991471 850174114 0
1711991472 595051624 0
1711991472 857842819 1
1711991473 850174114 0
1711991473 595051624 0
1711991474 850174114 1
1711991474 857842819 1
1711991474 595051624 0
1711991475 850174114 1
1711991475 857842819 1
1711991475 595051624 0
1711991476 850174114 1
1711991476 857842819 1
1711991477 595051624 0
1711991477 850174114 1
1711991478 857842819 1
1711991478 595051624 0
1711991478 850174114 1
1711991478 13993502 0
1711991479 857842819 1
1711991479 595051624 0
1711991479 850174114 0
1711991480 857842819 1
1711991480 595051624 0
1711991480 13993502 0
1711991481 850174114 0
1711991481 595051624 0
1711991481 857842819 1
1711991482 13993502 0
1711991482 595051624 0
1711991483 857842819 1
1711991483 13993502 1
1711991483 850174114 0
1711991484 595051624 0
1711991484 857842819 1
1711991484 13993502 1
1711991484 409823999 0
1711991485 595051624 0
1711991485 857842819 1
1711991485 850174114 0
1711991485 13993502 1
1711991486 409823999 1
1711991486 595051624 0
1711991486 857842819 1
1711991487 13993502 1
1711991487 409823999 1
1711991487 595051624 0
1711991487 850174114 0
1711991487 857842819 1
1711991488 13993502 1
1711991488 409823999 1
1711991488 595051624 0
1711991489 857842819 1
1711991489 13993502 1
1711991489 409823999 1
1711991489 850174114 0
1711991489 595051624 0
1711991490 857842819 1
1711991490 13993502 1
1711991490 409823999 1
1711991490 595051624 0
1711991491 13993502 1
1711991491 857842819 1
1711991491 850174114 0
1711991492 409823999 1
1711991492 595051624 0
1711991492 13993502 1
1711991492 857842819 1
1711991493 595051624 0
1711991493 409823999 1
1711991493 850174114 0
1711991493 13993502 1
1711991493 857842819 1
1711991494 595051624 0
1711991494 409823999 1
1711991495 13993502 1
1711991495 857842819 1
1711991495 595051624 0
1711991495 850174114 0
1711991496 13993502 1
1711991496 857842819 1
1711991497 595051624 0
1711991497 13993502 1
1711991497 857842819 1
1711991497 850174114 0
1711991498 595051624 0
1711991498 13993502 1
1711991498 857842819 1
1711991499 595051624 0
1711991499 13993502 1
1711991499 850174114 0
1711991500 857842819 1
1711991500 595051624 0
1711991500 409823999 1
1711991500 13993502 1
1711991501 409823999 1
1711991501 857842819 1
1711991501 850174114 0
1711991501 595051624 0
1711991501 13993502 1
1711991502 409823999 0
1711991502 857842819 1
1711991502 595051624 0
1711991503 13993502 1
1711991503 409823999 0
1711991503 857842819 1
1711991503 850174114 0
1711991504 595051624 0
1711991504 13993502 1
1711991504 409823999 0
1711991504 857842819 1
1711991505 595051624 0
1711991505 13993502 1
1711991505 850174114 0
1711991505 409823999 0
1711991506 857842819 1
1711991506 595051624 0
1711991506 13993502 1
1711991507 857842819 1
1711991507 595051624 0
1711991507 13993502 1
1711991507 850174114 0
1711991508 857842819 1
1711991508 595051624 0
1711991508 13993502 1
1711991509 857842819 1
1711991509 595051624 0
1711991509 850174114 0
1711991509 13993502 1
1711991510 595051624 0
1711991510 857842819 1
1711991511 13993502 1
1711991511 850174114 0
1711991512 595051624 0
1711991512 857842819 1
1711991512 13993502 1
1711991513 595051624 0
1711991513 857842819 1
1711991513 13993502 1
1711991513 850174114 0
1711991514 595051624 0
1711991514 857842819 1
1711991514 13993502 1
1711991515 595051624 0
1711991515 850174114 0
1711991515 13993502 1
1711991515 857842819 1
1711991516 595051624 0
1711991517 857842819 1
1711991517 13993502 1
1711991517 850174114 0
1711991518 595051624 0
1711991518 13993502 1
1711991518 857842819 1
1711991519 595051624 0
1711991519 13993502 1
1711991519 857842819 1
1711991519 850174114 0
1711991520 595051624 0
1711991520 13993502 1
1711991520 857842819 1
1711991521 595051624 0
1711991521 850174114 0
1711991521 13993502 1
1711991522 857842819 1
1711991522 595051624 0
1711991523 13993502 1
1711991523 857842819 1
1711991523 850174114 0
1711991523 595051624 0
1711991524 13993502 1
1711991524 857842819 1
1711991525 595051624 0
1711991525 13993502 1
1711991525 857842819 1
1711991525 850174114 0
1711991526 595051624 0
1711991526 13993502 1
1711991526 857842819 1
1711991527 595051624 0
1711991527 13993502 1
1711991527 850174114 0
1711991527 857842819 1
1711991528 595051624 0
1711991528 13993502 1
1711991529 595051624 0
1711991529 850174114 0
1711991529 13993502 1
1711991530 857842819 1
1711991530 595051624 0
1711991531 13993502 1
1711991531 857842819 1
1711991531 850174114 0
1711991531 595051624 0
1711991532 13993502 1
1711991532 857842819 1
1711991533 595051624 0
1711991533 13993502 1
1711991533 850174114 0
1711991533 857842819 1
1711991534 595051624 0
1711991534 13993502 1
1711991535 857842819 1
1711991535 595051624 0
1711991535 13993502 1
1711991535 850174114 0
1711991536 857842819 1
1711991536 595051624 0
1711991536 13993502 1
1711991537 595051624 0
1711991537 857842819 1
1711991537 850174114 0
1711991537 13993502 1
1711991538 595051624 0
1711991538 857842819 1
1711991539 13993502 1
1711991539 850174114 0
1711991539 595051624 0
1711991540 857842819 1
1711991540 13993502 1
1711991541 595051624 0
1711991541 857842819 1
1711991541 13993502 1
1711991541 850174114 0
1711991542 595051624 0
1711991542 13993502 1
1711991542 857842819 1
1711991543 595051624 0
1711991543 13993502 1
1711991543 850174114 0
1711991543 857842819 1
1711991544 595051624 0
1711991545 857842819 1
1711991545 13993502 0
1711991545 595051624 0
1711991545 850174114 0
1711991546 857842819 1
1711991546 595051624 0
1711991546 13993502 0
1711991547 857842819 1
1711991547 850174114 0
1711991547 13993502 1
1711991547 595051624 0
1711991548 857842819 1
1711991549 595051624 0
1711991549 13993502 1
1711991549 850174114 0
1711991549 13993502 1
1711991550 857842819 1
1711991550 595051624 0
1711991550 13993502 1
1711991551 857842819 1
1711991551 595051624 0
1711991551 850174114 0
1711991551 13993502 1
1711991552 595051624 0
1711991552 857842819 1
1711991553 13993502 1
1711991553 595051624 0
1711991553 850174114 0
1711991553 857842819 1
1711991554 13993502 1
1711991554 595051624 0
1711991555 857842819 1
1711991555 13993502 1
1711991555 850174114 0
1711991556 595051624 0
1711991556 857842819 1
1711991556 13993502 1
1711991557 595051624 0
1711991557 857842819 1
1711991557 13993502 1
1711991557 850174114 0
1711991558 595051624 0
1711991558 857842819 1
1711991558 13993502 1
1711991559 595051624 0
1711991559 850174114 0
1711991560 857842819 1
1711991560 13993502 1
1711991560 595051624 0
1711991561 13993502 1
1711991561 857842819 1
1711991561 850174114 0
1711991561 595051624 0
1711991562 13993502 1
1711991562 857842819 1
1711991562 595051624 0
1711991563 675758434 0
1711991563 13993502 1
1711991563 857842819 1
1711991563 850174114 0
1711991564 595051624 0
1711991564 13993502 1
1711991564 857842819 1
1711991565 595051624 0
1711991565 850174114 0
1711991565 13993502 1
1711991566 857842819 1
1711991566 595051624 0
1711991566 13993502 1
1711991567 857842819 1
1711991567 595051624 0
1711991567 850174114 0
1711991568 13993502 1
1711991568 857842819 1
1711991568 595051624 0
1711991569 13993502 1
1711991569 857842819 1
1711991569 595051624 0
1711991569 850174114 0
1711991570 13993502 1
1711991570 595051624 0
1711991570 857842819 1
1711991571 13993502 1
1711991571 850174114 0
1711991572 595051624 0
1711991572 857842819 1
1711991572 13993502 1
1711991573 595051624 0
1711991573 857842819 1
1711991573 850174114 0
1711991573 13993502 1
1711991574 595051624 0
1711991574 857842819 1
1711991575 13993502 1
1711991575 595051624 0
1711991575 850174114 0
1711991575 857842819 1
1711991576 13993502 1
1711991576 595051624 0
1711991577 857842819 1
1711991577 13993502 1
1711991577 595051624 0
1711991577 850174114 0
1711991578 857842819 1
1711991578 13993502 1
1711991578 595051624 0
1711991579 13993502 1
1711991579 857842819 1
1711991579 850174114 0
1711991580 595051624 0
1711991580 675758434 0
1711991580 13993502 1
1711991580 857842819 1
1711991581 595051624 0
1711991581 850174114 0
1711991581 13993502 1
1711991581 857842819 1
1711991582 595051624 0
1711991583 13993502 1
1711991583 857842819 1
1711991583 595051624 0
1711991583 850174114 0
1711991584 13993502 1
1711991584 857842819 1
1711991584 595051624 0
1711991585 857842819 1
1711991585 850174114 0
1711991585 595051624 0
1711991585 13993502 0
1711991586 675758434 0
1711991586 857842819 1
1711991586 595051624 0
1711991587 850174114 0
1711991587 13993502 0
1711991587 857842819 1
1711991588 595051624 0
1711991588 675758434 0
1711991589 857842819 1
1711991589 595051624 0
1711991589 850174114 0
1711991589 13993502 0
1711991590 857842819 1
1711991590 595051624 0
1711991590 675758434 0
1711991591 857842819 1
1711991591 595051624 0
1711991591 850174114 0
1711991591 13993502 0
1711991592 595051624 0
1711991592 675758434 0
1711991592 857842819 1
1711991593 850174114 0
1711991593 13993502 0
1711991593 595051624 0
1711991593 857842819 1
1711991594 675758434 0
1711991595 595051624 0
1711991595 857842819 1
1711991595 850174114 0
1711991595 13993502 0
1711991596 595051624 0
1711991596 857842819 1
1711991596 675758434 0
1711991597 595051624 0
1711991597 857842819 1
1711991597 850174114 0
1711991597 13993502 0
1711991598 595051624 0
1711991598 857842819 1
1711991598 675758434 0
1711991599 595051624 0
1711991599 850174114 0
1711991599 13993502 0
1711991599 857842819 1
1711991600 595051624 0
1711991600 857842819 1
1711991601 850174114 0
1711991601 13993502 0
1711991601 595051624 0
1711991602 857842819 1
1711991603 595051624 0
1711991603 857842819 1
1711991603 850174114 0
1711991603 13993502 0
1711991604 595051624 0
1711991604 857842819 1
1711991605 595051624 0
1711991605 850174114 0
1711991605 13993502 0
1711991605 857842819 1
1711991606 595051624 0
1711991607 857842819 1
1711991607 595051624 0
1711991607 850174114 0
1711991607 13993502 0
1711991608 857842819 1
1711991608 595051624 0
1711991609 675758434 0
1711991609 857842819 1
1711991609 850174114 0
1711991609 13993502 0
1711991609 595051624 0
1711991610 857842819 1
1711991611 595051624 0
1711991611 850174114 0
1711991611 13993502 0
1711991612 857842819 1
1711991612 595051624 0
1711991613 857842819 1
1711991613 595051624 0
1711991613 850174114 0
1711991613 13993502 0
1711991614 857842819 1
1711991614 595051624 0
1711991615 538657682 1
1711991615 857842819 1
1711991615 595051624 0
1711991615 850174114 0
1711991615 13993502 0
1711991616 538657682 1
1711991616 857842819 1
1711991616 595051624 0
1711991617 538657682 1
1711991617 850174114 0
1711991617 13993502 0
1711991617 857842819 1
1711991618 595051624 0
1711991618 538657682 1
1711991619 857842819 1
1711991619 595051624 0
1711991619 538657682 1
1711991619 850174114 0
1711991619 13993502 0
1711991620 675758434 0
1711991620 595051624 0
1711991620 857842819 1
1711991620 538657682 1
1711991621 595051624 0
1711991621 857842819 1
1711991621 850174114 0
1711991621 13993502 0
1711991622 538657682 1
1711991622 675758434 0
1711991622 595051624 0
1711991622 857842819 1
1711991623 538657682 1
1711991623 850174114 0
1711991623 13993502 0
1711991624 595051624 0
1711991624 857842819 1
1711991624 538657682 1
1711991625 595051624 0
1711991625 857842819 1
1711991625 850174114 0
1711991625 13993502 0
1711991626 595051624 0
1711991626 857842819 1
1711991627 675758434 0
1711991627 595051624 0
1711991627 850174114 0
1711991627 857842819 1
1711991627 13993502 0
1711991628 595051624 0
1711991629 857842819 1
1711991629 675758434 0
1711991629 850174114 0
1711991629 595051624 0
1711991629 13993502 0
1711991630 857842819 1
1711991630 595051624 0
1711991631 675758434 0
1711991631 857842819 1
1711991631 850174114 0
1711991631 13993502 0
1711991632 595051624 0
1711991632 857842819 1
1711991633 675758434 0
1711991633 595051624 0
1711991633 850174114 0
1711991633 13993502 0
1711991634 857842819 1
1711991634 595051624 0
1711991635 675758434 0
1711991635 857842819 1
1711991635 850174114 0
1711991635 13993502 0
1711991635 595051624 0
1711991636 857842819 1
1711991637 595051624 0
1711991637 857842819 1
1711991637 850174114 0
1711991637 13993502 0
1711991638 595051624 0
1711991639 857842819 1
1711991639 595051624 0
1711991639 675758434 0
1711991639 850174114 0
1711991639 13993502 0
1711991640 857842819 1
1711991640 595051624 0
1711991641 857842819 1
1711991641 595051624 0
1711991641 850174114 0
1711991641 13993502 0
1711991642 857842819 1
1711991642 595051624 0
1711991643 850174114 0
1711991643 857842819 1
1711991643 595051624 0
1711991644 13993502 0
1711991645 857842819 1
1711991645 595051624 0
1711991645 850174114 0
1711991645 675758434 0
1711991646 595051624 0
1711991646 857842819 1
1711991646 13993502 0
1711991647 595051624 0
1711991647 857842819 1
1711991647 850174114 0
1711991648 595051624 0
1711991648 13993502 0
1711991648 857842819 1
1711991649 850174114 0
1711991649 595051624 0
1711991650 857842819 1
1711991650 675758434 0
1711991650 13993502 0
1711991651 595051624 0
1711991651 857842819 1
1711991651 850174114 0
1711991652 595051624 0
1711991652 13993502 0
1711991652 857842819 1
1711991653 595051624 0
1711991653 850174114 0
1711991654 857842819 1
1711991654 13993502 0
1711991654 595051624 0
1711991655 675758434 0
1711991655 857842819 1
1711991655 850174114 0
1711991656 595051624 0
1711991656 857842819 1
1711991656 13993502 0
1711991657 595051624 0
1711991657 675758434 0
1711991658 857842819 1
1711991658 595051624 0
1711991658 850174114 0
1711991658 13993502 0
1711991659 857842819 1
1711991659 595051624 0
1711991660 857842819 1
1711991660 13993502 0
1711991661 595051624 0
1711991661 850174114 0
1711991661 857842819 1
1711991662 595051624 0
1711991662 13993502 0
1711991663 857842819 1
1711991663 595051624 0
1711991663 850174114 0
1711991664 857842819 1
1711991664 595051624 0
1711991664 13993502 0
1711991665 857842819 1
1711991665 850174114 0
1711991665 595051624 0
1711991666 857842819 1
1711991666 13993502 0
1711991667 595051624 0
1711991667 850174114 0
1711991668 857842819 1
1711991668 595051624 0
1711991669 595051624 0
1711991669 857842819 1
1711991669 850174114 0
1711991669 13993502 0
1711991670 675758434 0
1711991670 857842819 1
1711991671 595051624 0
1711991671 850174114 0
1711991671 13993502 0
1711991672 857842819 1
1711991672 595051624 0
1711991673 857842819 1
1711991673 850174114 0
1711991673 13993502 0
1711991674 595051624 0
1711991674 857842819 1
1711991675 595051624 0
1711991675 850174114 0
1711991675 13993502 0
1711991675 857842819 1
1711991676 595051624 0
1711991677 857842819 1
1711991677 595051624 0
1711991677 850174114 0
1711991677 13993502 0
1711991678 857842819 1
1711991678 595051624 0
1711991679 857842819 1
1711991679 850174114 0
1711991679 13993502 0
1711991679 595051624 0
1711991680 675758434 0
1711991681 857842819 1
1711991681 595051624 0
1711991681 850174114 0
1711991681 13993502 0
1711991682 595051624 0
1711991682 857842819 1
1711991683 595051624 0
1711991683 857842819 1
1711991683 850174114 0
1711991683 13993502 0
1711991684 595051624 0
1711991685 857842819 1
1711991685 850174114 0
1711991685 13993502 0
1711991686 857842819 1
1711991686 595051624 0
1711991687 857842819 1
1711991687 595051624 0
1711991687 850174114 0
1711991687 13993502 0
1711991688 595051624 0
1711991688 857842819 1
1711991689 850174114 0
1711991689 13993502 0
1711991689 595051624 0
1711991690 857842819 1
1711991691 595051624 0
1711991691 857842819 1
1711991691 13993502 0
1711991692 857842819 1
1711991692 595051624 0
1711991692 850174114 0
1711991693 13993502 0
1711991693 595051624 0
1711991693 857842819 1
1711991695 595051624 0
1711991695 857842819 1
1711991695 850174114 0
1711991695 13993502 0
1711991696 595051624 0
1711991696 857842819 1
1711991697 595051624 0
1711991697 857842819 1
1711991697 850174114 0
1711991697 13993502 0
1711991698 595051624 0
1711991698 857842819 1
1711991699 850174114 0
1711991699 13993502 0
1711991699 595051624 0
1711991700 857842819 1
1711991701 595051624 0
1711991701 857842819 1
1711991701 850174114 0
1711991701 13993502 0
1711991702 595051624 0
1711991702 857842819 1
1711991703 595051624 0
1711991703 850174114 0
1711991703 13993502 0
1711991703 857842819 1
1711991704 595051624 0
1711991705 857842819 1
1711991705 850174114 0
1711991705 595051624 0
1711991705 13993502 0
1711991706 857842819 1
1711991707 595051624 0
1711991707 850174114 0
1711991707 13993502 0
1711991708 857842819 1
1711991708 595051624 0
1711991709 595051624 0
1711991709 850174114 0
1711991709 13993502 0
1711991710 857842819 1
1711991710 595051624 0
1711991711 857842819 1
1711991711 595051624 0
1711991711 850174114 0
1711991711 13993502 0
1711991712 857842819 1
1711991713 595051624 0
1711991713 850174114 0
1711991713 13993502 0
1711991713 857842819 1
1711991714 595051624 0
1711991715 857842819 1
1711991715 595051624 0
1711991715 850174114 0
1711991715 13993502 0
1711991716 857842819 1
1711991716 595051624 0
1711991717 675758434 1
1711991717 850174114 0
1711991717 13993502 0
1711991717 857842819 1
1711991718 595051624 0
1711991718 675758434 1
1711991718 857842819 1
1711991719 595051624 0
1711991719 850174114 0
1711991719 13993502 0
1711991720 675758434 1
1711991720 857842819 1
1711991720 595051624 0
1711991721 857842819 1
1711991721 595051624 0
1711991721 850174114 0
1711991721 13993502 0
1711991722 675758434 1
1711991722 857842819 1
1711991723 595051624 0
1711991723 675758434 1
1711991723 850174114 0
1711991723 13993502 0
1711991724 857842819 1
1711991724 595051624 0
1711991724 675758434 1
1711991725 857842819 1
1711991725 595051624 0
1711991725 850174114 0
1711991725 13993502 0
1711991726 675758434 1
1711991726 595051624 0
1711991726 857842819 1
1711991727 675758434 1
1711991727 595051624 0
1711991727 850174114 0
1711991727 13993502 0
1711991727 857842819 1
1711991729 857842819 1
1711991729 675758434 0
1711991729 850174114 0
1711991729 13993502 0
1711991729 595051624 0
1711991730 857842819 1
1711991731 595051624 0
1711991731 675758434 0
1711991731 850174114 0
1711991731 13993502 0
1711991732 857842819 1
1711991732 595051624 0
1711991733 857842819 1
1711991733 595051624 0
1711991733 675758434 0
1711991733 850174114 0
1711991733 13993502 0
1711991734 857842819 1
1711991734 595051624 0
1711991735 857842819 1
1711991735 675758434 0
1711991735 850174114 0
1711991735 595051624 0
1711991735 13993502 0
1711991736 857842819 1
1711991736 595051624 0
1711991737 675758434 0
1711991737 850174114 0
1711991737 13993502 0
1711991738 595051624 0
1711991738 857842819 1
1711991739 595051624 0
1711991739 675758434 0
1711991739 850174114 0
1711991739 13993502 0
1711991739 857842819 1
1711991740 595051624 0
1711991741 857842819 1
1711991741 675758434 0
1711991741 850174114 0
1711991741 595051624 0
1711991741 13993502 0
1711991742 595051624 0
1711991743 675758434 0
1711991743 850174114 0
1711991743 13993502 0
1711991744 595051624 0
1711991745 595051624 0
1711991745 675758434 0
1711991745 850174114 0
1711991745 13993502 0
1711991746 595051624 0
1711991747 595051624 0
1711991747 675758434 0
1711991747 371163392 1
1711991747 850174114 0
1711991747 13993502 0
1711991748 595051624 0
1711991748 371163392 1
1711991749 675758434 0
1711991749 850174114 0
1711991749 13993502 0
1711991749 595051624 0
1711991750 371163392 1
1711991751 595051624 0
1711991751 371163392 1
1711991751 675758434 0
1711991751 850174114 0
1711991751 13993502 0
1711991752 595051624 0
1711991752 371163392 1
1711991753 595051624 0
1711991753 675758434 0
1711991753 850174114 0
1711991753 371163392 0
1711991753 13993502 0
1711991754 595051624 0
1711991754 371163392 0
1711991755 675758434 0
1711991755 595051624 0
1711991755 850174114 0
1711991755 13993502 0
1711991756 595051624 0
1711991757 675758434 0
1711991757 850174114 0
1711991757 13993502 0
1711991757 595051624 0
1711991759 595051624 0
1711991759 371163392 1
1711991759 675758434 0
1711991759 850174114 0
1711991759 13993502 0
1711991760 595051624 0
1711991761 371163392 1
1711991761 595051624 0
1711991761 675758434 0
1711991761 850174114 0
1711991761 13993502 0
1711991762 371163392 1
1711991762 595051624 0
1711991763 371163392 1
1711991763 595051624 0
1711991763 675758434 0
1711991763 850174114 0
1711991763 13993502 0
1711991764 115802178 0
1711991764 371163392 1
1711991764 595051624 0
1711991765 115802178 0
1711991765 675758434 0
1711991765 850174114 0
1711991765 13993502 0
1711991765 371163392 1
1711991765 595051624 0
1711991766 115802178 0
1711991767 371163392 1
1711991767 595051624 0
1711991767 115802178 0
1711991767 675758434 0
1711991767 850174114 0
1711991767 13993502 0
1711991768 371163392 0
1711991768 595051624 0
1711991769 115802178 0
1711991769 595051624 0
1711991769 371163392 1
1711991769 675758434 0
1711991769 850174114 0
1711991769 13993502 0
1711991770 115802178 0
1711991770 595051624 0
1711991771 115802178 0
1711991771 675758434 0
1711991771 850174114 0
1711991771 371163392 0
1711991771 595051624 0
1711991771 13993502 0
1711991772 371163392 0
1711991773 595051624 0
1711991773 115802178 0
1711991773 675758434 0
1711991773 850174114 0
1711991773 13993502 0
1711991774 595051624 0
1711991775 595051624 0
1711991775 675758434 0
1711991775 850174114 0
1711991775 13993502 0
1711991776 595051624 0
1711991777 675758434 0
1711991777 850174114 0
1711991777 13993502 0
1711991778 595051624 0
1711991779 675758434 0
1711991779 850174114 0
1711991779 595051624 0
1711991779 13993502 0
1711991780 595051624 0
1711991781 675758434 0
1711991781 850174114 0
1711991781 13993502 0
1711991782 595051624 0
1711991783 595051624 0
1711991783 371163392 1
1711991783 675758434 0
1711991783 850174114 0
1711991783 13993502 0
1711991784 595051624 0
1711991784 371163392 1
1711991785 595051624 0
1711991785 675758434 0
1711991785 850174114 0
1711991785 13993502 0
1711991786 371163392 1
1711991786 595051624 0
1711991787 371163392 1
1711991787 675758434 0
1711991787 850174114 0
1711991787 13993502 0
1711991787 595051624 0
1711991788 371163392 1
1711991789 595051624 0
1711991789 371163392 1
1711991789 850174114 0
1711991789 13993502 0
1711991790 595051624 0
1711991790 371163392 1
1711991791 595051624 0
1711991791 850174114 0
1711991791 13993502 0
1711991792 371163392 1
1711991792 595051624 0
1711991793 371163392 1
1711991793 595051624 0
1711991793 850174114 0
1711991793 13993502 0
1711991794 371163392 1
1711991794 595051624 0
1711991795 850174114 0
1711991795 13993502 0
1711991795 371163392 1
1711991795 595051624 0
1711991797 371163392 1
1711991797 595051624 0
1711991797 425864420 1
1711991797 850174114 0
1711991797 13993502 0
1711991798 371163392 1
1711991798 595051624 0
1711991798 425864420 1
1711991799 371163392 1
1711991799 595051624 0
1711991799 850174114 0
1711991799 13993502 0
1711991799 425864420 1
1711991800 675758434 0
1711991800 595051624 0
1711991800 371163392 1
1711991801 13993502 0
1711991801 425864420 1
1711991801 850174114 0
1711991801 595051624 0
1711991801 371163392 1
1711991802 675758434 0
1711991802 13993502 1
1711991802 425864420 1
1711991802 595051624 0
1711991803 371163392 1
1711991803 13993502 1
1711991803 425864420 1
1711991803 850174114 0
1711991804 675758434 0
1711991804 595051624 0
1711991804 371163392 1
1711991804 425864420 1
1711991804 13993502 1
1711991805 595051624 0
1711991805 371163392 1
1711991805 425864420 1
1711991805 850174114 0
1711991806 675758434 0
1711991806 595051624 0
1711991806 371163392 1
1711991806 425864420 1
1711991807 595051624 0
1711991807 850174114 0
1711991807 425864420 1
1711991808 371163392 0
1711991808 595051624 0
1711991809 425864420 1
1711991809 850174114 0
1711991809 595051624 0
1711991810 425864420 1
1711991811 595051624 0
1711991811 425864420 1
1711991811 850174114 0
1711991812 595051624 0
1711991812 425864420 0
1711991813 595051624 0
1711991813 850174114 0
1711991814 595051624 0
1711991814 425864420 0
1711991815 850174114 0
1711991815 595051624 0
1711991816 13993502 1
1711991816 425864420 0
1711991816 595051624 0
1711991817 13993502 1
1711991817 850174114 0
1711991818 425864420 1
1711991818 595051624 0
1711991818 13993502 0
1711991819 595051624 0
1711991819 425864420 1
1711991819 850174114 0
1711991820 595051624 0
1711991820 425864420 0
1711991820 13993502 0
1711991821 425864420 0
1711991821 595051624 0
1711991821 850174114 0
1711991821 13993502 1
1711991822 425864420 0
1711991822 595051624 0
1711991823 13993502 1
1711991823 850174114 0
1711991824 425864420 0
1711991824 595051624 0
1711991824 13993502 1
1711991825 425864420 0
1711991825 595051624 0
1711991825 850174114 0
1711991826 425864420 0
1711991826 595051624 0
1711991827 595051624 0
1711991827 425864420 0
1711991827 850174114 0
1711991828 595051624 0
1711991828 425864420 0
1711991829 850174114 0
1711991829 595051624 0
1711991829 425864420 0
1711991831 595051624 0
1711991831 425864420 0
1711991831 850174114 0
1711991832 425864420 0
1711991832 595051624 0
1711991833 425864420 0
1711991833 595051624 0
1711991833 850174114 0
1711991834 425864420 0
1711991834 595051624 0
1711991835 850174114 0
1711991836 425864420 0
1711991836 595051624 0
1711991837 425864420 0
1711991837 595051624 0
1711991837 850174114 0
1711991838 425864420 0
1711991838 595051624 0
1711991839 595051624 0
1711991839 425864420 0
1711991839 850174114 0
1711991840 425864420 0
1711991840 595051624 0
1711991841 850174114 0
1711991842 425864420 0
1711991842 595051624 0
1711991843 425864420 0
1711991843 595051624 0
1711991844 425864420 0
1711991844 595051624 0
1711991844 850174114 0
1711991845 425864420 0
1711991846 850174114 0
1711991846 595051624 0
1711991847 425864420 0
1711991848 595051624 0
1711991848 425864420 0
1711991848 850174114 0
1711991849 595051624 0
1711991849 425864420 0
1711991850 595051624 0
1711991850 850174114 0
1711991851 595051624 0
1711991852 850174114 0
1711991852 595051624 0
1711991854 595051624 0
1711991854 850174114 0
1711991855 595051624 0
1711991856 595051624 0
1711991856 850174114 0
1711991857 595051624 0
1711991858 850174114 0
1711991859 595051624 0
1711991860 850174114 0
1711991861 595051624 0
1711991862 595051624 0
1711991862 850174114 0
1711991863 595051624 0
1711991864 595051624 0
1711991864 850174114 0
1711991865 595051624 0
1711991866 850174114 0
1711991866 595051624 0
1711991868 595051624 0
1711991868 850174114 0
1711991869 595051624 0
1711991870 595051624 0
1711991870 850174114 0
1711991871 595051624 0
1711991872 595051624 0
1711991872 850174114 0
1711991873 595051624 0
1711991874 850174114 0
1711991874 595051624 0
1711991875 675758434 0
1711991876 595051624 0
1711991876 850174114 0
1711991877 595051624 0
1711991877 675758434 0
1711991878 595051624 0
1711991878 850174114 0
1711991879 595051624 0
1711991879 675758434 0
1711991880 850174114 0
1711991880 595051624 0
1711991881 675758434 0
1711991882 595051624 0
1711991882 850174114 0
1711991883 595051624 0
1711991883 675758434 0
1711991884 850174114 0
1711991884 595051624 0
1711991885 675758434 0
1711991885 595051624 0
1711991886 850174114 0
1711991887 595051624 0
1711991887 675758434 0
1711991888 595051624 0
1711991888 850174114 0
1711991889 595051624 0
1711991889 675758434 0
1711991890 595051624 0
1711991890 850174114 0
1711991891 595051624 0
1711991891 675758434 0
1711991892 850174114 0
1711991892 595051624 0
1711991893 675758434 0
1711991894 595051624 0
1711991894 850174114 0
1711991895 595051624 0
1711991895 675758434 0
1711991896 595051624 0
1711991896 850174114 0
1711991897 595051624 0
1711991897 675758434 0
1711991898 595051624 0
1711991898 850174114 0
1711991899 675758434 0
1711991899 595051624 0
1711991900 850174114 0
1711991901 595051624 0
1711991901 675758434 0
1711991902 595051624 0
1711991902 850174114 0
1711991903 595051624 0
1711991903 675758434 0
1711991904 595051624 0
1711991904 850174114 0
1711991905 595051624 0
1711991905 675758434 0
1711991906 850174114 0
1711991906 595051624 0
1711991907 675758434 0
1711991907 595051624 0
1711991908 850174114 0
1711991909 595051624 0
1711991909 675758434 0
1711991910 595051624 0
1711991910 850174114 0
1711991911 595051624 0
1711991911 675758434 0
1711991912 595051624 0
1711991912 850174114 0
1711991913 595051624 0
1711991913 675758434 0
1711991914 850174114 0
1711991914 595051624 0
1711991915 675758434 0
1711991915 595051624 0
1711991916 146264084 1
1711991916 850174114 0
1711991917 595051624 0
1711991917 146264084 1
1711991917 675758434 0
1711991918 595051624 0
1711991918 146264084 1
1711991918 850174114 0
1711991919 675758434 0
1711991919 146264084 1
1711991919 595051624 0
1711991920 850174114 0
1711991920 146264084 1
1711991921 595051624 0
1711991921 675758434 0
1711991922 146264084 1
1711991922 595051624 0
1711991922 850174114 0
1711991923 146264084 1
1711991923 595051624 0
1711991923 675758434 0
1711991924 146264084 1
1711991924 595051624 0
1711991924 850174114 0
1711991925 595051624 0
1711991925 146264084 0
1711991925 675758434 0
1711991926 850174114 0
1711991926 595051624 0
1711991927 675758434 0
1711991927 595051624 0
1711991928 850174114 0
1711991929 595051624 0
1711991929 675758434 0
1711991930 595051624 0
1711991930 850174114 0
1711991931 595051624 0
1711991931 675758434 0
1711991932 595051624 0
1711991932 850174114 0
1711991933 595051624 0
1711991933 675758434 0
1711991934 850174114 0
1711991934 595051624 0
1711991935 675758434 0
1711991936 595051624 0
1711991936 850174114 0
1711991937 595051624 0
1711991937 675758434 0
1711991938 595051624 0
1711991938 850174114 0
1711991939 595051624 0
1711991939 675758434 0
1711991940 595051624 0
1711991940 850174114 0
1711991941 675758434 0
1711991941 595051624 0
1711991942 850174114 0
1711991943 595051624 0
1711991943 675758434 0
1711991944 595051624 0
1711991944 850174114 0
1711991945 595051624 0
1711991945 675758434 0
1711991946 595051624 0
1711991946 850174114 0
1711991947 675758434 0
1711991947 595051624 0
1711991948 850174114 0
1711991948 595051624 0
1711991949 675758434 0
1711991950 595051624 0
1711991950 850174114 0
1711991951 595051624 0
1711991951 675758434 0
1711991952 595051624 0
1711991952 850174114 0
1711991953 595051624 0
1711991953 675758434 0
1711991954 595051624 0
1711991954 850174114 0
1711991955 675758434 0
1711991955 595051624 0
1711991956 850174114 0
1711991956 595051624 0
1711991957 675758434 0
1711991958 595051624 0
1711991958 850174114 0
1711991959 595051624 0
1711991959 675758434 0
1711991960 595051624 0
1711991960 850174114 0
1711991961 595051624 0
1711991961 675758434 0
1711991962 595051624 0
1711991962 850174114 0
1711991963 675758434 0
1711991963 595051624 0
1711991964 850174114 0
1711991964 595051624 0
1711991965 675758434 0
1711991966 595051624 0
1711991966 850174114 0
1711991967 595051624 0
1711991967 675758434 0
1711991968 595051624 0
1711991968 850174114 0
1711991969 595051624 0
1711991969 675758434 0
1711991970 595051624 0
1711991970 850174114 0
1711991971 595051624 0
1711991971 675758434 0
1711991972 850174114 0
1711991972 595051624 0
1711991973 675758434 0
1711991974 595051624 0
1711991974 850174114 0
1711991975 595051624 0
1711991975 675758434 0
1711991976 595051624 0
1711991976 850174114 0
1711991977 595051624 0
1711991977 675758434 0
1711991978 850174114 0
1711991978 595051624 0
1711991979 675758434 0
1711991979 595051624 0
1711991980 850174114 0
1711991981 675758434 0
1711991982 595051624 0
1711991982 850174114 0
1711991983 595051624 0
1711991983 675758434 0
1711991984 595051624 0
1711991984 850174114 0
1711991985 595051624 0
1711991985 675758434 0
1711991986 595051624 0
1711991986 850174114 0
1711991987 675758434 0
1711991987 595051624 0
1711991988 850174114 0
1711991989 595051624 0
1711991989 675758434 0
1711991990 595051624 0
1711991990 850174114 0
1711991991 595051624 0
1711991991 675758434 0
1711991992 595051624 0
1711991992 850174114 0
1711991993 595051624 0
1711991993 675758434 0
1711991994 850174114 0
1711991994 595051624 0
1711991995 675758434 0
1711991995 595051624 0
1711991996 850174114 0
1711991997 595051624 0
1711991997 675758434 0
1711991998 595051624 0
1711991998 850174114 0
1711991999 595051624 0
1711991999 675758434 0
1711992000 595051624 0
1711992000 850174114 0
1711992001 595051624 0
1711992001 675758434 0
1711992002 595051624 0
1711992002 850174114 0
1711992003 675758434 0
1711992003 595051624 0
1711992004 850174114 0
1711992005 595051624 0
1711992005 675758434 0
1711992006 595051624 0
1711992006 850174114 0
1711992007 595051624 0
1711992007 675758434 0
1711992008 595051624 0
1711992008 850174114 0
1711992009 595051624 0
1711992009 675758434 0
1711992010 850174114 0
1711992010 595051624 0
1711992011 675758434 0
1711992011 595051624 0
1711992012 850174114 0
1711992013 595051624 0
1711992013 675758434 0
1711992014 595051624 0
1711992014 850174114 0
1711992015 595051624 0
1711992015 675758434 0
1711992016 595051624 0
1711992016 850174114 0
1711992017 595051624 0
1711992017 675758434 0
1711992018 850174114 0
1711992018 595051624 0
1711992019 675758434 0
1711992020 595051624 0
1711992020 850174114 0
1711992021 595051624 0
1711992021 675758434 0
1711992022 595051624 0
1711992022 850174114 0
1711992023 595051624 0
1711992023 675758434 0
1711992024 595051624 0
1711992024 850174114 0
1711992025 675758434 0
1711992025 595051624 0
1711992026 850174114 0
1711992026 595051624 0
1711992027 675758434 0
1711992028 595051624 0
1711992028 850174114 0
1711992029 595051624 0
1711992029 675758434 0
1711992030 595051624 0
1711992030 850174114 0
1711992031 595051624 0
1711992031 675758434 0
1711992032 595051624 0
1711992032 850174114 0
1711992033 675758434 0
1711992033 595051624 0
1711992034 850174114 0
1711992034 595051624 0
1711992035 675758434 0
1711992036 595051624 0
1711992036 850174114 0
1711992037 595051624 0
1711992037 675758434 0
1711992038 595051624 0
1711992038 850174114 0
1711992039 595051624 0
1711992039 675758434 0
1711992040 850174114 0
1711992040 595051624 0
1711992041 675758434 0
1711992042 595051624 0
1711992042 850174114 0
1711992043 595051624 0
1711992043 675758434 0
1711992044 595051624 0
1711992044 850174114 0
1711992045 595051624 0
1711992045 675758434 0
1711992046 595051624 0
1711992046 850174114 0
1711992047 675758434 0
1711992047 595051624 0
1711992048 850174114 0
1711992048 595051624 0
1711992049 675758434 0
1711992050 595051624 0
1711992050 850174114 0
1711992051 595051624 0
1711992051 675758434 0
1711992052 595051624 0
1711992052 850174114 0
1711992053 595051624 0
1711992053 675758434 0
1711992054 850174114 0
1711992054 595051624 0
1711992055 675758434 0
1711992056 595051624 0
1711992056 850174114 0
1711992057 595051624 0
1711992057 675758434 0
1711992058 595051624 0
1711992058 850174114 0
1711992059 595051624 0
1711992059 675758434 0
1711992060 595051624 0
1711992060 850174114 0
1711992061 595051624 0
1711992061 675758434 0
1711992062 850174114 0
1711992062 595051624 0
1711992063 675758434 0
1711992064 595051624 0
1711992064 850174114 0
1711992065 595051624 0
1711992065 675758434 0
1711992066 595051624 0
1711992066 850174114 0
1711992067 595051624 0
1711992067 675758434 0
1711992068 595051624 0
1711992068 850174114 0
1711992069 675758434 0
1711992069 595051624 0
1711992070 850174114 0
1711992070 595051624 0
1711992071 675758434 0
1711992072 595051624 0
1711992072 850174114 0
1711992073 595051624 0
1711992073 675758434 0
1711992074 595051624 0
1711992074 850174114 0
1711992075 595051624 0
1711992075 675758434 0
1711992076 595051624 0
1711992076 850174114 0
1711992077 675758434 0
1711992077 595051624 0
1711992078 850174114 0
1711992078 595051624 0
1711992079 675758434 0
1711992080 595051624 0
1711992080 850174114 0
1711992081 595051624 0
1711992081 675758434 0
1711992082 595051624 0
1711992082 850174114 0
1711992083 595051624 0
1711992083 675758434 0
1711992084 595051624 0
1711992084 850174114 0
1711992085 675758434 0
1711992085 595051624 0
1711992086 850174114 0
1711992086 595051624 0
1711992087 675758434 0
1711992088 595051624 0
1711992088 850174114 0
1711992089 595051624 0
1711992089 675758434 0
1711992090 595051624 0
1711992090 850174114 0
1711992091 595051624 0
1711992091 675758434 0
1711992092 595051624 0
1711992092 850174114 0
1711992093 675758434 0
1711992093 595051624 0
1711992094 850174114 0
1711992094 595051624 0
1711992095 675758434 0
1711992096 595051624 0
1711992096 850174114 0
1711992097 595051624 0
1711992097 675758434 0
1711992098 595051624 0
1711992098 850174114 0
1711992099 595051624 0
1711992099 675758434 0
1711992100 595051624 0
1711992100 850174114 0
1711992101 675758434 0
1711992101 595051624 0
1711992102 850174114 0
1711992103 595051624 0
1711992103 675758434 0
1711992104 595051624 0
1711992104 850174114 0
1711992105 595051624 0
1711992105 675758434 0
1711992106 595051624 0
1711992106 850174114 0
1711992107 595051624 0
1711992108 595051624 0
1711992108 850174114 0
1711992109 595051624 0
1711992110 850174114 0
1711992111 595051624 0
1711992112 595051624 0
1711992112 850174114 0
1711992113 595051624 0
1711992114 595051624 0
1711992114 850174114 0
1711992115 595051624 0
1711992116 850174114 0
1711992116 595051624 0
1711992117 595051624 0
1711992118 850174114 0
1711992119 595051624 0
1711992120 595051624 0
1711992120 850174114 0
1711992121 595051624 0
1711992122 595051624 0
1711992122 850174114 0
1711992123 595051624 0
1711992124 850174114 0
1711992124 595051624 0
1711992125 595051624 0
1711992126 850174114 0
1711992127 595051624 0
1711992128 595051624 0
1711992128 850174114 0
1711992129 595051624 0
1711992130 595051624 0
1711992130 850174114 0
1711992131 595051624 0
1711992132 595051624 0
1711992132 850174114 0
1711992133 595051624 0
1711992134 850174114 0
1711992135 595051624 0
1711992136 595051624 0
1711992136 850174114 0
1711992137 595051624 0
1711992138 595051624 0
1711992138 850174114 0
1711992139 595051624 0
1711992140 595051624 0
1711992140 850174114 0
1711992141 595051624 0
1711992142 850174114 0
1711992143 595051624 0
1711992144 595051624 0
1711992144 850174114 0
1711992145 595051624 0
1711992146 595051624 0
1711992147 595051624 0
1711992148 595051624 0
1711992149 595051624 0
1711992151 595051624 0
1711992152 595051624 0
1711992153 595051624 0
1711992155 595051624 0
1711992156 595051624 0
1711992157 595051624 0
1711992158 595051624 0
1711992160 595051624 0
1711992161 595051624 0
1711992162 595051624 0
1711992163 595051624 0
1711992164 595051624 0
1711992165 595051624 0
1711992166 595051624 0
1711992168 595051624 0
1711992169 595051624 0
1711992170 595051624 0
1711992171 595051624 0
1711992172 595051624 0
1711992173 595051624 0
1711992175 595051624 0
1711992176 595051624 0
1711992177 595051624 0
1711992178 595051624 0
1711992180 595051624 0
1711992181 595051624 0
1711992182 595051624 0
1711992183 595051624 0
1711992184 595051624 0
1711992185 595051624 0
1711992186 595051624 0
1711992188 595051624 0
1711992189 595051624 0
1711992190 595051624 0
1711992191 595051624 0
1711992192 595051624 0
1711992193 595051624 0
1711992194 595051624 0
1711992196 595051624 0
1711992197 595051624 0
1711992198 595051624 0
1711992199 595051624 0
1711992200 595051624 0
1711992201 595051624 0
1711992202 595051624 0
1711992203 595051624 0
1711992205 595051624 0
1711992206 595051624 0
1711992207 595051624 0
1711992208 595051624 0
1711992209 595051624 0
1711992210 595051624 0
1711992211 595051624 0
1711992213 595051624 0
1711992214 595051624 0
1711992215 595051624 0
1711992216 595051624 0
1711992217 595051624 0
1711992218 595051624 0
1711992220 595051624 0
1711992221 595051624 0
1711992222 595051624 0
1711992223 595051624 0
1711992224 595051624 0
1711992225 595051624 0
1711992226 595051624 0
1711992228 595051624 0
1711992229 595051624 0
1711992230 595051624 0
1711992231 595051624 0
1711992232 595051624 0
1711992233 595051624 0
1711992235 595051624 0
1711992236 595051624 0
1711992237 595051624 0
1711992238 595051624 0
1711992239 595051624 0
1711992240 595051624 0
1711992241 595051624 0
1711992243 595051624 0
1711992244 595051624 0
1711992245 595051624 0
1711992246 595051624 0
1711992247 595051624 0
1711992248 595051624 0
1711992249 595051624 0
1711992251 595051624 0
1711992252 595051624 0
1711992253 595051624 0
1711992254 595051624 0
1711992255 595051624 0
1711992256 638963954 1
1711992256 595051624 0
1711992257 638963954 0
1711992258 595051624 0
1711992259 595051624 0
1711992260 595051624 0
1711992261 595051624 0
1711992262 595051624 0
1711992263 595051624 0
1711992265 595051624 0
1711992266 595051624 0
1711992267 595051624 0
1711992268 595051624 0
1711992269 595051624 0
1711992270 595051624 0
1711992271 595051624 0
1711992273 595051624 0
1711992274 595051624 0
1711992275 595051624 0
1711992276 595051624 0
1711992277 595051624 0
1711992278 595051624 0
1711992279 595051624 0
1711992281 595051624 0
1711992282 595051624 0
1711992283 595051624 0
1711992284 595051624 0
1711992285 595051624 0
1711992286 595051624 0
1711992288 595051624 0
1711992289 595051624 0
1711992290 595051624 0
1711992291 595051624 0
1711992292 595051624 0
1711992293 595051624 0
1711992295 595051624 0
1711992296 595051624 0
1711992297 595051624 0
1711992298 595051624 0
1711992299 595051624 0
1711992300 595051624 0
1711992301 595051624 0
1711992302 595051624 0
1711992304 595051624 0
1711992305 595051624 0
1711992306 595051624 0
1711992307 595051624 0
1711992308 595051624 0
1711992309 595051624 0
1711992311 595051624 0
1711992312 595051624 0
1711992313 595051624 0
1711992314 595051624 0
1711992315 595051624 0
1711992316 595051624 0
1711992318 595051624 0
1711992319 595051624 0
1711992320 595051624 0
1711992321 595051624 0
1711992322 595051624 0
1711992323 595051624 0
1711992324 595051624 0
1711992326 595051624 0
1711992327 595051624 0
1711992328 595051624 0
1711992329 595051624 0
1711992331 595051624 0
1711992332 595051624 0
1711992333 595051624 0
1711992334 595051624 0
1711992335 595051624 0
1711992336 595051624 0
1711992338 595051624 0
1711992339 595051624 0
1711992340 595051624 0
1711992341 595051624 0
1711992342 595051624 0
1711992344 595051624 0
1711992345 595051624 0
1711992346 595051624 0
1711992347 595051624 0
1711992348 595051624 0
1711992349 595051624 0
1711992350 595051624 0
1711992351 595051624 0
1711992353 595051624 0
1711992354 595051624 0
1711992355 595051624 0
1711992356 595051624 0
1711992357 595051624 0
1711992358 595051624 0
1711992359 595051624 0
1711992361 595051624 0
1711992362 595051624 0
1711992363 595051624 0
1711992364 595051624 0
1711992365 595051624 0
1711992366 595051624 0
1711992367 595051624 0
1711992369 595051624 0
1711992370 595051624 0
1711992371 595051624 0
1711992372 595051624 0
1711992373 595051624 0
1711992374 595051624 0
1711992376 595051624 0
1711992377 595051624 0
1711992378 595051624 0
1711992379 595051624 0
1711992380 595051624 0
1711992382 595051624 0
1711992383 595051624 0
1711992384 595051624 0
1711992385 595051624 0
1711992386 595051624 0
1711992388 595051624 0
1711992389 595051624 0
1711992390 595051624 0
1711992391 595051624 0
1711992392 595051624 0
1711992393 595051624 0
1711992394 595051624 0
1711992396 595051624 0
1711992397 595051624 0
1711992398 595051624 0
1711992399 595051624 0
1711992400 595051624 0
1711992401 595051624 0
1711992402 595051624 0
1711992404 595051624 0
1711992405 595051624 0
1711992406 595051624 0
1711992407 595051624 0
1711992408 595051624 0
1711992409 595051624 0
1711992410 595051624 0
1711992412 595051624 0
1711992413 595051624 0
1711992414 595051624 0
1711992415 595051624 0
1711992416 595051624 0
1711992417 595051624 0
1711992418 595051624 0
1711992420 595051624 0
1711992421 595051624 0
1711992422 595051624 0
1711992423 595051624 0
1711992424 595051624 0
1711992425 595051624 0
1711992426 595051624 0
1711992428 595051624 0
1711992429 595051624 0
1711992430 595051624 0
1711992431 595051624 0
1711992432 595051624 0
1711992433 595051624 0
1711992434 595051624 0
1711992436 595051624 0
1711992437 595051624 0
1711992438 595051624 0
1711992439 595051624 0
1711992440 595051624 0
1711992441 595051624 0
1711992442 595051624 0
1711992444 595051624 0
1711992445 595051624 0
1711992446 595051624 0
1711992447 595051624 0
1711992448 595051624 0
1711992449 595051624 0
1711992450 595051624 0
1711992451 595051624 0
1711992453 595051624 0
1711992453 243846335 0
1711992454 595051624 0
1711992455 243846335 0
1711992455 595051624 0
1711992456 243846335 0
1711992456 595051624 0
1711992457 243846335 0
1711992457 595051624 0
1711992458 243846335 0
1711992458 595051624 0
1711992459 243846335 0
1711992459 595051624 0
1711992460 243846335 0
1711992461 595051624 0
1711992462 243846335 0
1711992462 595051624 0
1711992463 243846335 0
1711992463 595051624 0
1711992464 243846335 0
1711992464 595051624 0
1711992465 595051624 0
1711992465 507606203 0
1711992466 595051624 0
1711992466 507606203 1
1711992467 595051624 0
1711992468 507606203 1
1711992469 595051624 0
1711992469 507606203 1
1711992470 595051624 0
1711992470 507606203 1
1711992471 595051624 0
1711992471 507606203 1
1711992472 595051624 0
1711992472 507606203 1
1711992473 595051624 0
1711992474 507606203 1
1711992474 595051624 0
1711992475 507606203 1
1711992475 595051624 0
1711992476 507606203 1
1711992477 595051624 0
1711992477 507606203 1
1711992478 595051624 0
1711992478 507606203 1
1711992479 595051624 0
1711992479 507606203 1
1711992480 595051624 0
1711992480 507606203 1
1711992481 595051624 0
1711992482 507606203 1
1711992482 595051624 0
1711992483 507606203 1
1711992483 595051624 0
1711992484 507606203 1
1711992485 595051624 0
1711992486 595051624 0
1711992487 595051624 0
1711992488 595051624 0
1711992489 595051624 0
1711992490 595051624 0
1711992491 595051624 0
1711992493 595051624 0
1711992494 595051624 0
1711992495 595051624 0
1711992495 243846335 0
1711992496 595051624 0
1711992496 243846335 0
1711992497 243846335 0
1711992497 595051624 0
1711992498 243846335 0
1711992498 595051624 0
1711992499 243846335 0
1711992499 595051624 0
1711992500 243846335 0
1711992500 595051624 0
1711992502 243846335 0
1711992502 595051624 0
1711992503 595051624 0
1711992503 243846335 0
1711992504 595051624 0
1711992505 595051624 0
1711992506 595051624 0
1711992507 595051624 0
1711992508 595051624 0
1711992510 595051624 0
1711992511 595051624 0
1711992512 595051624 0
1711992513 595051624 0
1711992514 595051624 0
1711992515 595051624 0
1711992517 595051624 0
1711992518 595051624 0
1711992519 595051624 0
1711992520 595051624 0
1711992521 595051624 0
1711992522 595051624 0
1711992523 595051624 0
1711992525 595051624 0
1711992526 595051624 0
1711992527 595051624 0
1711992528 595051624 0
1711992529 595051624 0
1711992530 595051624 0
1711992531 595051624 0
1711992533 595051624 0
1711992534 595051624 0
1711992535 595051624 0
1711992536 595051624 0
1711992537 595051624 0
1711992538 595051624 0
1711992539 595051624 0
1711992541 595051624 0
1711992542 595051624 0
1711992543 595051624 0
1711992544 595051624 0
1711992545 595051624 0
1711992546 595051624 0
1711992547 595051624 0
1711992549 595051624 0
1711992550 595051624 0
1711992551 595051624 0
1711992552 595051624 0
1711992553 595051624 0
1711992554 595051624 0
1711992555 595051624 0
1711992557 595051624 0
1711992558 595051624 0
1711992559 595051624 0
1711992560 595051624 0
1711992561 595051624 0
1711992562 595051624 0
1711992563 595051624 0
1711992565 595051624 0
1711992566 595051624 0
1711992567 595051624 0
1711992568 595051624 0
1711992569 595051624 0
1711992570 595051624 0
1711992571 595051624 0
1711992573 595051624 0
1711992574 595051624 0
1711992574 243846335 0
1711992575 595051624 0
1711992576 243846335 0
1711992576 595051624 0
1711992577 595051624 0
1711992578 243846335 0
1711992578 595051624 0
1711992580 595051624 0
1711992580 243846335 0
1711992581 595051624 0
1711992582 243846335 0
1711992582 595051624 0
1711992583 595051624 0
1711992584 243846335 0
1711992584 595051624 0
1711992586 595051624 0
1711992586 243846335 0
1711992587 595051624 0
1711992588 243846335 0
1711992588 595051624 0
1711992589 595051624 0
1711992590 243846335 0
1711992590 595051624 0
1711992592 595051624 0
1711992592 243846335 0
1711992593 595051624 0
1711992594 243846335 0
1711992594 595051624 0
1711992595 595051624 0
1711992596 243846335 0
1711992596 595051624 0
1711992597 595051624 0
1711992598 243846335 0
1711992598 595051624 0
1711992600 595051624 0
1711992600 243846335 0
1711992601 595051624 0
1711992602 243846335 0
1711992602 595051624 0
1711992603 595051624 0
1711992604 243846335 0
1711992604 595051624 0
1711992605 595051624 0
1711992606 243846335 0
1711992606 595051624 0
1711992608 595051624 0
1711992608 243846335 0
1711992609 595051624 0
1711992610 243846335 0
1711992610 595051624 0
1711992611 595051624 0
1711992612 243846335 0
1711992612 595051624 0
1711992613 850174114 0
1711992613 595051624 0
1711992614 243846335 0
1711992614 595051624 0
1711992615 595051624 0
1711992616 243846335 0
1711992617 595051624 0
1711992618 243846335 0
1711992618 595051624 0
1711992618 850174114 0
1711992619 595051624 0
1711992620 243846335 0
1711992620 595051624 0
1711992620 850174114 0
1711992621 595051624 0
1711992622 243846335 0
1711992622 850174114 0
1711992622 595051624 0
1711992623 595051624 0
1711992624 243846335 0
1711992624 850174114 0
1711992625 595051624 0
1711992626 243846335 0
1711992626 595051624 0
1711992627 595051624 0
1711992628 243846335 0
1711992628 595051624 0
1711992629 595051624 0
1711992630 243846335 0
1711992630 595051624 0
1711992631 595051624 0
1711992632 243846335 0
1711992633 595051624 0
1711992634 243846335 0
1711992634 595051624 0
1711992635 595051624 0
1711992636 243846335 0
1711992636 595051624 0
1711992637 595051624 0
1711992638 243846335 0
1711992638 595051624 0
1711992639 595051624 0
1711992640 243846335 0
1711992641 595051624 0
1711992642 243846335 0
1711992642 595051624 0
1711992643 595051624 0
1711992644 243846335 0
1711992644 595051624 0
1711992645 595051624 0
1711992646 243846335 0
1711992646 595051624 0
1711992647 595051624 0
1711992648 243846335 0
1711992649 595051624 0
1711992650 243846335 0
1711992650 595051624 0
1711992651 595051624 0
1711992652 243846335 0
1711992652 595051624 0
1711992653 595051624 0
1711992654 595051624 0
1711992656 595051624 0
1711992657 595051624 0
1711992658 595051624 0
1711992659 595051624 0
1711992660 595051624 0
1711992661 595051624 0
1711992662 595051624 0
1711992664 595051624 0
1711992665 595051624 0
1711992666 595051624 0
1711992667 595051624 0
1711992668 595051624 0
1711992669 595051624 0
1711992671 595051624 0
1711992672 595051624 0
1711992673 595051624 0
1711992674 595051624 0
1711992675 595051624 0
1711992676 595051624 0
1711992677 595051624 0
1711992679 595051624 0
1711992680 595051624 0
1711992681 595051624 0
1711992682 595051624 0
1711992684 595051624 0
1711992685 595051624 0
1711992686 595051624 0
1711992688 595051624 0
1711992689 595051624 0
1711992690 595051624 0
1711992691 595051624 0
1711992692 595051624 0
1711992693 595051624 0
1711992694 595051624 0
1711992696 595051624 0
1711992697 595051624 0
1711992698 595051624 0
1711992699 595051624 0
1711992700 595051624 0
1711992701 595051624 0
1711992703 595051624 0
1711992704 595051624 0
1711992705 595051624 0
1711992706 595051624 0
1711992707 595051624 0
1711992708 595051624 0
1711992709 595051624 0
1711992711 595051624 0
1711992712 595051624 0
1711992713 595051624 0
1711992714 595051624 0
1711992715 595051624 0
1711992716 595051624 0
1711992717 595051624 0
1711992719 595051624 0
1711992720 595051624 0
1711992721 595051624 0
1711992722 595051624 0
1711992723 595051624 0
1711992724 595051624 0
1711992725 595051624 0
1711992726 595051624 0
1711992728 595051624 0
1711992729 595051624 0
1711992730 595051624 0
1711992731 595051624 0
1711992732 595051624 0
1711992733 595051624 0
1711992734 595051624 0
1711992736 595051624 0
1711992737 595051624 0
1711992738 595051624 0
1711992739 595051624 0
1711992740 595051624 0
1711992741 595051624 0
1711992742 595051624 0
1711992744 595051624 0
1711992745 850174114 0
1711992745 595051624 0
1711992746 595051624 0
1711992747 850174114 0
1711992747 595051624 0
1711992748 595051624 0
1711992749 850174114 0
1711992749 595051624 0
1711992750 595051624 0
1711992751 850174114 0
1711992752 595051624 0
1711992753 595051624 0
1711992754 595051624 0
1711992755 595051624 0
1711992756 595051624 0
1711992757 595051624 0
1711992758 595051624 0
1711992760 595051624 0
1711992761 595051624 0
1711992762 595051624 0
1711992763 595051624 0
1711992764 595051624 0
1711992765 595051624 0
1711992766 595051624 0
1711992768 595051624 0
1711992769 595051624 0
1711992770 595051624 0
1711992771 595051624 0
1711992771 243846335 0
1711992772 595051624 0
1711992773 595051624 0
1711992774 595051624 0
1711992776 595051624 0
1711992777 595051624 0
1711992778 595051624 0
1711992779 595051624 0
1711992780 595051624 0
1711992781 595051624 0
1711992782 595051624 0
1711992784 595051624 0
1711992785 595051624 0
1711992786 595051624 0
1711992787 595051624 0
1711992787 850174114 0
1711992788 595051624 0
1711992789 595051624 0
1711992789 850174114 0
1711992790 595051624 0
1711992791 850174114 0
1711992792 595051624 0
1711992793 595051624 0
1711992793 850174114 0
1711992794 595051624 0
1711992795 595051624 0
1711992795 850174114 0
1711992796 595051624 0
1711992797 595051624 0
1711992797 850174114 0
1711992798 595051624 0
1711992799 850174114 0
1711992800 595051624 0
1711992801 595051624 0
1711992801 850174114 0
1711992802 595051624 0
1711992803 595051624 0
1711992803 850174114 0
1711992804 595051624 0
1711992805 595051624 0
1711992805 850174114 0
1711992806 595051624 0
1711992807 850174114 0
1711992808 595051624 0
1711992809 595051624 0
1711992809 850174114 0
1711992810 595051624 0
1711992811 595051624 0
1711992811 850174114 0
1711992812 595051624 0
1711992813 595051624 0
1711992813 850174114 0
1711992814 595051624 0
1711992815 850174114 0
1711992816 595051624 0
1711992817 595051624 0
1711992818 850174114 0
1711992818 595051624 0
1711992819 595051624 0
1711992819 850174114 0
1711992820 595051624 0
1711992821 362423567 1
1711992821 595051624 0
1711992821 850174114 0
1711992822 362423567 1
1711992823 595051624 0
1711992823 362423567 1
1711992823 850174114 0
1711992824 595051624 0
1711992825 362423567 1
1711992825 595051624 0
1711992825 850174114 0
1711992826 362423567 1
1711992826 595051624 0
1711992827 362423567 1
1711992827 595051624 0
1711992827 850174114 0
1711992828 595051624 0
1711992829 362423567 1
1711992829 850174114 0
1711992829 595051624 0
1711992831 595051624 0
1711992831 850174114 0
1711992832 595051624 0
1711992832 850174114 0
1711992833 595051624 0
1711992834 595051624 0
1711992834 850174114 0
1711992835 595051624 0
1711992836 595051624 0
1711992836 850174114 0
1711992837 595051624 0
1711992838 850174114 0
1711992839 595051624 0
1711992840 595051624 0
1711992840 850174114 0
1711992841 595051624 0
1711992842 595051624 0
1711992842 850174114 0
1711992843 595051624 0
1711992844 595051624 0
1711992844 850174114 0
1711992845 595051624 0
1711992846 850174114 0
1711992847 595051624 0
1711992848 595051624 0
1711992848 850174114 0
1711992849 595051624 0
1711992850 595051624 0
1711992851 595051624 0
1711992851 850174114 0
1711992852 595051624 0
1711992853 850174114 0
1711992854 595051624 0
1711992855 595051624 0
1711992855 850174114 0
1711992856 595051624 0
1711992857 595051624 0
1711992857 850174114 0
1711992858 595051624 0
1711992859 850174114 0
1711992859 595051624 0
1711992861 595051624 0
1711992861 850174114 0
1711992862 595051624 0
1711992863 595051624 0
1711992863 850174114 0
1711992864 595051624 0
1711992865 595051624 0
1711992865 850174114 0
1711992866 595051624 0
1711992867 850174114 0
1711992867 595051624 0
1711992869 595051624 0
1711992869 850174114 0
1711992870 595051624 0
1711992871 595051624 0
1711992871 850174114 0
1711992872 595051624 0
1711992873 595051624 0
1711992873 850174114 0
1711992874 595051624 0
1711992875 850174114 0
1711992876 595051624 0
1711992877 595051624 0
1711992877 850174114 0
1711992878 595051624 0
1711992879 595051624 0
1711992879 850174114 0
1711992880 595051624 0
1711992881 595051624 0
1711992881 850174114 0
1711992882 595051624 0
1711992883 850174114 0
1711992884 595051624 0
1711992885 595051624 0
1711992885 850174114 0
1711992886 595051624 0
1711992887 595051624 0
1711992887 850174114 0
1711992888 595051624 0
1711992889 595051624 0
1711992889 850174114 0
1711992890 595051624 0
1711992891 850174114 0
1711992892 595051624 0
1711992893 595051624 0
1711992893 850174114 0
1711992894 595051624 0
1711992895 595051624 0
1711992895 850174114 0
1711992897 595051624 0
1711992897 850174114 0
1711992898 595051624 0
1711992899 595051624 0
1711992899 850174114 0
1711992900 595051624 0
1711992901 850174114 0
1711992901 595051624 0
1711992903 595051624 0
1711992903 850174114 0
1711992904 595051624 0
1711992905 595051624 0
1711992905 850174114 0
1711992906 595051624 0
1711992907 595051624 0
1711992907 850174114 0
1711992908 595051624 0
1711992909 850174114 0
1711992910 595051624 0
1711992911 595051624 0
1711992911 850174114 0
1711992912 595051624 0
1711992913 850174114 0
1711992914 595051624 0
1711992915 595051624 0
1711992915 850174114 0
1711992916 595051624 0
1711992917 595051624 0
1711992917 850174114 0
1711992918 595051624 0
1711992919 850174114 0
1711992919 595051624 0
1711992921 595051624 0
1711992921 850174114 0
1711992922 595051624 0
1711992923 595051624 0
1711992923 850174114 0
1711992924 595051624 0
1711992925 595051624 0
1711992925 850174114 0
1711992926 595051624 0
1711992927 850174114 0
1711992927 595051624 0
1711992929 595051624 0
1711992929 850174114 0
1711992930 595051624 0
1711992931 595051624 0
1711992931 850174114 0
1711992932 595051624 0
1711992933 595051624 0
1711992933 850174114 0
1711992934 595051624 0
1711992935 850174114 0
1711992935 595051624 0
1711992937 595051624 0
1711992937 850174114 0
1711992938 595051624 0
1711992939 595051624 0
1711992939 850174114 0
1711992940 595051624 0
1711992941 595051624 0
1711992941 850174114 0
1711992942 595051624 0
1711992943 850174114 0
1711992944 595051624 0
1711992945 595051624 0
1711992945 850174114 0
1711992946 595051624 0
1711992947 595051624 0
1711992947 850174114 0
1711992948 595051624 0
1711992949 595051624 0
1711992949 850174114 0
1711992950 595051624 0
1711992951 850174114 0
1711992952 595051624 0
1711992953 595051624 0
1711992953 850174114 0
1711992954 595051624 0
1711992955 595051624 0
1711992955 850174114 0
1711992956 595051624 0
1711992957 850174114 0
1711992958 595051624 0
1711992959 595051624 0
1711992960 595051624 0
1711992960 850174114 0
1711992961 595051624 0
1711992962 595051624 0
1711992962 850174114 0
1711992963 595051624 0
1711992964 850174114 0
1711992964 595051624 0
1711992966 595051624 0
1711992966 850174114 0
1711992967 595051624 0
1711992968 595051624 0
1711992968 850174114 0
1711992969 595051624 0
1711992970 595051624 0
1711992970 850174114 0
1711992971 595051624 0
1711992972 850174114 0
1711992972 595051624 0
1711992974 595051624 0
1711992974 850174114 0
1711992975 595051624 0
1711992976 595051624 0
1711992976 850174114 0
1711992977 595051624 0
1711992978 595051624 0
1711992978 850174114 0
1711992979 595051624 0
1711992980 850174114 0
1711992980 595051624 0
1711992982 595051624 0
1711992982 850174114 0
1711992983 595051624 0
1711992984 595051624 0
1711992984 850174114 0
1711992985 595051624 0
1711992986 595051624 0
1711992986 850174114 0
1711992987 595051624 0
1711992988 850174114 0
1711992989 595051624 0
1711992990 595051624 0
1711992990 850174114 0
1711992991 595051624 0
1711992992 595051624 0
1711992992 850174114 0
1711992993 595051624 0
1711992994 595051624 0
1711992994 850174114 0
1711992995 595051624 0
1711992996 850174114 0
1711992997 595051624 0
1711992998 595051624 0
1711992998 850174114 0
1711992999 595051624 0
1711993000 595051624 0
1711993000 850174114 0
1711993001 595051624 0
1711993002 595051624 0
1711993002 850174114 0
1711993003 595051624 0
1711993004 850174114 0
1711993005 595051624 0
1711993006 595051624 0
1711993006 850174114 0
1711993007 595051624 0
1711993008 595051624 0
1711993008 850174114 0
1711993009 595051624 0
1711993010 595051624 0
1711993010 850174114 0
1711993012 595051624 0
1711993012 850174114 0
1711993013 595051624 0
1711993014 595051624 0
1711993014 850174114 0
1711993015 595051624 0
1711993016 595051624 0
1711993016 850174114 0
1711993017 595051624 0
1711993018 850174114 0
1711993018 595051624 0
1711993020 595051624 0
1711993020 850174114 0
1711993021 595051624 0
1711993022 595051624 0
1711993022 850174114 0
1711993023 595051624 0
1711993024 595051624 0
1711993024 850174114 0
1711993025 595051624 0
1711993026 850174114 0
1711993026 595051624 0
1711993027 595051624 0
1711993028 850174114 0
1711993029 595051624 0
1711993030 595051624 0
1711993030 850174114 0
1711993031 595051624 0
1711993032 595051624 0
1711993032 850174114 0
1711993033 595051624 0
1711993034 850174114 0
1711993034 595051624 0
1711993035 595051624 0
1711993036 850174114 0
1711993037 595051624 0
1711993038 595051624 0
1711993038 850174114 0
1711993039 595051624 0
1711993040 595051624 0
1711993040 850174114 0
1711993041 595051624 0
1711993042 850174114 0
1711993042 595051624 0
1711993044 595051624 0
1711993044 850174114 0
1711993045 595051624 0
1711993046 595051624 0
1711993046 850174114 0
1711993047 595051624 0
1711993048 595051624 0
1711993048 850174114 0
1711993049 595051624 0
1711993050 850174114 0
1711993050 595051624 0
1711993052 595051624 0
1711993052 115802178 0
1711993052 850174114 0
1711993053 595051624 0
1711993054 595051624 0
1711993054 850174114 0
1711993055 595051624 0
1711993056 595051624 0
1711993056 850174114 0
1711993057 595051624 0
1711993058 850174114 0
1711993058 595051624 0
1711993060 595051624 0
1711993060 850174114 0
1711993061 595051624 0
1711993062 595051624 0
1711993062 850174114 0
1711993063 595051624 0
1711993064 595051624 0
1711993064 850174114 0
1711993065 595051624 0
1711993066 850174114 0
1711993066 595051624 0
1711993068 595051624 0
1711993068 850174114 0
1711993069 595051624 0
1711993070 595051624 0
1711993070 850174114 0
1711993071 595051624 0
1711993072 595051624 0
1711993072 850174114 0
1711993073 595051624 0
1711993074 850174114 0
1711993075 595051624 0
1711993076 595051624 0
1711993076 850174114 0
1711993077 595051624 0
1711993078 595051624 0
1711993078 850174114 0
1711993079 595051624 0
1711993080 595051624 0
1711993080 850174114 0
1711993081 595051624 0
1711993082 850174114 0
1711993083 595051624 0
1711993084 595051624 0
1711993084 850174114 0
1711993085 595051624 0
1711993086 595051624 0
1711993086 850174114 0
1711993087 595051624 0
1711993088 595051624 0
1711993088 850174114 0
1711993090 595051624 0
1711993090 850174114 0
1711993091 595051624 0
1711993092 595051624 0
1711993092 850174114 0
1711993093 595051624 0
1711993094 595051624 0
1711993094 850174114 0
1711993096 595051624 0
1711993096 850174114 0
1711993097 595051624 0
1711993098 595051624 0
1711993098 850174114 0
1711993099 595051624 0
1711993100 850174114 0
1711993100 595051624 0
1711993102 595051624 0
1711993102 850174114 0
1711993103 595051624 0
1711993104 595051624 0
1711993104 850174114 0
1711993105 595051624 0
1711993106 850174114 0
1711993107 595051624 0
1711993108 595051624 0
1711993108 850174114 0
1711993109 595051624 0
1711993110 595051624 0
1711993110 850174114 0
1711993111 595051624 0
1711993112 850174114 0
1711993112 595051624 0
1711993114 595051624 0
1711993114 850174114 0
1711993115 595051624 0
1711993116 595051624 0
1711993116 850174114 0
1711993117 595051624 0
1711993118 595051624 0
1711993118 850174114 0
1711993119 595051624 0
1711993120 850174114 0
1711993121 595051624 0
1711993122 595051624 0
1711993122 850174114 0
1711993123 595051624 0
1711993124 595051624 0
1711993124 850174114 0
1711993125 595051624 0
1711993126 595051624 0
1711993126 850174114 0
1711993127 595051624 0
1711993128 850174114 0
1711993129 595051624 0
1711993130 595051624 0
1711993130 850174114 0
1711993131 595051624 0
1711993132 595051624 0
1711993132 850174114 0
1711993133 595051624 0
1711993134 595051624 0
1711993134 850174114 0
1711993135 595051624 0
1711993136 850174114 0
1711993137 595051624 0
1711993138 595051624 0
1711993138 850174114 0
1711993139 595051624 0
1711993140 595051624 0
1711993140 850174114 0
1711993141 595051624 0
1711993142 595051624 0
1711993142 850174114 0
1711993143 595051624 0
1711993144 850174114 0
1711993145 595051624 0
1711993146 595051624 0
1711993146 850174114 0
1711993147 595051624 0
1711993148 595051624 0
1711993148 850174114 0
1711993149 595051624 0
1711993150 595051624 0
1711993150 850174114 0
1711993151 595051624 0
1711993152 850174114 0
1711993153 595051624 0
1711993154 595051624 0
1711993154 850174114 0
1711993155 595051624 0
1711993156 595051624 0
1711993156 850174114 0
1711993157 595051624 0
1711993158 595051624 0
1711993158 850174114 0
1711993159 595051624 0
1711993160 850174114 0
1711993161 595051624 0
1711993162 595051624 0
1711993162 850174114 0
1711993163 595051624 0
1711993164 595051624 0
1711993164 850174114 0
1711993165 595051624 0
1711993166 850174114 0
1711993166 595051624 0
1711993168 595051624 0
1711993168 850174114 0
1711993169 595051624 0
1711993170 595051624 0
1711993170 850174114 0
1711993171 595051624 0
1711993172 595051624 0
1711993172 850174114 0
1711993173 595051624 0
1711993174 595051624 0
1711993174 850174114 0
1711993176 595051624 0
1711993176 850174114 0
1711993177 595051624 0
1711993178 595051624 0
1711993178 850174114 0
1711993179 595051624 0
1711993180 595051624 0
1711993180 850174114 0
1711993181 595051624 0
1711993182 850174114 0
1711993182 595051624 0
1711993184 595051624 0
1711993184 850174114 0
1711993185 595051624 0
1711993186 595051624 0
1711993186 850174114 0
1711993187 595051624 0
1711993188 595051624 0
1711993188 850174114 0
1711993189 595051624 0
1711993190 850174114 0
1711993191 595051624 0
1711993192 595051624 0
1711993192 850174114 0
1711993193 595051624 0
1711993194 595051624 0
1711993194 850174114 0
1711993195 595051624 0
1711993196 595051624 0
1711993196 850174114 0
1711993197 595051624 0
1711993198 850174114 0
1711993198 595051624 0
1711993200 595051624 0
1711993200 850174114 0
1711993201 595051624 0
1711993202 595051624 0
1711993202 850174114 0
1711993203 595051624 0
1711993204 595051624 0
1711993204 850174114 0
1711993205 595051624 0
1711993206 850174114 0
1711993206 595051624 0
1711993208 595051624 0
1711993208 850174114 0
1711993209 595051624 0
1711993210 595051624 0
1711993210 850174114 0
1711993211 595051624 0
1711993212 595051624 0
1711993212 850174114 0
1711993213 595051624 0
1711993214 850174114 0
1711993215 595051624 0
1711993216 595051624 0
1711993216 850174114 0
1711993217 595051624 0
1711993218 595051624 0
1711993218 850174114 0
1711993219 595051624 0
1711993220 595051624 0
1711993220 850174114 0
1711993221 595051624 0
1711993222 850174114 0
1711993223 595051624 0
1711993224 595051624 0
1711993224 850174114 0
1711993225 595051624 0
1711993226 595051624 0
1711993226 850174114 0
1711993227 595051624 0
1711993228 595051624 0
1711993228 850174114 0
1711993229 595051624 0
1711993230 850174114 0
1711993231 595051624 0
1711993232 595051624 0
1711993232 850174114 0
1711993233 595051624 0
1711993234 595051624 0
1711993234 850174114 0
1711993235 595051624 0
1711993236 850174114 0
1711993236 595051624 0
1711993238 595051624 0
1711993238 850174114 0
1711993239 595051624 0
1711993240 595051624 0
1711993240 850174114 0
1711993241 595051624 0
1711993242 595051624 0
1711993242 850174114 0
1711993243 595051624 0
1711993244 850174114 0
1711993245 595051624 0
1711993246 595051624 0
1711993246 850174114 0
1711993247 595051624 0
1711993248 595051624 0
1711993248 850174114 0
1711993249 595051624 0
1711993250 595051624 0
1711993250 850174114 0
1711993251 595051624 0
1711993252 850174114 0
1711993253 595051624 0
1711993254 595051624 0
1711993254 850174114 0
1711993255 595051624 0
1711993256 595051624 0
1711993256 850174114 0
1711993257 595051624 0
1711993258 595051624 0
1711993258 850174114 0
1711993260 595051624 0
1711993260 850174114 0
1711993261 595051624 0
1711993262 595051624 0
1711993262 850174114 0
1711993263 595051624 0
1711993264 595051624 0
1711993264 850174114 0
1711993265 595051624 0
1711993266 850174114 0
1711993267 595051624 0
1711993268 595051624 0
1711993268 850174114 0
1711993269 595051624 0
1711993270 595051624 0
1711993270 850174114 0
1711993271 595051624 0
1711993272 595051624 0
1711993272 850174114 0
1711993273 595051624 0
1711993274 850174114 0
1711993275 595051624 0
1711993276 595051624 0
1711993276 850174114 0
1711993277 595051624 0
1711993278 595051624 0
1711993278 850174114 0
1711993279 595051624 0
1711993280 595051624 0
1711993280 850174114 0
1711993281 595051624 0
1711993282 850174114 0
1711993283 595051624 0
1711993284 595051624 0
1711993284 850174114 0
1711993285 595051624 0
1711993286 595051624 0
1711993286 850174114 0
1711993287 595051624 0
1711993288 850174114 0
1711993288 595051624 0
1711993290 595051624 0
1711993290 850174114 0
1711993291 595051624 0
1711993292 595051624 0
1711993292 850174114 0
1711993293 595051624 0
1711993294 595051624 0
1711993294 850174114 0
1711993295 595051624 0
1711993296 850174114 0
1711993296 595051624 0
1711993298 595051624 0
1711993298 850174114 0
1711993299 595051624 0
1711993300 595051624 0
1711993300 850174114 0
1711993301 595051624 0
1711993302 595051624 0
1711993302 850174114 0
1711993303 595051624 0
1711993304 850174114 0
1711993305 595051624 0
1711993306 595051624 0
1711993306 850174114 0
1711993307 595051624 0
1711993308 595051624 0
1711993308 850174114 0
1711993309 595051624 0
1711993310 595051624 0
1711993310 850174114 0
1711993311 595051624 0
1711993312 850174114 0
1711993313 595051624 0
1711993314 595051624 0
1711993314 850174114 0
1711993315 595051624 0
1711993316 595051624 0
1711993316 850174114 0
1711993317 595051624 0
1711993318 595051624 0
1711993318 850174114 0
1711993319 595051624 0
1711993320 850174114 0
1711993320 595051624 0
1711993322 595051624 0
1711993322 850174114 0
1711993323 595051624 0
1711993324 595051624 0
1711993324 850174114 0
1711993325 595051624 0
1711993326 595051624 0
1711993326 850174114 0
1711993327 595051624 0
1711993328 850174114 0
1711993328 595051624 0
1711993330 595051624 0
1711993330 850174114 0
1711993331 595051624 0
1711993332 595051624 0
1711993332 850174114 0
1711993333 595051624 0
1711993334 595051624 0
1711993334 850174114 0
1711993335 595051624 0
1711993336 850174114 0
1711993336 595051624 0
1711993338 595051624 0
1711993338 850174114 0
1711993339 595051624 0
1711993340 595051624 0
1711993340 850174114 0
1711993341 595051624 0
1711993342 595051624 0
1711993342 850174114 0
1711993343 595051624 0
1711993344 850174114 0
1711993344 595051624 0
1711993346 595051624 0
1711993346 850174114 0
1711993347 595051624 0
1711993348 595051624 0
1711993348 850174114 0
1711993349 595051624 0
1711993350 595051624 0
1711993350 850174114 0
1711993351 595051624 0
1711993352 850174114 0
1711993352 595051624 0
1711993354 595051624 0
1711993354 850174114 0
1711993355 595051624 0
1711993356 595051624 0
1711993356 850174114 0
1711993357 595051624 0
1711993358 595051624 0
1711993358 850174114 0
1711993359 595051624 0
1711993360 850174114 0
1711993360 595051624 0
1711993362 595051624 0
1711993362 850174114 0
1711993363 595051624 0
1711993364 595051624 0
1711993364 850174114 0
1711993365 595051624 0
1711993366 595051624 0
1711993366 850174114 0
1711993367 595051624 0
1711993368 850174114 0
1711993368 595051624 0
1711993370 595051624 0
1711993370 850174114 0
1711993371 595051624 0
1711993372 595051624 0
1711993372 850174114 0
1711993373 595051624 0
1711993374 595051624 0
1711993374 850174114 0
1711993375 595051624 0
1711993376 850174114 0
1711993376 595051624 0
1711993378 595051624 0
1711993378 850174114 0
1711993379 595051624 0
1711993380 595051624 0
1711993380 850174114 0
1711993381 595051624 0
1711993382 595051624 0
1711993382 850174114 0
1711993383 595051624 0
1711993384 850174114 0
1711993385 595051624 0
1711993386 595051624 0
1711993386 850174114 0
1711993387 595051624 0
1711993388 595051624 0
1711993388 850174114 0
1711993389 595051624 0
1711993390 850174114 0
1711993390 595051624 0
1711993392 595051624 0
1711993392 850174114 0
1711993393 595051624 0
1711993394 595051624 0
1711993394 850174114 0
1711993395 595051624 0
1711993396 850174114 0
1711993396 595051624 0
1711993398 595051624 0
1711993398 850174114 0
1711993399 595051624 0
1711993400 595051624 0
1711993400 850174114 0
1711993401 595051624 0
1711993402 595051624 0
1711993402 850174114 0
1711993403 595051624 0
1711993404 850174114 0
1711993404 595051624 0
1711993406 595051624 0
1711993406 850174114 0
1711993407 595051624 0
1711993408 595051624 0
1711993408 850174114 0
1711993409 595051624 0
1711993410 595051624 0
1711993410 850174114 0
1711993411 595051624 0
1711993412 850174114 0
1711993413 595051624 0
1711993414 595051624 0
1711993414 850174114 0
1711993415 595051624 0
1711993416 595051624 0
1711993416 850174114 0
1711993417 595051624 0
1711993418 595051624 0
1711993418 850174114 0
1711993420 595051624 0
1711993420 850174114 0
1711993421 595051624 0
1711993422 595051624 0
1711993422 850174114 0
1711993423 595051624 0
1711993424 595051624 0
1711993424 850174114 0
1711993425 595051624 0
1711993426 850174114 0
1711993426 595051624 0
1711993428 595051624 0
1711993428 850174114 0
1711993429 595051624 0
1711993430 595051624 0
1711993430 850174114 0
1711993431 595051624 0
1711993432 595051624 0
1711993432 850174114 0
1711993433 595051624 0
1711993434 850174114 0
1711993435 595051624 0
1711993436 595051624 0
1711993436 850174114 0
1711993437 595051624 0
1711993438 595051624 0
1711993438 850174114 0
1711993439 595051624 0
1711993440 850174114 0
1711993440 595051624 0
1711993442 595051624 0
1711993442 850174114 0
1711993443 595051624 0
1711993444 595051624 0
1711993444 850174114 0
1711993445 595051624 0
1711993446 595051624 0
1711993446 850174114 0
1711993447 595051624 0
1711993448 850174114 0
1711993449 595051624 0
1711993450 595051624 0
1711993450 850174114 0
1711993451 595051624 0
1711993452 595051624 0
1711993452 850174114 0
1711993453 595051624 0
1711993454 595051624 0
1711993454 850174114 0
1711993456 595051624 0
1711993456 850174114 0
1711993457 595051624 0
1711993458 595051624 0
1711993458 850174114 0
1711993459 595051624 0
1711993460 595051624 0
1711993460 850174114 0
1711993461 595051624 0
1711993462 850174114 0
1711993463 595051624 0
1711993464 595051624 0
1711993464 850174114 0
1711993465 595051624 0
1711993466 595051624 0
1711993466 850174114 0
1711993467 595051624 0
1711993468 850174114 0
1711993468 595051624 0
1711993470 595051624 0
1711993470 850174114 0
1711993471 595051624 0
1711993472 595051624 0
1711993472 850174114 0
1711993473 595051624 0
1711993474 595051624 0
1711993474 850174114 0
1711993475 595051624 0
1711993476 850174114 0
1711993476 595051624 0
1711993478 595051624 0
1711993478 850174114 0
1711993479 595051624 0
1711993480 595051624 0
1711993480 850174114 0
1711993481 595051624 0
1711993482 850174114 0
1711993482 595051624 0
1711993484 595051624 0
1711993484 850174114 0
1711993485 595051624 0
1711993486 595051624 0
1711993486 850174114 0
1711993487 595051624 0
1711993488 595051624 0
1711993488 850174114 0
1711993489 595051624 0
1711993490 850174114 0
1711993490 595051624 0
1711993492 595051624 0
1711993492 850174114 0
1711993493 595051624 0
1711993494 595051624 0
1711993494 850174114 0
1711993495 595051624 0
1711993496 595051624 0
1711993496 850174114 0
1711993497 595051624 0
1711993498 850174114 0
1711993498 595051624 0
1711993500 595051624 0
1711993500 850174114 0
1711993501 595051624 0
1711993502 595051624 0
1711993502 850174114 0
1711993503 595051624 0
1711993504 595051624 0
1711993504 850174114 0
1711993506 595051624 0
1711993506 850174114 0
1711993507 595051624 0
1711993508 595051624 0
1711993508 850174114 0
1711993509 595051624 0
1711993510 595051624 0
1711993510 850174114 0
1711993511 595051624 0
1711993512 850174114 0
1711993512 595051624 0
1711993514 595051624 0
1711993514 850174114 0
1711993515 595051624 0
1711993516 595051624 0
1711993516 850174114 0
1711993517 595051624 0
1711993518 595051624 0
1711993518 850174114 0
1711993519 595051624 0
1711993520 850174114 0
1711993520 595051624 0
1711993522 595051624 0
1711993522 850174114 0
1711993523 595051624 0
1711993524 595051624 0
1711993524 850174114 0
1711993525 595051624 0
1711993526 595051624 0
1711993526 850174114 0
1711993527 595051624 0
1711993528 850174114 0
1711993528 595051624 0
1711993530 595051624 0
1711993530 850174114 0
1711993531 595051624 0
1711993532 595051624 0
1711993532 850174114 0
1711993533 595051624 0
1711993534 595051624 0
1711993534 850174114 0
1711993535 595051624 0
1711993536 850174114 0
1711993536 595051624 0
1711993538 595051624 0
1711993538 850174114 0
1711993539 595051624 0
1711993540 595051624 0
1711993540 850174114 0
1711993541 595051624 0
1711993541 850174114 1
1711993542 595051624 0
1711993543 850174114 1
1711993543 595051624 0
1711993544 850174114 1
1711993544 595051624 0
1711993545 850174114 1
1711993546 850174114 1
1711993546 595051624 0
1711993547 595051624 0
1711993548 595051624 0
1711993549 595051624 0
1711993550 595051624 0
1711993552 595051624 0
1711993553 595051624 0
1711993554 595051624 0
1711993555 595051624 0
1711993556 595051624 0
1711993557 850174114 1
1711993557 595051624 0
1711993558 850174114 1
1711993558 595051624 0
1711993559 850174114 1
1711993560 595051624 0
1711993560 850174114 1
1711993561 595051624 0
1711993561 850174114 1
1711993562 595051624 0
1711993563 850174114 1
1711993563 595051624 0
1711993564 850174114 1
1711993564 595051624 0
1711993565 850174114 1
1711993566 595051624 0
1711993566 850174114 1
1711993567 595051624 0
1711993567 850174114 1
1711993568 595051624 0
1711993568 850174114 1
1711993569 595051624 0
1711993569 850174114 1
1711993570 595051624 0
1711993571 850174114 1
1711993571 595051624 0
1711993572 850174114 1
1711993572 595051624 0
1711993573 850174114 0
1711993574 595051624 0
1711993575 595051624 0
1711993575 850174114 0
1711993576 595051624 0
1711993577 595051624 0
1711993577 850174114 0
1711993578 595051624 0
1711993579 850174114 1
1711993579 595051624 0
1711993580 850174114 1
1711993581 595051624 0
1711993581 850174114 1
1711993582 595051624 0
1711993582 850174114 1
1711993583 595051624 0
1711993583 850174114 1
1711993584 595051624 0
1711993584 850174114 0
1711993585 595051624 0
1711993586 595051624 0
1711993586 850174114 0
1711993587 595051624 0
1711993588 850174114 0
1711993589 595051624 0
1711993590 595051624 0
1711993590 850174114 0
1711993591 595051624 0
1711993592 595051624 0
1711993592 850174114 0
1711993593 595051624 0
1711993594 850174114 0
1711993594 595051624 0
1711993595 595051624 0
1711993596 850174114 0
1711993597 595051624 0
1711993598 595051624 0
1711993598 850174114 0
1711993599 595051624 0
1711993600 595051624 0
1711993600 850174114 0
1711993601 595051624 0
1711993602 850174114 0
1711993602 595051624 0
1711993604 595051624 0
1711993604 850174114 0
1711993605 595051624 0
1711993606 595051624 0
1711993606 850174114 0
1711993607 595051624 0
1711993608 595051624 0
1711993608 850174114 0
1711993609 595051624 0
1711993610 850174114 0
1711993610 595051624 0
1711993612 595051624 0
1711993612 850174114 0
1711993613 595051624 0
1711993614 595051624 0
1711993614 850174114 0
1711993615 595051624 0
1711993616 595051624 0
1711993616 850174114 0
1711993617 595051624 0
1711993618 850174114 0
1711993618 595051624 0
1711993620 595051624 0
1711993620 850174114 0
1711993621 595051624 0
1711993621 120880627 1
1711993622 595051624 0
1711993622 120880627 1
1711993622 850174114 0
1711993623 595051624 0
1711993623 120880627 1
1711993624 595051624 0
1711993624 850174114 0
1711993625 120880627 1
1711993625 595051624 0
1711993626 120880627 1
1711993626 850174114 0
1711993626 595051624 0
1711993627 120880627 1
1711993628 595051624 0
1711993628 120880627 1
1711993628 850174114 0
1711993629 595051624 0
1711993629 120880627 1
1711993630 595051624 0
1711993630 850174114 0
1711993631 120880627 1
1711993631 595051624 0
1711993632 120880627 1
1711993632 595051624 0
1711993632 850174114 0
1711993633 120880627 1
1711993633 595051624 0
1711993634 120880627 1
1711993634 850174114 0
1711993635 595051624 0
1711993635 120880627 1
1711993636 595051624 0
1711993636 850174114 0
1711993637 120880627 1
1711993637 595051624 0
1711993638 120880627 1
1711993638 595051624 0
1711993638 850174114 0
1711993639 120880627 1
1711993639 595051624 0
1711993640 595051624 0
1711993640 120880627 1
1711993640 850174114 0
1711993641 595051624 0
1711993642 120880627 1
1711993642 850174114 0
1711993643 595051624 0
1711993643 120880627 1
1711993644 595051624 0
1711993644 120880627 1
1711993644 850174114 0
1711993645 595051624 0
1711993645 120880627 1
1711993646 595051624 0
1711993646 850174114 0
1711993647 120880627 1
1711993647 595051624 0
1711993648 120880627 1
1711993648 850174114 0
1711993648 595051624 0
1711993649 120880627 1
1711993650 595051624 0
1711993650 850174114 0
1711993651 120880627 1
1711993651 595051624 0
1711993652 120880627 1
1711993652 595051624 0
1711993652 850174114 0
1711993653 595051624 0
1711993653 120880627 1
1711993654 595051624 0
1711993654 120880627 1
1711993654 850174114 0
1711993655 595051624 0
1711993655 120880627 1
1711993656 850174114 0
1711993656 595051624 0
1711993656 120880627 1
1711993658 595051624 0
1711993658 120880627 1
1711993658 850174114 0
1711993659 595051624 0
1711993659 120880627 1
1711993660 595051624 0
1711993660 850174114 0
1711993661 120880627 1
1711993661 595051624 0
1711993662 120880627 1
1711993662 595051624 0
1711993662 850174114 0
1711993663 120880627 1
1711993663 595051624 0
1711993664 120880627 1
1711993664 850174114 0
1711993664 595051624 0
1711993666 120880627 1
1711993666 595051624 0
1711993666 850174114 0
1711993667 120880627 1
1711993667 595051624 0
1711993668 120880627 1
1711993668 595051624 0
1711993668 850174114 0
1711993669 595051624 0
1711993670 595051624 0
1711993670 850174114 0
1711993671 595051624 0
1711993672 850174114 0
1711993672 595051624 0
1711993674 595051624 0
1711993674 850174114 0
1711993675 595051624 0
1711993676 595051624 0
1711993676 850174114 0
1711993677 595051624 0
1711993678 595051624 0
1711993678 850174114 0
1711993679 595051624 0
1711993680 850174114 0
1711993680 595051624 0
1711993682 595051624 0
1711993682 850174114 0
1711993683 595051624 0
1711993684 595051624 0
1711993684 850174114 0
1711993685 595051624 0
1711993686 595051624 0
1711993686 850174114 0
1711993687 595051624 0
1711993688 850174114 0
1711993688 595051624 0
1711993690 595051624 0
1711993690 850174114 0
1711993691 595051624 0
1711993692 595051624 0
1711993692 850174114 0
1711993693 595051624 0
1711993694 595051624 0
1711993694 850174114 0
1711993695 595051624 0
1711993696 850174114 0
1711993696 595051624 0
1711993698 595051624 0
1711993698 850174114 0
1711993699 595051624 0
1711993700 595051624 0
1711993700 850174114 0
1711993701 595051624 0
1711993702 595051624 0
1711993702 850174114 0
1711993703 595051624 0
1711993704 850174114 0
1711993704 595051624 0
1711993706 595051624 0
1711993706 850174114 0
1711993707 595051624 0
1711993708 595051624 0
1711993708 850174114 0
1711993709 595051624 0
1711993710 595051624 0
1711993710 850174114 0
1711993711 595051624 0
1711993712 850174114 0
1711993713 595051624 0
1711993714 595051624 0
1711993714 850174114 0
1711993715 595051624 0
1711993716 595051624 0
1711993716 850174114 0
1711993717 595051624 0
1711993718 595051624 0
1711993718 850174114 0
1711993719 595051624 0
1711993720 850174114 0
1711993720 595051624 0
1711993722 595051624 0
1711993722 850174114 0
1711993723 595051624 0
1711993724 595051624 0
1711993724 850174114 0
1711993725 595051624 0
1711993726 595051624 0
1711993726 850174114 0
1711993727 595051624 0
1711993728 850174114 0
1711993728 595051624 0
1711993730 595051624 0
1711993730 850174114 0
1711993731 595051624 0
1711993732 595051624 0
1711993732 850174114 0
1711993733 595051624 0
1711993734 595051624 0
1711993734 850174114 0
1711993735 595051624 0
1711993736 850174114 0
1711993737 595051624 0
1711993738 595051624 0
1711993738 850174114 0
1711993739 595051624 0
1711993740 850174114 0
1711993741 595051624 0
1711993742 595051624 0
1711993742 850174114 0
1711993743 595051624 0
1711993744 595051624 0
1711993744 850174114 0
1711993745 595051624 0
1711993746 850174114 0
1711993746 595051624 0
1711993748 595051624 0
1711993748 850174114 0
1711993749 595051624 0
1711993750 595051624 0
1711993750 850174114 0
1711993751 595051624 0
1711993752 595051624 0
1711993752 850174114 0
1711993753 595051624 0
1711993754 850174114 0
1711993754 595051624 0
1711993756 595051624 0
1711993756 850174114 0
1711993757 595051624 0
1711993758 595051624 0
1711993758 850174114 0
1711993759 595051624 0
1711993760 595051624 0
1711993760 850174114 0
1711993761 595051624 0
1711993762 850174114 0
1711993762 595051624 0
1711993764 595051624 0
1711993764 850174114 0
1711993765 595051624 0
1711993766 595051624 0
1711993766 850174114 0
1711993767 595051624 0
1711993768 850174114 0
1711993769 595051624 0
1711993770 850174114 0
1711993771 595051624 0
1711993772 595051624 0
1711993772 850174114 0
1711993773 595051624 0
1711993774 595051624 0
1711993774 850174114 0
1711993775 595051624 0
1711993776 595051624 0
1711993776 850174114 0
1711993777 595051624 0
1711993778 850174114 0
1711993779 595051624 0
1711993780 595051624 0
1711993780 850174114 0
1711993781 595051624 0
1711993782 595051624 0
1711993782 850174114 0
1711993783 595051624 0
1711993784 850174114 0
1711993784 595051624 0
1711993786 595051624 0
1711993786 850174114 0
1711993787 595051624 0
1711993788 595051624 0
1711993788 850174114 0
1711993789 595051624 0
1711993790 595051624 0
1711993790 850174114 0
1711993791 595051624 0
1711993792 595051624 0
1711993792 850174114 0
1711993794 595051624 0
1711993794 850174114 0
1711993795 595051624 0
1711993796 595051624 0
1711993796 850174114 0
1711993797 595051624 0
1711993798 595051624 0
1711993798 850174114 0
1711993799 595051624 0
1711993800 850174114 0
1711993800 595051624 0
1711993802 595051624 0
1711993802 850174114 0
1711993803 595051624 0
1711993804 595051624 0
1711993804 850174114 0
1711993805 595051624 0
1711993806 595051624 0
1711993806 850174114 0
1711993807 595051624 0
1711993808 850174114 0
1711993808 595051624 0
1711993810 595051624 0
1711993810 850174114 0
1711993811 595051624 0
1711993812 595051624 0
1711993812 850174114 0
1711993813 595051624 0
1711993814 850174114 0
1711993814 595051624 0
1711993816 595051624 0
1711993816 850174114 0
1711993817 595051624 0
1711993818 595051624 0
1711993818 850174114 0
1711993819 595051624 0
1711993820 595051624 0
1711993820 850174114 0
1711993821 595051624 0
1711993822 595051624 0
1711993822 850174114 0
1711993823 595051624 0
1711993824 850174114 0
1711993825 595051624 0
1711993826 595051624 0
1711993826 850174114 0
1711993827 595051624 0
1711993828 595051624 0
1711993828 850174114 0
1711993829 595051624 0
1711993830 595051624 0
1711993830 850174114 0
1711993831 595051624 0
1711993832 850174114 0
1711993833 595051624 0
1711993834 595051624 0
1711993834 850174114 0
1711993835 595051624 0
1711993836 595051624 0
1711993836 850174114 0
1711993837 595051624 0
1711993838 595051624 0
1711993838 850174114 0
1711993839 595051624 0
1711993840 850174114 0
1711993841 595051624 0
1711993842 595051624 0
1711993842 850174114 0
1711993843 595051624 0
1711993844 595051624 0
1711993844 850174114 0
1711993845 595051624 0
1711993846 850174114 0
1711993846 595051624 0
1711993848 595051624 0
1711993848 850174114 0
1711993849 595051624 0
1711993850 595051624 0
1711993850 850174114 0
1711993851 595051624 0
1711993852 595051624 0
1711993852 850174114 0
1711993853 595051624 0
1711993854 595051624 0
1711993854 850174114 0
1711993855 595051624 0
1711993856 850174114 0
1711993857 595051624 0
1711993858 595051624 0
1711993858 850174114 0
1711993859 595051624 0
1711993860 595051624 0
1711993860 850174114 0
1711993861 595051624 0
1711993862 595051624 0
1711993862 850174114 0
1711993863 595051624 0
1711993864 850174114 0
1711993865 595051624 0
1711993866 595051624 0
1711993866 850174114 0
1711993867 595051624 0
1711993868 595051624 0
1711993868 850174114 0
1711993869 595051624 0
1711993870 595051624 0
1711993870 850174114 0
1711993871 595051624 0
1711993872 850174114 0
1711993873 595051624 0
1711993874 595051624 0
1711993874 850174114 0
1711993875 595051624 0
1711993876 595051624 0
1711993876 850174114 0
1711993877 595051624 0
1711993878 595051624 0
1711993878 850174114 0
1711993879 595051624 0
1711993880 850174114 0
1711993881 595051624 0
1711993882 595051624 0
1711993882 850174114 0
1711993883 595051624 0
1711993884 595051624 0
1711993884 850174114 0
1711993885 595051624 0
1711993886 595051624 0
1711993886 850174114 0
1711993887 595051624 0
1711993888 850174114 0
1711993889 595051624 0
1711993890 595051624 0
1711993890 850174114 0
1711993891 595051624 0
1711993892 595051624 0
1711993892 850174114 0
1711993893 595051624 0
1711993894 595051624 0
1711993894 850174114 0
1711993895 595051624 0
1711993896 850174114 0
1711993897 595051624 0
1711993898 595051624 0
1711993898 850174114 0
1711993899 595051624 0
1711993900 595051624 0
1711993900 850174114 0
1711993901 595051624 0
1711993902 850174114 0
1711993902 595051624 0
1711993903 595051624 0
1711993904 850174114 0
1711993905 595051624 0
1711993906 595051624 0
1711993906 850174114 0
1711993907 595051624 0
1711993908 595051624 0
1711993908 850174114 0
1711993909 595051624 0
1711993910 595051624 0
1711993910 850174114 0
1711993912 595051624 0
1711993912 850174114 0
1711993913 595051624 0
1711993914 595051624 0
1711993914 850174114 0
1711993915 595051624 0
1711993916 595051624 0
1711993916 850174114 0
1711993917 595051624 0
1711993918 595051624 0
1711993918 850174114 0
1711993919 595051624 0
1711993920 850174114 0
1711993921 595051624 0
1711993922 595051624 0
1711993922 850174114 0
1711993923 595051624 0
1711993924 595051624 0
1711993924 850174114 0
1711993925 595051624 0
1711993926 850174114 0
1711993926 595051624 0
1711993928 595051624 0
1711993928 850174114 0
1711993929 595051624 0
1711993930 595051624 0
1711993930 850174114 0
1711993931 595051624 0
1711993932 595051624 0
1711993932 850174114 0
1711993933 595051624 0
1711993934 850174114 0
1711993934 595051624 0
1711993936 595051624 0
1711993936 850174114 0
1711993937 595051624 0
1711993938 595051624 0
1711993938 850174114 0
1711993939 595051624 0
1711993940 595051624 0
1711993940 850174114 0
1711993941 595051624 0
1711993942 850174114 0
1711993942 595051624 0
1711993944 595051624 0
1711993944 850174114 0
1711993945 595051624 0
1711993946 595051624 0
1711993946 850174114 0
1711993947 595051624 0
1711993948 595051624 0
1711993948 850174114 0
1711993949 595051624 0
1711993950 850174114 0
1711993950 595051624 0
1711993952 595051624 0
1711993952 850174114 0
1711993953 595051624 0
1711993954 595051624 0
1711993954 850174114 0
1711993955 595051624 0
1711993956 595051624 0
1711993956 850174114 0
1711993957 595051624 0
1711993958 850174114 0
1711993959 595051624 0
1711993960 595051624 0
1711993960 850174114 0
1711993961 595051624 0
1711993962 595051624 0
1711993962 850174114 0
1711993963 595051624 0
1711993964 850174114 0
1711993964 595051624 0
1711993966 595051624 0
1711993966 850174114 0
1711993967 595051624 0
1711993968 595051624 0
1711993968 850174114 0
1711993969 595051624 0
1711993970 850174114 0
1711993970 595051624 0
1711993972 595051624 0
1711993972 850174114 0
1711993973 595051624 0
1711993974 595051624 0
1711993974 850174114 0
1711993975 595051624 0
1711993976 595051624 0
1711993976 850174114 0
1711993977 595051624 0
1711993978 850174114 0
1711993979 595051624 0
1711993980 595051624 0
1711993980 850174114 0
1711993981 595051624 0
1711993982 850174114 0
1711993982 595051624 0
1711993984 595051624 0
1711993984 850174114 0
1711993985 595051624 0
1711993986 595051624 0
1711993986 850174114 0
1711993987 595051624 0
1711993988 595051624 0
1711993988 850174114 0
1711993989 595051624 0
1711993990 850174114 0
1711993990 595051624 0
1711993992 595051624 0
1711993992 850174114 0
1711993993 595051624 0
1711993994 595051624 0
1711993994 850174114 0
1711993995 595051624 0
1711993996 595051624 0
1711993996 850174114 0
1711993997 595051624 0
1711993998 595051624 0
1711993998 850174114 0
1711993999 595051624 0
1711994000 850174114 0
1711994001 595051624 0
1711994002 595051624 0
1711994002 850174114 0
1711994003 595051624 0
1711994004 595051624 0
1711994004 850174114 0
1711994005 595051624 0
1711994006 850174114 0
1711994006 595051624 0
1711994008 595051624 0
1711994008 850174114 0
1711994009 595051624 0
1711994010 595051624 0
1711994010 850174114 0
1711994011 595051624 0
1711994012 595051624 0
1711994012 850174114 0
1711994013 595051624 0
1711994014 595051624 0
1711994014 850174114 0
1711994015 595051624 0
1711994016 850174114 0
1711994017 595051624 0
1711994018 595051624 0
1711994018 850174114 0
1711994019 595051624 0
1711994020 595051624 0
1711994020 850174114 0
1711994021 595051624 0
1711994022 850174114 0
1711994022 595051624 0
1711994024 595051624 0
1711994024 850174114 0
1711994025 595051624 0
1711994026 595051624 0
1711994026 850174114 0
1711994027 595051624 0
1711994028 595051624 0
1711994028 850174114 0
1711994029 595051624 0
1711994030 850174114 0
1711994030 595051624 0
1711994032 595051624 0
1711994032 850174114 0
1711994033 595051624 0
1711994034 595051624 0
1711994034 850174114 0
1711994035 595051624 0
1711994036 595051624 0
1711994036 850174114 0
1711994037 595051624 0
1711994038 850174114 0
1711994039 595051624 0
1711994040 595051624 0
1711994040 850174114 0
1711994041 595051624 0
1711994042 595051624 0
1711994042 850174114 0
1711994043 595051624 0
1711994044 595051624 0
1711994046 595051624 0
1711994047 595051624 0
1711994048 595051624 0
1711994049 595051624 0
1711994050 595051624 0
1711994051 595051624 0
1711994052 595051624 0
1711994054 595051624 0
1711994055 595051624 0
1711994056 595051624 0
1711994057 595051624 0
1711994058 595051624 0
1711994059 595051624 0
1711994061 595051624 0
1711994062 595051624 0
1711994063 595051624 0
1711994064 595051624 0
1711994065 595051624 0
1711994066 595051624 0
1711994067 595051624 0
1711994069 595051624 0
1711994070 595051624 0
1711994071 595051624 0
1711994072 595051624 0
1711994073 595051624 0
1711994074 595051624 0
1711994076 595051624 0
1711994077 595051624 0
1711994078 595051624 0
1711994079 595051624 0
1711994080 595051624 0
1711994081 595051624 0
1711994082 595051624 0
1711994084 595051624 0
1711994085 595051624 0
1711994086 595051624 0
1711994087 595051624 0
1711994088 595051624 0
1711994089 595051624 0
1711994091 595051624 0
1711994092 595051624 0
1711994093 595051624 0
1711994094 595051624 0
1711994095 595051624 0
1711994096 595051624 0
1711994097 595051624 0
1711994099 595051624 0
1711994100 595051624 0
1711994101 595051624 0
1711994102 595051624 0
1711994103 595051624 0
1711994104 595051624 0
1711994106 595051624 0
1711994107 595051624 0
1711994108 595051624 0
1711994109 595051624 0
1711994110 595051624 0
1711994111 595051624 0
1711994112 595051624 0
1711994114 595051624 0
1711994115 595051624 0
1711994116 595051624 0
1711994117 595051624 0
1711994118 595051624 0
1711994119 595051624 0
1711994121 595051624 0
1711994122 595051624 0
1711994123 595051624 0
1711994124 595051624 0
1711994125 595051624 0
1711994126 595051624 0
1711994127 595051624 0
1711994129 595051624 0
1711994130 595051624 0
1711994131 595051624 0
1711994132 595051624 0
1711994133 595051624 0
1711994134 595051624 0
1711994135 595051624 0
1711994136 595051624 0
1711994138 595051624 0
1711994139 595051624 0
1711994140 595051624 0
1711994141 595051624 0
1711994142 595051624 0
1711994144 595051624 0
1711994145 595051624 0
1711994146 595051624 0
1711994147 595051624 0
1711994148 595051624 0
1711994149 595051624 0
1711994150 595051624 0
1711994152 595051624 0
1711994153 595051624 0
1711994154 595051624 0
1711994155 595051624 0
1711994156 595051624 0
1711994157 595051624 0
1711994158 595051624 0
1711994159 595051624 0
1711994161 595051624 0
1711994162 595051624 0
1711994163 595051624 0
1711994164 595051624 0
1711994165 595051624 0
1711994166 595051624 0
1711994167 595051624 0
1711994169 595051624 0
1711994170 595051624 0
1711994171 595051624 0
1711994172 595051624 0
1711994173 595051624 0
1711994174 595051624 0
1711994175 595051624 0
1711994177 595051624 0
1711994178 595051624 0
1711994179 595051624 0
1711994180 595051624 0
1711994181 595051624 0
1711994182 595051624 0
1711994183 595051624 0
1711994185 595051624 0
1711994186 595051624 0
1711994187 595051624 0
1711994188 595051624 0
1711994189 595051624 0
1711994190 595051624 0
1711994191 595051624 0
1711994193 595051624 0
1711994194 595051624 0
1711994195 595051624 0
1711994196 595051624 0
1711994197 595051624 0
1711994198 595051624 0
1711994199 595051624 0
1711994201 595051624 0
1711994202 595051624 0
1711994203 595051624 0
1711994204 595051624 0
1711994205 595051624 0
1711994206 595051624 0
1711994208 595051624 0
1711994209 595051624 0
1711994210 595051624 0
1711994211 595051624 0
1711994212 595051624 0
1711994213 595051624 0
1711994215 595051624 0
1711994216 595051624 0
1711994217 595051624 0
1711994218 595051624 0
1711994219 595051624 0
1711994220 595051624 0
1711994221 595051624 0
1711994223 595051624 0
1711994224 595051624 0
1711994225 595051624 0
1711994226 595051624 0
1711994227 595051624 0
1711994228 595051624 0
1711994229 595051624 0
1711994231 595051624 0
1711994232 595051624 0
1711994233 595051624 0
1711994234 595051624 0
1711994235 595051624 0
1711994236 595051624 0
1711994237 595051624 0
1711994238 595051624 0
1711994240 595051624 0
1711994241 595051624 0
1711994242 595051624 0
1711994243 595051624 0
1711994244 595051624 0
1711994245 595051624 0
1711994247 595051624 0
1711994248 595051624 0
1711994249 595051624 0
1711994250 595051624 0
1711994251 595051624 0
1711994252 595051624 0
1711994253 595051624 0
1711994255 595051624 0
1711994256 595051624 0
1711994257 595051624 0
1711994258 595051624 0
1711994259 595051624 0
1711994260 595051624 0
1711994262 595051624 0
1711994263 595051624 0
1711994264 595051624 0
1711994265 595051624 0
1711994266 595051624 0
1711994267 595051624 0
1711994268 595051624 0
1711994269 595051624 0
1711994271 595051624 0
1711994272 595051624 0
1711994273 675758434 1
1711994273 595051624 0
1711994274 595051624 0
1711994274 675758434 1
1711994275 595051624 0
1711994275 675758434 1
1711994276 595051624 0
1711994277 675758434 1
1711994277 595051624 0
1711994278 675758434 1
1711994279 595051624 0
1711994279 675758434 1
1711994280 595051624 0
1711994280 675758434 1
1711994281 595051624 0
1711994282 675758434 1
1711994282 595051624 0
1711994283 675758434 1
1711994283 595051624 0
1711994284 675758434 1
1711994284 595051624 0
1711994285 675758434 1
1711994285 595051624 0
1711994287 595051624 0
1711994287 675758434 1
1711994288 595051624 0
1711994288 675758434 1
1711994289 595051624 0
1711994289 675758434 1
1711994290 675758434 1
1711994290 595051624 0
1711994291 675758434 1
1711994291 595051624 0
1711994292 675758434 1
1711994292 595051624 0
1711994293 595051624 0
1711994294 675758434 1
1711994295 595051624 0
1711994295 675758434 1
1711994296 595051624 0
1711994296 675758434 1
1711994297 595051624 0
1711994297 675758434 1
1711994298 243846335 0
1711994298 595051624 0
1711994299 675758434 1
1711994299 243846335 0
1711994299 595051624 0
1711994299 243846335 0
1711994300 675758434 1
1711994300 595051624 0
1711994300 243846335 0
1711994301 675758434 1
1711994302 595051624 0
1711994302 243846335 0
1711994302 675758434 1
1711994303 595051624 0
1711994303 243846335 0
1711994304 675758434 1
1711994304 595051624 0
1711994304 243846335 0
1711994305 675758434 1
1711994305 595051624 0
1711994305 243846335 0
1711994306 595051624 0
1711994306 675758434 1
1711994306 243846335 0
1711994307 595051624 0
1711994307 675758434 1
1711994307 243846335 0
1711994308 595051624 0
1711994309 675758434 1
1711994309 243846335 0
1711994309 595051624 0
1711994310 243846335 0
1711994310 675758434 1
1711994311 595051624 0
1711994311 675758434 1
1711994312 595051624 0
1711994313 675758434 1
1711994313 595051624 0
1711994314 675758434 1
1711994314 595051624 0
1711994315 675758434 1
1711994315 595051624 0
1711994316 675758434 1
1711994316 595051624 0
1711994317 675758434 1
1711994318 595051624 0
1711994319 595051624 0
1711994319 675758434 1
1711994320 595051624 0
1711994320 675758434 1
1711994321 595051624 0
1711994321 675758434 1
1711994322 595051624 0
1711994322 675758434 1
1711994323 595051624 0
1711994324 675758434 1
1711994324 595051624 0
1711994325 675758434 1
1711994325 595051624 0
1711994326 675758434 1
1711994327 595051624 0
1711994327 675758434 1
1711994328 595051624 0
1711994329 675758434 1
1711994329 595051624 0
1711994330 675758434 1
1711994330 595051624 0
1711994331 595051624 0
1711994332 595051624 0
1711994333 595051624 0
1711994335 595051624 0
1711994336 595051624 0
1711994337 595051624 0
1711994338 595051624 0
1711994339 675758434 1
1711994339 595051624 0
1711994340 675758434 1
1711994340 595051624 0
1711994341 595051624 0
1711994342 675758434 1
1711994343 595051624 0
1711994343 675758434 1
1711994344 595051624 0
1711994344 675758434 1
1711994345 595051624 0
1711994345 675758434 1
1711994346 595051624 0
1711994347 675758434 1
1711994347 595051624 0
1711994348 675758434 1
1711994348 595051624 0
1711994349 675758434 1
1711994349 595051624 0
1711994350 675758434 1
1711994351 595051624 0
1711994352 675758434 1
1711994352 595051624 0
1711994353 675758434 1
1711994353 595051624 0
1711994354 595051624 0
1711994354 675758434 1
1711994355 595051624 0
1711994355 675758434 1
1711994356 595051624 0
1711994357 675758434 1
1711994357 595051624 0
1711994358 675758434 1
1711994359 595051624 0
1711994359 675758434 1
1711994360 595051624 0
1711994361 595051624 0
1711994361 675758434 1
1711994362 595051624 0
1711994362 675758434 1
1711994363 595051624 0
1711994363 675758434 1
1711994364 595051624 0
1711994365 675758434 1
1711994365 595051624 0
1711994366 675758434 1
1711994367 595051624 0
1711994367 675758434 1
1711994368 595051624 0
1711994369 675758434 1
1711994369 595051624 0
1711994370 675758434 1
1711994370 595051624 0
1711994371 675758434 1
1711994371 595051624 0
1711994372 595051624 0
1711994372 675758434 1
1711994373 595051624 0
1711994374 675758434 1
1711994375 595051624 0
1711994375 675758434 1
1711994376 595051624 0
1711994376 675758434 1
1711994377 595051624 0
1711994378 675758434 1
1711994378 595051624 0
1711994379 675758434 1
1711994379 595051624 0
1711994380 675758434 1
1711994380 595051624 0
1711994381 675758434 1
1711994382 595051624 0
1711994383 595051624 0
1711994383 675758434 1
1711994384 595051624 0
1711994384 675758434 1
1711994385 595051624 0
1711994385 675758434 1
1711994386 595051624 0
1711994387 675758434 1
1711994387 595051624 0
1711994388 675758434 1
1711994389 595051624 0
1711994389 675758434 1
1711994390 595051624 0
1711994390 675758434 1
1711994391 595051624 0
1711994392 675758434 1
1711994392 595051624 0
1711994393 675758434 1
1711994393 595051624 0
1711994394 675758434 1
1711994394 595051624 0
1711994395 595051624 0
1711994395 675758434 1
1711994397 595051624 0
1711994397 675758434 1
1711994398 595051624 0
1711994398 675758434 1
1711994399 595051624 0
1711994399 675758434 1
1711994400 595051624 0
1711994400 675758434 1
1711994401 595051624 0
1711994402 675758434 1
1711994402 595051624 0
1711994403 675758434 1
1711994403 595051624 0
1711994404 675758434 1
1711994405 595051624 0
1711994405 675758434 1
1711994406 595051624 0
1711994407 675758434 1
1711994407 595051624 0
1711994408 595051624 0
1711994408 675758434 1
1711994409 595051624 0
1711994409 675758434 1
1711994410 595051624 0
1711994410 675758434 1
1711994411 595051624 0
1711994412 675758434 1
1711994412 595051624 0
1711994413 675758434 1
1711994414 595051624 0
1711994414 675758434 1
1711994415 595051624 0
1711994416 675758434 1
1711994416 595051624 0
1711994417 675758434 1
1711994417 595051624 0
1711994418 675758434 1
1711994418 595051624 0
1711994419 675758434 1
1711994419 595051624 0
1711994420 595051624 0
1711994421 675758434 1
1711994422 595051624 0
1711994422 675758434 1
1711994423 595051624 0
1711994423 675758434 1
1711994424 595051624 0
1711994424 675758434 1
1711994425 595051624 0
1711994426 675758434 1
1711994426 595051624 0
1711994427 675758434 1
1711994427 595051624 0
1711994428 675758434 1
1711994428 595051624 0
1711994429 675758434 1
1711994430 595051624 0
1711994431 675758434 1
1711994431 595051624 0
1711994432 675758434 0
1711994432 595051624 0
1711994433 675758434 0
1711994434 595051624 0
1711994435 595051624 0
1711994435 675758434 0
1711994436 595051624 0
1711994437 675758434 0
1711994437 595051624 0
1711994439 595051624 0
1711994439 675758434 0
1711994440 595051624 0
1711994441 595051624 0
1711994441 675758434 0
1711994442 595051624 0
1711994442 903580650 1
1711994443 595051624 0
1711994443 675758434 0
1711994443 903580650 1
1711994444 595051624 0
1711994445 903580650 1
1711994445 675758434 0
1711994445 595051624 0
1711994446 903580650 1
1711994447 595051624 0
1711994447 903580650 1
1711994447 675758434 0
1711994448 595051624 0
1711994448 903580650 1
1711994449 595051624 0
1711994449 675758434 0
1711994449 903580650 1
1711994450 595051624 0
1711994450 903580650 1
1711994451 595051624 0
1711994451 675758434 0
1711994451 903580650 1
1711994452 595051624 0
1711994453 903580650 1
1711994453 675758434 0
1711994453 595051624 0
1711994454 903580650 1
1711994455 595051624 0
1711994455 903580650 1
1711994455 675758434 0
1711994456 595051624 0
1711994456 903580650 1
1711994457 595051624 0
1711994457 675758434 0
1711994458 903580650 1
1711994458 595051624 0
1711994459 903580650 1
1711994459 675758434 0
1711994460 595051624 0
1711994460 903580650 1
1711994461 595051624 0
1711994461 903580650 1
1711994461 675758434 0
1711994462 595051624 0
1711994462 903580650 1
1711994463 595051624 0
1711994463 675758434 0
1711994463 903580650 1
1711994464 595051624 0
1711994465 903580650 0
1711994465 675758434 0
1711994465 595051624 0
1711994466 595051624 0
1711994467 903580650 0
1711994467 675758434 0
1711994468 595051624 0
1711994469 595051624 0
1711994469 903580650 0
1711994469 675758434 0
1711994470 595051624 0
1711994471 903580650 0
1711994471 595051624 0
1711994471 675758434 0
1711994472 595051624 0
1711994473 903580650 0
1711994473 675758434 0
1711994473 595051624 0
1711994475 595051624 0
1711994475 903580650 0
1711994475 675758434 0
1711994476 595051624 0
1711994477 903580650 0
1711994477 595051624 0
1711994477 675758434 0
1711994478 595051624 0
1711994479 903580650 0
1711994479 595051624 0
1711994479 675758434 0
1711994480 595051624 0
1711994481 903580650 0
1711994481 675758434 0
1711994481 595051624 0
1711994483 595051624 0
1711994483 903580650 0
1711994483 675758434 0
1711994484 595051624 0
1711994485 595051624 0
1711994485 903580650 0
1711994485 675758434 0
1711994486 595051624 0
1711994487 903580650 0
1711994487 595051624 0
1711994487 675758434 0
1711994488 595051624 0
1711994489 903580650 0
1711994489 675758434 0
1711994489 595051624 0
1711994491 595051624 0
1711994491 903580650 0
1711994491 675758434 0
1711994492 595051624 0
1711994492 675758434 1
1711994493 595051624 0
1711994493 903580650 0
1711994494 675758434 1
1711994494 595051624 0
1711994495 903580650 0
1711994495 675758434 1
1711994495 595051624 0
1711994496 595051624 0
1711994496 675758434 1
1711994497 903580650 0
1711994497 595051624 0
1711994498 675758434 0
1711994498 595051624 0
1711994499 903580650 0
1711994500 595051624 0
1711994500 675758434 0
1711994501 595051624 0
1711994501 903580650 0
1711994502 595051624 0
1711994503 903580650 0
1711994503 595051624 0
1711994504 595051624 0
1711994505 903580650 0
1711994505 595051624 0
1711994506 595051624 0
1711994507 903580650 0
1711994508 595051624 0
1711994509 595051624 0
1711994509 903580650 0
1711994510 595051624 0
1711994510 903580650 1
1711994511 595051624 0
1711994511 903580650 1
1711994512 595051624 0
1711994512 903580650 1
1711994513 595051624 0
1711994514 903580650 0
1711994514 595051624 0
1711994516 595051624 0
1711994516 903580650 0
1711994517 595051624 0
1711994518 903580650 0
1711994518 595051624 0
1711994519 595051624 0
1711994520 903580650 0
1711994520 595051624 0
1711994521 595051624 0
1711994522 903580650 0
1711994522 675758434 0
1711994522 595051624 0
1711994524 595051624 0
1711994524 903580650 0
1711994524 675758434 0
1711994525 595051624 0
1711994526 903580650 0
1711994526 595051624 0
1711994527 595051624 0
1711994528 903580650 0
1711994528 595051624 0
1711994529 595051624 0
1711994530 903580650 0
1711994530 675758434 0
1711994531 595051624 0
1711994532 595051624 0
1711994532 903580650 0
1711994532 675758434 0
1711994533 595051624 0
1711994534 903580650 0
1711994534 595051624 0
1711994535 595051624 0
1711994536 903580650 0
1711994536 595051624 0
1711994537 595051624 0
1711994538 903580650 0
1711994539 595051624 0
1711994540 903580650 0
1711994540 595051624 0
1711994541 595051624 0
1711994542 903580650 0
1711994542 595051624 0
1711994543 595051624 0
1711994544 903580650 0
1711994545 595051624 0
1711994546 595051624 0
1711994546 903580650 0
1711994547 595051624 0
1711994548 903580650 0
1711994548 595051624 0
1711994549 595051624 0
1711994550 903580650 0
1711994551 595051624 0
1711994552 903580650 0
1711994552 595051624 0
1711994553 595051624 0
1711994554 903580650 0
1711994554 595051624 0
1711994555 595051624 0
1711994556 675758434 0
1711994556 903580650 0
1711994557 595051624 0
1711994558 595051624 0
1711994558 903580650 0
1711994559 595051624 0
1711994560 903580650 0
1711994560 595051624 0
1711994561 675758434 0
1711994561 595051624 0
1711994562 903580650 0
1711994562 595051624 0
1711994563 595051624 0
1711994564 903580650 0
1711994565 595051624 0
1711994566 595051624 0
1711994566 903580650 0
1711994567 595051624 0
1711994568 903580650 0
1711994568 595051624 0
1711994569 595051624 0
1711994570 903580650 0
1711994570 595051624 0
1711994572 595051624 0
1711994572 903580650 0
1711994573 595051624 0
1711994574 595051624 0
1711994574 903580650 0
1711994575 595051624 0
1711994576 903580650 0
1711994576 595051624 0
1711994577 595051624 0
1711994578 903580650 0
1711994578 595051624 0
1711994580 595051624 0
1711994580 903580650 0
1711994581 595051624 0
1711994582 903580650 0
1711994582 595051624 0
1711994583 595051624 0
1711994584 903580650 0
1711994584 595051624 0
1711994585 595051624 0
1711994586 903580650 0
1711994587 595051624 0
1711994588 595051624 0
1711994588 903580650 0
1711994589 595051624 0
1711994590 903580650 0
1711994590 595051624 0
1711994591 595051624 0
1711994592 903580650 0
1711994593 595051624 0
1711994594 595051624 0
1711994594 903580650 0
1711994595 595051624 0
1711994596 903580650 0
1711994596 595051624 0
1711994597 595051624 0
1711994598 903580650 0
1711994598 595051624 0
1711994599 595051624 0
1711994600 903580650 0
1711994601 595051624 0
1711994602 595051624 0
1711994602 903580650 0
1711994603 595051624 0
1711994604 903580650 0
1711994604 595051624 0
1711994605 595051624 0
1711994606 903580650 0
1711994606 595051624 0
1711994607 595051624 0
1711994608 903580650 0
1711994609 595051624 0
1711994610 595051624 0
1711994610 903580650 0
1711994611 595051624 0
1711994612 903580650 0
1711994612 595051624 0
1711994613 595051624 0
1711994614 903580650 0
1711994614 595051624 0
1711994616 595051624 0
1711994616 903580650 0
1711994617 595051624 0
1711994618 903580650 0
1711994618 595051624 0
1711994619 595051624 0
1711994620 903580650 0
1711994620 595051624 0
1711994621 595051624 0
1711994622 903580650 0
1711994622 595051624 0
1711994624 595051624 0
1711994624 903580650 0
1711994625 595051624 0
1711994626 903580650 0
1711994626 595051624 0
1711994627 595051624 0
1711994628 903580650 0
1711994628 595051624 0
1711994629 595051624 0
1711994630 903580650 0
1711994631 595051624 0
1711994632 595051624 0
1711994632 903580650 0
1711994633 595051624 0
1711994634 903580650 0
1711994634 595051624 0
1711994635 595051624 0
1711994636 903580650 0
1711994636 595051624 0
1711994637 595051624 0
1711994638 903580650 0
1711994639 595051624 0
1711994640 595051624 0
1711994640 903580650 0
1711994641 595051624 0
1711994642 903580650 0
1711994642 595051624 0
1711994643 595051624 0
1711994644 903580650 0
1711994644 595051624 0
1711994645 595051624 0
1711994646 903580650 0
1711994647 595051624 0
1711994648 595051624 0
1711994648 903580650 0
1711994649 595051624 0
1711994650 903580650 0
1711994650 595051624 0
1711994651 595051624 0
1711994652 903580650 0
1711994652 595051624 0
1711994653 595051624 0
1711994654 903580650 0
1711994655 595051624 0
1711994656 595051624 0
1711994656 903580650 0
1711994657 595051624 0
1711994658 903580650 0
1711994658 595051624 0
1711994659 595051624 0
1711994660 903580650 0
1711994660 595051624 0
1711994661 595051624 0
1711994662 903580650 0
1711994663 595051624 0
1711994664 595051624 0
1711994664 903580650 0
1711994665 595051624 0
1711994666 903580650 0
1711994666 595051624 0
1711994667 595051624 0
1711994668 903580650 0
1711994669 595051624 0
1711994670 595051624 0
1711994670 903580650 0
1711994671 595051624 0
1711994672 903580650 0
1711994672 595051624 0
1711994673 595051624 1
1711994674 903580650 0
1711994676 903580650 0
1711994678 903580650 0
1711994680 903580650 0
1711994682 903580650 0
1711994684 903580650 0
1711994686 903580650 0
1711994688 903580650 0
1711994690 903580650 0
1711994692 903580650 0
1711994694 903580650 0
1711994696 903580650 0
1711994698 903580650 0
1711994700 903580650 0
1711994702 903580650 0
1711994704 903580650 0
1711994706 903580650 0
1711994707 675758434 0
1711994708 903580650 0
1711994708 675758434 0
1711994710 903580650 0
1711994710 675758434 0
1711994712 675758434 1
1711994712 903580650 0
1711994714 903580650 0
1711994715 675758434 1
1711994716 903580650 0
1711994716 675758434 1
1711994717 675758434 1
1711994718 903580650 0
1711994719 675758434 1
1711994720 675758434 1
1711994720 903580650 0
1711994721 675758434 1
1711994722 903580650 0
1711994722 675758434 1
1711994723 675758434 0
1711994724 903580650 0
1711994725 675758434 0
1711994726 903580650 0
1711994727 903580650 1
1711994727 675758434 0
1711994728 903580650 1
1711994728 903580650 1
1711994729 675758434 0
1711994730 903580650 1
1711994731 903580650 1
1711994731 675758434 0
1711994732 903580650 1
1711994733 903580650 1
1711994733 675758434 0
1711994734 903580650 1
1711994735 675758434 0
1711994736 903580650 1
1711994737 675758434 0
1711994738 903580650 0
1711994739 675758434 0
1711994740 903580650 0
1711994741 675758434 0
1711994742 903580650 0
1711994743 675758434 0
1711994744 903580650 0
1711994745 675758434 0
1711994746 903580650 0
1711994747 675758434 0
1711994748 903580650 0
1711994749 675758434 0
1711994750 903580650 0
1711994751 675758434 0
1711994752 903580650 0
1711994753 675758434 0
1711994754 903580650 0
1711994755 675758434 0
1711994756 903580650 0
1711994757 675758434 0
1711994758 903580650 0
1711994759 675758434 0
1711994760 903580650 0
1711994761 675758434 0
1711994762 903580650 0
1711994763 675758434 0
1711994764 903580650 0
1711994765 675758434 0
1711994766 903580650 0
1711994767 675758434 0
1711994768 903580650 0
1711994769 675758434 0
1711994770 903580650 0
1711994771 675758434 0
1711994772 903580650 0
1711994773 675758434 0
1711994774 903580650 0
1711994775 675758434 0
1711994776 903580650 0
1711994777 675758434 0
1711994778 903580650 0
1711994779 675758434 0
1711994780 903580650 0
1711994781 675758434 0
1711994782 903580650 0
1711994783 675758434 0
1711994784 903580650 0
1711994785 675758434 0
1711994786 903580650 0
1711994787 675758434 0
1711994788 903580650 0
1711994789 675758434 0
1711994790 903580650 0
1711994791 675758434 0
1711994792 903580650 0
1711994794 903580650 0
1711994794 675758434 0
1711994796 903580650 0
1711994796 675758434 0
1711994798 903580650 0
1711994798 675758434 0
1711994800 903580650 0
1711994801 675758434 0
1711994802 903580650 0
1711994804 675758434 0
1711994804 903580650 0
1711994805 675758434 0
1711994806 903580650 0
1711994807 675758434 1
1711994808 675758434 0
1711994808 903580650 0
1711994809 675758434 0
1711994810 903580650 0
1711994811 675758434 0
1711994812 903580650 0
1711994813 675758434 0
1711994814 903580650 0
1711994815 675758434 0
1711994816 903580650 0
1711994817 675758434 0
1711994818 903580650 0
1711994819 675758434 0
1711994820 903580650 0
1711994821 675758434 0
1711994822 903580650 0
1711994823 675758434 0
1711994824 903580650 0
1711994825 675758434 0
1711994826 903580650 0
1711994827 675758434 0
1711994828 903580650 0
1711994829 675758434 0
1711994830 903580650 0
1711994831 675758434 0
1711994832 903580650 0
1711994833 675758434 0
1711994834 903580650 0
1711994835 675758434 0
1711994836 903580650 0
1711994837 675758434 0
1711994838 903580650 0
1711994839 675758434 0
1711994840 903580650 0
1711994841 675758434 0
1711994842 903580650 0
1711994843 675758434 0
1711994844 903580650 0
1711994845 675758434 0
1711994846 903580650 0
1711994847 675758434 0
1711994848 903580650 0
1711994849 675758434 0
1711994850 903580650 0
1711994851 675758434 0
1711994852 903580650 0
1711994853 675758434 0
1711994854 903580650 0
1711994855 675758434 0
1711994856 903580650 0
1711994857 675758434 0
1711994858 903580650 0
1711994859 675758434 0
1711994860 903580650 0
1711994861 675758434 0
1711994862 903580650 0
1711994863 675758434 0
1711994864 903580650 0
1711994865 675758434 0
1711994866 903580650 0
1711994867 675758434 0
1711994868 903580650 0
1711994869 675758434 0
1711994870 903580650 0
1711994871 675758434 0
1711994872 903580650 0
1711994873 675758434 0
1711994874 903580650 0
1711994876 903580650 0
1711994878 903580650 0
1711994880 903580650 0
1711994882 903580650 0
1711994883 675758434 0
1711994884 903580650 0
1711994885 675758434 0
1711994886 903580650 0
1711994887 675758434 0
1711994888 903580650 0
1711994889 675758434 0
1711994890 903580650 0
1711994891 675758434 0
1711994892 903580650 0
1711994893 675758434 0
1711994894 903580650 0
1711994895 675758434 0
1711994896 903580650 0
1711994897 675758434 0
1711994898 903580650 0
1711994899 675758434 0
1711994900 903580650 0
1711994901 675758434 0
1711994902 903580650 0
1711994903 675758434 0
1711994904 903580650 0
1711994905 675758434 0
1711994906 903580650 0
1711994907 675758434 0
1711994908 903580650 0
1711994909 675758434 0
1711994910 903580650 0
1711994911 675758434 0
1711994912 903580650 0
1711994913 675758434 0
1711994914 903580650 0
1711994915 675758434 0
1711994916 903580650 0
1711994917 675758434 0
1711994918 903580650 0
1711994919 675758434 0
1711994920 903580650 0
1711994921 675758434 0
1711994922 903580650 0
1711994923 675758434 0
1711994924 903580650 0
1711994925 675758434 0
1711994926 903580650 0
1711994927 675758434 0
1711994928 903580650 0
1711994929 675758434 0
1711994930 903580650 0
1711994931 675758434 0
1711994932 903580650 0
1711994933 675758434 0
1711994934 903580650 0
1711994935 675758434 0
1711994936 903580650 0
1711994937 675758434 0
1711994938 903580650 0
1711994939 675758434 0
1711994940 903580650 0
1711994942 903580650 0
1711994944 903580650 0
1711994946 903580650 0
1711994948 903580650 0
1711994950 903580650 0
1711994952 903580650 0
1711994954 903580650 0
1711994956 903580650 0
1711994958 903580650 0
1711994960 903580650 0
1711994962 903580650 0
1711994964 903580650 0
1711994966 903580650 0
1711994968 903580650 0
1711994970 903580650 0
1711994972 903580650 0
1711994974 903580650 0
1711994976 903580650 0
1711994978 903580650 0
1711994980 903580650 0
1711994982 903580650 0
1711994984 903580650 0
1711994986 903580650 0
1711994988 903580650 0
1711994990 903580650 0
1711994992 903580650 0
1711994994 903580650 0
1711994996 903580650 0
1711994998 903580650 0
1711995000 903580650 0
1711995002 903580650 0
1711995004 903580650 0
1711995006 903580650 0
1711995008 903580650 0
1711995010 903580650 0
1711995012 903580650 0
1711995014 903580650 0
1711995016 903580650 0
1711995018 903580650 0
1711995020 903580650 0
1711995022 903580650 0
1711995024 903580650 0
1711995026 903580650 0
1711995028 903580650 0
1711995030 903580650 0
1711995032 903580650 0
1711995033 850174114 0
1711995034 903580650 0
1711995035 850174114 0
1711995036 903580650 0
1711995037 850174114 0
1711995038 903580650 0
1711995040 903580650 0
1711995042 903580650 0
1711995044 903580650 0
1711995046 903580650 0
1711995048 903580650 0
1711995050 903580650 0
1711995052 903580650 0
1711995054 903580650 0
1711995056 903580650 0
1711995056 974202097 1
1711995057 974202097 1
1711995058 903580650 0
1711995058 974202097 1
1711995060 974202097 1
1711995060 903580650 0
1711995061 974202097 1
1711995062 903580650 0
1711995062 974202097 1
1711995063 974202097 1
1711995064 903580650 0
1711995064 974202097 1
1711995065 974202097 1
1711995066 903580650 0
1711995067 974202097 1
1711995068 974202097 1
1711995068 903580650 0
1711995069 974202097 1
1711995070 903580650 0
1711995070 974202097 1
1711995071 974202097 1
1711995072 903580650 0
1711995072 675758434 0
1711995073 974202097 1
1711995074 974202097 1
1711995074 903580650 0
1711995074 675758434 0
1711995075 974202097 1
1711995076 903580650 0
1711995076 974202097 1
1711995076 675758434 0
1711995078 974202097 1
1711995078 903580650 0
1711995078 675758434 0
1711995079 974202097 0
1711995080 903580650 0
1711995081 974202097 0
1711995082 903580650 0
1711995083 974202097 0
1711995084 903580650 0
1711995085 974202097 0
1711995086 903580650 0
1711995087 974202097 0
1711995088 903580650 0
1711995089 974202097 0
1711995090 903580650 0
1711995092 974202097 0
1711995092 903580650 0
1711995093 974202097 0
1711995094 903580650 0
1711995095 974202097 0
1711995096 903580650 0
1711995098 974202097 0
1711995098 903580650 0
1711995099 974202097 0
1711995100 903580650 0
1711995102 974202097 0
1711995102 903580650 0
1711995104 974202097 0
1711995104 903580650 0
1711995106 903580650 0
1711995106 974202097 0
1711995108 903580650 0
1711995109 974202097 0
1711995110 903580650 0
1711995112 974202097 0
1711995112 903580650 0
1711995113 974202097 0
1711995114 903580650 0
1711995115 675758434 0
1711995116 974202097 0
1711995116 903580650 0
1711995117 675758434 0
1711995118 974202097 0
1711995118 903580650 0
1711995119 675758434 0
1711995119 974202097 0
1711995120 903580650 0
1711995121 675758434 0
1711995122 974202097 0
1711995122 903580650 0
1711995123 675758434 0
1711995124 903580650 0
1711995124 974202097 0
1711995125 675758434 0
1711995126 903580650 0
1711995127 974202097 0
1711995128 903580650 0
1711995129 974202097 0
1711995130 903580650 0
1711995131 974202097 0
1711995132 903580650 0
1711995132 974202097 0
1711995134 903580650 0
1711995135 974202097 0
1711995136 903580650 0
1711995137 974202097 0
1711995138 903580650 0
1711995139 974202097 0
1711995140 903580650 0
1711995141 974202097 0
1711995142 903580650 0
1711995143 974202097 0
1711995144 903580650 0
1711995145 974202097 0
1711995146 903580650 0
1711995147 974202097 0
1711995148 903580650 0
1711995148 974202097 0
1711995150 903580650 0
1711995151 974202097 0
1711995152 903580650 0
1711995153 974202097 0
1711995154 903580650 0
1711995154 974202097 0
1711995156 903580650 0
1711995156 974202097 0
1711995158 903580650 0
1711995158 974202097 0
1711995160 903580650 0
1711995160 974202097 0
1711995162 903580650 0
1711995162 974202097 0
1711995164 903580650 0
1711995164 974202097 0
1711995166 903580650 0
1711995166 974202097 0
1711995168 903580650 0
1711995168 974202097 0
1711995169 675758434 0
1711995170 903580650 0
1711995170 974202097 0
1711995171 675758434 0
1711995172 903580650 0
1711995173 974202097 0
1711995173 675758434 0
1711995174 903580650 0
1711995175 974202097 0
1711995176 903580650 0
1711995176 974202097 0
1711995178 903580650 0
1711995178 974202097 0
1711995180 903580650 0
1711995180 974202097 0
1711995182 675758434 0
1711995182 903580650 0
1711995182 974202097 0
1711995184 903580650 0
1711995185 974202097 0
1711995186 903580650 0
1711995187 974202097 0
1711995188 903580650 0
1711995190 903580650 0
1711995192 903580650 0
1711995194 903580650 0
1711995196 974202097 0
1711995196 903580650 0
1711995197 974202097 0
1711995198 903580650 0
1711995199 974202097 0
1711995200 903580650 0
1711995201 974202097 0
1711995202 903580650 0
1711995203 974202097 0
1711995204 903580650 0
1711995205 974202097 0
1711995206 903580650 0
1711995207 974202097 0
1711995208 903580650 0
1711995209 974202097 0
1711995210 903580650 0
1711995211 974202097 0
1711995212 903580650 0
1711995214 974202097 0
1711995214 903580650 0
1711995215 974202097 0
1711995216 903580650 0
1711995218 974202097 0
1711995218 903580650 0
1711995219 974202097 0
1711995220 903580650 0
1711995222 974202097 0
1711995222 903580650 0
1711995224 974202097 0
1711995224 903580650 0
1711995225 974202097 0
1711995226 903580650 0
1711995227 974202097 0
1711995228 903580650 0
1711995229 974202097 0
1711995230 903580650 0
1711995231 974202097 0
1711995232 903580650 0
1711995233 974202097 0
1711995234 903580650 0
1711995235 974202097 0
1711995236 903580650 0
1711995238 974202097 0
1711995238 903580650 0
1711995240 974202097 0
1711995240 903580650 0
1711995241 974202097 0
1711995242 903580650 0
1711995243 974202097 0
1711995244 903580650 0
1711995245 974202097 0
1711995246 903580650 0
1711995247 974202097 0
1711995248 903580650 0
1711995249 974202097 0
1711995250 903580650 0
1711995251 974202097 0
1711995252 903580650 0
1711995254 974202097 0
1711995254 903580650 0
1711995255 974202097 0
1711995256 903580650 0
1711995257 974202097 0
1711995258 903580650 0
1711995259 974202097 0
1711995260 903580650 0
1711995261 974202097 0
1711995262 903580650 0
1711995263 974202097 0
1711995264 903580650 0
1711995265 974202097 0
1711995266 903580650 0
1711995268 974202097 0
1711995268 903580650 0
1711995269 974202097 0
1711995270 903580650 0
1711995272 974202097 0
1711995272 903580650 0
1711995274 974202097 0
1711995274 903580650 0
1711995275 974202097 0
1711995276 903580650 0
1711995278 974202097 0
1711995278 903580650 0
1711995279 974202097 0
1711995280 903580650 0
1711995281 974202097 0
1711995282 903580650 0
1711995283 974202097 0
1711995284 903580650 0
1711995285 974202097 0
1711995286 903580650 0
1711995287 974202097 0
1711995288 903580650 0
1711995290 974202097 0
1711995290 903580650 0
1711995291 974202097 0
1711995292 903580650 0
1711995293 974202097 0
1711995294 903580650 0
1711995295 974202097 0
1711995296 903580650 0
1711995297 974202097 0
1711995298 903580650 0
1711995298 561809352 1
1711995299 561809352 1
1711995299 974202097 0
1711995300 903580650 0
1711995300 561809352 1
1711995301 974202097 0
1711995302 903580650 0
1711995304 974202097 0
1711995304 561809352 1
1711995304 903580650 0
1711995305 561809352 1
1711995305 974202097 0
1711995306 561809352 1
1711995306 903580650 0
1711995307 561809352 1
1711995307 974202097 0
1711995308 903580650 0
1711995308 561809352 1
1711995309 561809352 1
1711995309 974202097 0
1711995310 903580650 0
1711995310 561809352 1
1711995311 974202097 0
1711995312 561809352 1
1711995312 903580650 0
1711995313 561809352 1
1711995313 974202097 0
1711995314 903580650 0
1711995314 561809352 1
1711995315 561809352 1
1711995315 974202097 0
1711995316 903580650 0
1711995316 561809352 1
1711995317 561809352 1
1711995317 974202097 0
1711995318 903580650 0
1711995318 561809352 1
1711995320 974202097 0
1711995320 561809352 1
1711995320 903580650 0
1711995321 561809352 1
1711995321 974202097 0
1711995322 561809352 1
1711995322 903580650 0
1711995323 561809352 1
1711995323 974202097 0
1711995324 903580650 0
1711995324 561809352 1
1711995325 561809352 1
1711995325 974202097 0
1711995326 903580650 0
1711995326 561809352 1
1711995327 974202097 0
1711995328 561809352 1
1711995328 903580650 0
1711995329 561809352 1
1711995329 974202097 0
1711995330 561809352 1
1711995330 903580650 0
1711995331 561809352 1
1711995331 974202097 0
1711995332 903580650 0
1711995332 561809352 1
1711995333 561809352 1
1711995333 974202097 0
1711995334 903580650 0
1711995334 561809352 1
1711995335 974202097 0
1711995336 561809352 1
1711995336 903580650 0
1711995337 561809352 1
1711995338 974202097 0
1711995338 561809352 1
1711995338 903580650 0
1711995339 561809352 1
1711995340 974202097 0
1711995340 903580650 0
1711995340 561809352 1
1711995341 974202097 0
1711995342 561809352 1
1711995342 903580650 0
1711995343 561809352 1
1711995343 974202097 0
1711995344 561809352 1
1711995345 561809352 1
1711995345 974202097 0
1711995346 561809352 1
1711995347 974202097 0
1711995348 561809352 1
1711995349 561809352 1
1711995350 974202097 0
1711995350 561809352 1
1711995351 561809352 1
1711995351 974202097 0
1711995352 561809352 1
1711995353 561809352 1
1711995353 974202097 0
1711995355 561809352 1
1711995355 974202097 0
1711995356 561809352 1
1711995357 561809352 1
1711995357 974202097 0
1711995358 561809352 1
1711995359 561809352 1
1711995359 974202097 0
1711995360 561809352 1
1711995361 561809352 1
1711995361 974202097 0
1711995362 561809352 1
1711995363 974202097 0
1711995364 561809352 1
1711995365 561809352 1
1711995365 974202097 0
1711995366 561809352 1
1711995367 561809352 1
1711995367 974202097 0
1711995368 561809352 1
1711995369 561809352 1
1711995370 974202097 0
1711995370 561809352 1
1711995371 974202097 0
1711995372 561809352 1
1711995373 561809352 1
1711995373 974202097 0
1711995374 561809352 1
1711995375 561809352 1
1711995376 974202097 0
1711995376 561809352 1
1711995377 561809352 1
1711995377 974202097 0
1711995378 561809352 1
1711995380 561809352 1
1711995381 561809352 1
1711995382 561809352 1
1711995383 561809352 1
1711995384 561809352 1
1711995385 561809352 1
1711995386 561809352 1
1711995388 561809352 1
1711995389 561809352 1
1711995390 561809352 1
1711995391 561809352 1
1711995392 561809352 1
1711995393 561809352 1
1711995395 561809352 0
1711995397 561809352 0
1711995404 561809352 0
1711995415 561809352 0
1711995425 561809352 0
1711995433 561809352 0
1711995444 561809352 0
1711995453 561809352 0
1711995455 561809352 0
1711995457 561809352 0
1711995459 561809352 0
1711995461 561809352 0
1711995472 561809352 0
1711995474 561809352 0
1711995480 561809352 0
1711995491 561809352 0
1711995500 561809352 0
1711995502 561809352 0
1711995513 561809352 0
1711995527 561809352 0
1711995529 561809352 1
1711995949 986613920 1
1711995951 986613920 1
1711995952 986613920 1
1711995953 986613920 1
1711996036 850174114 0
1711996087 747492956 0
1711996088 747492956 1
1711996089 747492956 1
1711996090 747492956 0
1711996091 747492956 1
1711996092 747492956 1
1711996093 747492956 0
1711996095 747492956 0
1711996096 747492956 0
1711996098 747492956 0
1711996100 747492956 0
1711996101 747492956 0
1711996146 177967104 0
1711996148 177967104 0
1711996150 177967104 0
1711996152 177967104 0
1711996154 177967104 0
1711996156 177967104 1
1711996157 177967104 1
1711996158 177967104 1
1711996159 177967104 1
1711996160 177967104 1
1711996162 177967104 1
1711996163 177967104 0
1711996165 177967104 0
1711996167 177967104 0
1711996169 177967104 0
1711996171 177967104 0
1711996173 177967104 0
1711996175 177967104 0
1711996177 177967104 0
1711996179 177967104 0
1711996181 177967104 0
1711996183 177967104 0
1711996185 177967104 0
1711996187 177967104 0
1711996189 177967104 0
1711996191 177967104 0
1711996193 177967104 0
1711996195 177967104 0
1711996197 177967104 0
1711996199 177967104 0
1711996201 177967104 0
1711996203 177967104 0
1711996205 177967104 0
1711996207 177967104 0
1711996209 177967104 0
1711996211 177967104 0
1711996213 177967104 0
1711996215 177967104 0
1711996217 177967104 0
1711996219 177967104 0
1711996221 177967104 0
1711996223 177967104 0
1711996225 177967104 0
1711996227 177967104 0
1711996229 177967104 0
1711996231 177967104 0
1711996233 177967104 0
1711996235 177967104 0
1711996237 177967104 0
1711996239 177967104 0
1711996241 177967104 0
1711996243 177967104 0
1711996245 177967104 0
1711996247 177967104 0
1711996249 177967104 0
1711996251 177967104 0
1711996253 177967104 0
1711996255 177967104 0
1711996257 177967104 0
1711996259 177967104 0
1711996261 177967104 0
1711996263 177967104 0
1711996265 177967104 0
1711996267 177967104 0
1711996269 177967104 0
1711996271 177967104 0
1711996273 177967104 0
1711996275 177967104 0
1711996277 177967104 0
1711996279 177967104 0
1711996281 177967104 0
1711996283 177967104 0
1711996285 177967104 0
1711996287 850174114 0
1711996287 177967104 0
1711996289 177967104 0
1711996291 177967104 0
1711996292 850174114 0
1711996293 177967104 0
1711996294 850174114 0
1711996295 177967104 0
1711996296 850174114 0
1711996297 177967104 0
1711996298 850174114 0
1711996299 177967104 0
1711996300 850174114 0
1711996301 177967104 0
1711996302 850174114 0
1711996303 177967104 0
1711996304 850174114 0
1711996305 177967104 0
1711996306 850174114 0
1711996307 177967104 0
1711996308 850174114 0
1711996309 177967104 0
1711996310 850174114 0
1711996311 177967104 0
1711996312 850174114 0
1711996313 177967104 0
1711996314 850174114 0
1711996315 177967104 0
1711996316 850174114 0
1711996317 177967104 0
1711996318 850174114 0
1711996319 177967104 0
1711996320 850174114 0
1711996321 177967104 0
1711996322 850174114 0
1711996323 177967104 0
1711996324 850174114 0
1711996326 850174114 0
1711996326 177967104 0
1711996328 850174114 0
1711996328 177967104 0
1711996330 850174114 0
1711996330 177967104 0
1711996331 850174114 1
1711996332 177967104 0
1711996333 850174114 0
1711996334 177967104 0
1711996335 850174114 0
1711996336 177967104 0
1711996337 850174114 0
1711996338 177967104 0
1711996339 850174114 0
1711996340 177967104 0
1711996341 850174114 0
1711996342 177967104 0
1711996343 850174114 0
1711996344 177967104 0
1711996345 850174114 0
1711996346 177967104 0
1711996347 850174114 0
1711996348 177967104 0
1711996349 850174114 0
1711996350 177967104 0
1711996351 850174114 0
1711996352 177967104 0
1711996353 850174114 0
1711996354 177967104 0
1711996355 850174114 0
1711996356 177967104 0
1711996357 850174114 0
1711996358 177967104 0
1711996359 850174114 0
1711996360 177967104 0
1711996361 850174114 0
1711996362 177967104 0
1711996363 850174114 0
1711996364 177967104 0
1711996365 850174114 0
1711996366 177967104 0
1711996367 850174114 0
1711996368 177967104 0
1711996369 850174114 0
1711996370 177967104 0
1711996371 850174114 0
1711996372 177967104 0
1711996373 850174114 0
1711996374 177967104 0
1711996375 850174114 0
1711996376 177967104 0
1711996377 850174114 0
1711996378 177967104 0
1711996379 850174114 0
1711996380 177967104 0
1711996381 850174114 0
1711996382 177967104 0
1711996383 850174114 0
1711996384 177967104 0
1711996385 850174114 0
1711996386 177967104 0
1711996387 850174114 0
1711996388 177967104 0
1711996389 850174114 0
1711996390 177967104 0
1711996391 850174114 0
1711996392 177967104 0
1711996393 850174114 0
1711996394 177967104 0
1711996395 850174114 0
1711996396 177967104 0
1711996397 850174114 0
1711996398 177967104 0
1711996399 850174114 0
1711996400 177967104 0
1711996401 850174114 0
1711996402 177967104 0
1711996403 850174114 0
1711996404 177967104 0
1711996405 850174114 0
1711996406 177967104 0
1711996407 850174114 0
1711996408 177967104 0
1711996409 850174114 0
1711996410 177967104 0
1711996411 850174114 0
1711996412 177967104 0
1711996413 850174114 0
1711996414 177967104 0
1711996415 850174114 0
1711996416 177967104 0
1711996417 850174114 0
1711996418 177967104 0
1711996419 850174114 0
1711996420 177967104 0
1711996421 850174114 0
1711996422 177967104 0
1711996423 850174114 0
1711996424 177967104 0
1711996425 850174114 0
1711996426 177967104 0
1711996427 850174114 0
1711996428 177967104 0
1711996429 850174114 0
1711996430 177967104 0
1711996431 850174114 0
1711996432 177967104 0
1711996433 850174114 0
1711996434 177967104 0
1711996435 850174114 0
1711996436 177967104 0
1711996437 850174114 0
1711996438 177967104 0
1711996439 850174114 0
1711996440 177967104 0
1711996441 850174114 0
1711996442 177967104 0
1711996443 850174114 0
1711996444 177967104 0
1711996445 850174114 0
1711996446 177967104 0
1711996447 850174114 0
1711996448 177967104 0
1711996449 850174114 0
1711996450 177967104 0
1711996451 850174114 0
1711996452 177967104 0
1711996453 850174114 0
1711996454 177967104 0
1711996455 850174114 0
1711996456 177967104 0
1711996457 850174114 0
1711996458 177967104 0
1711996459 850174114 0
1711996460 177967104 0
1711996461 850174114 0
1711996462 177967104 0
1711996463 850174114 0
1711996464 177967104 0
1711996465 850174114 0
1711996466 177967104 0
1711996467 850174114 0
1711996468 177967104 0
1711996469 850174114 0
1711996470 177967104 0
1711996471 850174114 0
1711996472 177967104 0
1711996473 850174114 0
1711996474 177967104 0
1711996475 850174114 0
1711996476 177967104 0
1711996477 850174114 0
1711996478 177967104 0
1711996479 850174114 0
1711996480 177967104 0
1711996481 850174114 0
1711996482 177967104 0
1711996483 850174114 0
1711996484 177967104 0
1711996485 850174114 0
1711996486 177967104 0
1711996487 850174114 0
1711996488 177967104 0
1711996489 850174114 0
1711996490 177967104 0
1711996491 850174114 0
1711996492 177967104 0
1711996493 850174114 0
1711996494 177967104 0
1711996495 850174114 0
1711996496 177967104 0
1711996497 850174114 0
1711996498 177967104 0
1711996499 850174114 0
1711996500 177967104 0
1711996501 850174114 0
1711996502 177967104 0
1711996503 850174114 0
1711996504 177967104 0
1711996505 850174114 0
1711996506 177967104 0
1711996507 850174114 0
1711996508 177967104 0
1711996509 850174114 0
1711996510 177967104 0
1711996511 850174114 0
1711996512 177967104 0
1711996513 850174114 0
1711996514 177967104 0
1711996515 850174114 0
1711996516 177967104 0
1711996517 850174114 0
1711996518 177967104 0
1711996519 850174114 0
1711996520 177967104 0
1711996521 850174114 0
1711996522 177967104 0
1711996523 850174114 0
1711996524 177967104 0
1711996525 850174114 0
1711996526 177967104 0
1711996527 850174114 0
1711996528 177967104 0
1711996529 850174114 0
1711996530 177967104 0
1711996531 850174114 0
1711996532 177967104 0
1711996533 850174114 0
1711996534 177967104 0
1711996535 850174114 0
1711996536 177967104 0
1711996537 850174114 0
1711996538 177967104 0
1711996539 850174114 0
1711996540 177967104 0
1711996541 850174114 0
1711996542 177967104 0
1711996544 850174114 0
1711996544 177967104 0
1711996546 177967104 0
1711996547 850174114 0
1711996548 177967104 0
1711996549 850174114 0
1711996550 177967104 0
1711996551 850174114 0
1711996552 177967104 0
1711996553 850174114 0
1711996554 177967104 0
1711996555 850174114 0
1711996556 177967104 0
1711996557 850174114 0
1711996558 177967104 0
1711996559 850174114 0
1711996560 177967104 0
1711996561 850174114 0
1711996562 177967104 0
1711996563 850174114 0
1711996564 177967104 0
1711996565 850174114 0
1711996566 177967104 0
1711996567 850174114 0
1711996568 177967104 0
1711996569 850174114 0
1711996570 177967104 0
1711996571 850174114 0
1711996572 177967104 0
1711996573 850174114 0
1711996574 177967104 0
1711996575 850174114 0
1711996576 177967104 0
1711996577 850174114 0
1711996578 177967104 0
1711996579 850174114 0
1711996580 177967104 0
1711996581 850174114 0
1711996582 177967104 0
1711996583 850174114 0
1711996584 177967104 0
1711996585 850174114 0
1711996586 177967104 0
1711996587 850174114 0
1711996588 177967104 0
1711996589 850174114 0
1711996590 177967104 0
1711996591 850174114 0
1711996592 177967104 0
1711996593 850174114 0
1711996594 177967104 0
1711996595 850174114 0
1711996596 177967104 0
1711996597 850174114 0
1711996598 177967104 0
1711996599 850174114 0
1711996600 177967104 0
1711996601 850174114 0
1711996602 177967104 0
1711996603 850174114 0
1711996604 177967104 0
1711996605 850174114 0
1711996606 177967104 0
1711996607 850174114 0
1711996608 177967104 0
1711996609 850174114 0
1711996610 177967104 0
1711996611 850174114 0
1711996612 177967104 0
1711996613 850174114 0
1711996614 177967104 0
1711996615 850174114 0
1711996616 177967104 0
1711996617 850174114 0
1711996618 177967104 0
1711996619 850174114 0
1711996620 177967104 0
1711996621 850174114 0
1711996622 177967104 0
1711996623 850174114 0
1711996624 177967104 0
1711996625 850174114 0
1711996626 177967104 0
1711996627 850174114 0
1711996628 177967104 0
1711996629 850174114 0
1711996630 177967104 0
1711996631 850174114 0
1711996632 177967104 0
1711996633 850174114 0
1711996634 177967104 0
1711996635 850174114 0
1711996636 177967104 0
1711996637 850174114 0
1711996638 177967104 0
1711996640 850174114 0
1711996640 177967104 0
1711996642 850174114 0
1711996642 177967104 0
1711996644 850174114 0
1711996644 177967104 0
1711996646 850174114 0
1711996646 177967104 0
1711996648 850174114 0
1711996648 177967104 0
1711996650 850174114 0
1711996650 177967104 0
1711996652 850174114 0
1711996652 177967104 0
1711996654 850174114 0
1711996654 177967104 0
1711996656 850174114 0
1711996656 177967104 0
1711996658 850174114 0
1711996658 177967104 0
1711996660 850174114 0
1711996660 177967104 0
1711996662 850174114 0
1711996662 177967104 0
1711996664 850174114 0
1711996664 177967104 0
1711996666 850174114 0
1711996666 177967104 0
1711996668 850174114 0
1711996668 177967104 0
1711996670 850174114 0
1711996670 177967104 0
1711996672 850174114 0
1711996672 177967104 0
1711996674 850174114 0
1711996674 177967104 0
1711996676 850174114 0
1711996676 177967104 0
1711996678 850174114 0
1711996678 177967104 0
1711996680 850174114 0
1711996680 177967104 0
1711996682 850174114 0
1711996682 177967104 0
1711996684 850174114 0
1711996684 177967104 0
1711996686 850174114 0
1711996686 177967104 0
1711996688 850174114 0
1711996688 177967104 0
1711996690 850174114 0
1711996690 177967104 0
1711996692 850174114 0
1711996692 177967104 0
1711996694 850174114 0
1711996694 177967104 0
1711996696 850174114 0
1711996696 177967104 0
1711996698 850174114 0
1711996698 177967104 0
1711996700 850174114 0
1711996700 177967104 0
1711996702 850174114 0
1711996702 177967104 0
1711996704 850174114 0
1711996704 177967104 0
1711996706 850174114 0
1711996706 177967104 0
1711996708 850174114 0
1711996708 177967104 0
1711996710 850174114 0
1711996710 177967104 0
1711996712 850174114 0
1711996712 177967104 0
1711996714 850174114 0
1711996714 177967104 0
1711996716 850174114 0
1711996716 177967104 0
1711996718 850174114 0
1711996718 177967104 0
1711996720 850174114 0
1711996720 177967104 0
1711996722 850174114 0
1711996722 177967104 0
1711996724 850174114 0
1711996724 177967104 0
1711996726 850174114 0
1711996726 177967104 0
1711996728 850174114 0
1711996728 177967104 0
1711996730 850174114 0
1711996730 177967104 0
1711996732 850174114 0
1711996732 177967104 0
1711996734 850174114 0
1711996734 177967104 0
1711996736 850174114 0
1711996736 177967104 0
1711996738 850174114 0
1711996738 177967104 0
1711996740 850174114 0
1711996740 177967104 0
1711996742 850174114 0
1711996742 177967104 0
1711996744 850174114 0
1711996744 177967104 0
1711996746 850174114 0
1711996746 177967104 0
1711996748 850174114 0
1711996748 177967104 0
1711996750 850174114 0
1711996750 177967104 0
1711996752 850174114 0
1711996752 177967104 0
1711996754 850174114 0
1711996754 177967104 0
1711996756 850174114 0
1711996756 177967104 0
1711996758 850174114 0
1711996758 177967104 0
1711996760 850174114 0
1711996760 177967104 0
1711996762 850174114 0
1711996762 177967104 0
1711996764 850174114 0
1711996764 177967104 0
1711996766 850174114 0
1711996766 177967104 0
1711996768 850174114 0
1711996768 177967104 0
1711996770 850174114 0
1711996770 177967104 0
1711996772 850174114 0
1711996772 177967104 0
1711996774 850174114 0
1711996774 177967104 0
1711996776 850174114 0
1711996776 177967104 0
1711996778 850174114 0
1711996778 177967104 0
1711996780 850174114 0
1711996780 177967104 0
1711996782 850174114 0
1711996782 177967104 0
1711996784 850174114 0
1711996784 177967104 0
1711996786 177967104 0
1711996787 850174114 0
1711996788 177967104 0
1711996789 850174114 0
1711996790 177967104 0
1711996791 850174114 0
1711996792 177967104 0
1711996793 850174114 0
1711996794 177967104 0
1711996795 850174114 0
1711996796 177967104 0
1711996797 850174114 0
1711996798 177967104 0
1711996799 850174114 0
1711996800 177967104 0
1711996801 850174114 0
1711996802 177967104 0
1711996803 850174114 0
1711996804 177967104 0
1711996805 850174114 0
1711996806 177967104 0
1711996807 850174114 0
1711996808 177967104 0
1711996809 850174114 0
1711996810 177967104 0
1711996811 850174114 0
1711996812 177967104 0
1711996813 850174114 0
1711996814 177967104 0
1711996815 850174114 0
1711996816 177967104 0
1711996817 850174114 0
1711996818 177967104 0
1711996819 850174114 0
1711996820 177967104 0
1711996821 850174114 0
1711996822 177967104 0
1711996823 850174114 0
1711996824 177967104 0
1711996825 850174114 0
1711996826 177967104 0
1711996827 850174114 0
1711996828 177967104 0
1711996829 850174114 0
1711996830 177967104 0
1711996831 850174114 0
1711996832 177967104 0
1711996833 850174114 0
1711996834 177967104 0
1711996835 850174114 0
1711996836 177967104 0
1711996837 850174114 0
1711996838 177967104 0
1711996839 850174114 0
1711996840 177967104 0
1711996841 850174114 0
1711996842 177967104 0
1711996843 850174114 0
1711996844 177967104 0
1711996845 850174114 0
1711996846 177967104 0
1711996847 850174114 0
1711996848 177967104 0
1711996849 850174114 0
1711996850 177967104 0
1711996851 850174114 0
1711996852 177967104 0
1711996853 850174114 0
1711996854 177967104 0
1711996855 850174114 0
1711996856 177967104 0
1711996857 850174114 0
1711996858 177967104 0
1711996859 850174114 0
1711996860 177967104 0
1711996861 850174114 0
1711996862 177967104 0
1711996863 850174114 0
1711996864 177967104 0
1711996865 850174114 0
1711996866 177967104 0
1711996867 850174114 0
1711996868 177967104 0
1711996869 850174114 0
1711996870 177967104 0
1711996871 850174114 0
1711996872 177967104 0
1711996873 850174114 0
1711996874 177967104 0
1711996875 850174114 0
1711996876 177967104 0
1711996877 850174114 0
1711996878 177967104 0
1711996879 850174114 0
1711996880 177967104 0
1711996881 850174114 0
1711996882 177967104 0
1711996883 850174114 0
1711996884 177967104 0
1711996885 850174114 0
1711996886 177967104 0
1711996887 850174114 0
1711996888 177967104 0
1711996889 850174114 0
1711996890 177967104 0
1711996891 850174114 0
1711996892 177967104 0
1711996893 850174114 0
1711996894 177967104 0
1711996895 850174114 0
1711996896 177967104 0
1711996897 850174114 0
1711996898 177967104 0
1711996899 850174114 0
1711996900 177967104 0
1711996901 850174114 0
1711996902 177967104 0
1711996903 850174114 0
1711996904 177967104 0
1711996905 850174114 0
1711996906 177967104 0
1711996907 850174114 0
1711996908 177967104 0
1711996909 850174114 0
1711996910 177967104 0
1711996911 850174114 0
1711996912 177967104 0
1711996913 850174114 0
1711996914 177967104 0
1711996915 850174114 0
1711996916 177967104 0
1711996917 850174114 0
1711996918 177967104 0
1711996919 850174114 0
1711996920 177967104 0
1711996921 850174114 0
1711996922 177967104 0
1711996923 850174114 0
1711996924 177967104 0
1711996925 850174114 0
1711996926 177967104 0
1711996927 850174114 0
1711996928 177967104 0
1711996929 850174114 0
1711996930 177967104 0
1711996931 850174114 0
1711996932 177967104 0
1711996933 850174114 0
1711996934 177967104 0
1711996935 850174114 0
1711996936 177967104 0
1711996937 850174114 0
1711996938 177967104 0
1711996939 850174114 0
1711996940 177967104 0
1711996941 850174114 0
1711996942 177967104 0
1711996943 850174114 0
1711996944 177967104 0
1711996945 850174114 0
1711996946 177967104 0
1711996947 850174114 0
1711996948 177967104 0
1711996949 850174114 0
1711996950 177967104 0
1711996951 850174114 0
1711996952 177967104 0
1711996953 850174114 0
1711996954 177967104 0
1711996955 850174114 0
1711996956 177967104 0
1711996957 850174114 0
1711996959 850174114 0
1711996959 177967104 0
1711996961 850174114 0
1711996961 177967104 0
1711996963 850174114 0
1711996963 177967104 0
1711996965 850174114 0
1711996965 177967104 0
1711996967 850174114 0
1711996967 177967104 0
1711996969 850174114 0
1711996969 177967104 0
1711996971 850174114 0
1711996971 177967104 0
1711996973 850174114 0
1711996973 177967104 0
1711996975 850174114 0
1711996975 177967104 0
1711996977 850174114 0
1711996977 177967104 0
1711996979 850174114 0
1711996979 177967104 0
1711996981 850174114 0
1711996981 177967104 0
1711996983 850174114 0
1711996983 177967104 0
1711996985 850174114 0
1711996985 177967104 0
1711996987 850174114 0
1711996987 177967104 0
1711996989 850174114 0
1711996989 177967104 0
1711996991 850174114 0
1711996991 177967104 0
1711996993 850174114 0
1711996993 177967104 0
1711996995 850174114 0
1711996995 177967104 0
1711996997 850174114 0
1711996997 177967104 0
1711996999 850174114 0
1711996999 177967104 0
1711997001 850174114 0
1711997001 177967104 0
1711997003 850174114 0
1711997003 177967104 0
1711997005 850174114 0
1711997005 177967104 0
1711997007 850174114 0
1711997007 177967104 0
1711997009 850174114 0
1711997009 177967104 0
1711997011 850174114 0
1711997011 177967104 0
1711997013 850174114 0
1711997013 177967104 0
1711997015 850174114 0
1711997015 177967104 0
1711997017 850174114 0
1711997017 177967104 0
1711997019 850174114 0
1711997019 177967104 0
1711997021 850174114 0
1711997021 177967104 0
1711997023 850174114 0
1711997023 177967104 0
1711997025 850174114 0
1711997025 177967104 0
1711997027 850174114 0
1711997027 177967104 0
1711997029 850174114 0
1711997029 177967104 0
1711997031 850174114 0
1711997031 177967104 0
1711997033 850174114 0
1711997033 177967104 0
1711997035 850174114 0
1711997035 177967104 0
1711997037 850174114 0
1711997037 177967104 0
1711997039 850174114 0
1711997039 177967104 0
1711997041 850174114 0
1711997041 177967104 0
1711997043 850174114 0
1711997043 177967104 0
1711997044 591230175 0
1711997045 850174114 0
1711997045 177967104 0
1711997046 591230175 0
1711997047 591230175 0
1711997047 850174114 0
1711997047 177967104 0
1711997048 591230175 0
1711997049 591230175 0
1711997049 850174114 0
1711997049 177967104 0
1711997050 591230175 0
1711997051 850174114 0
1711997051 177967104 0
1711997052 591230175 0
1711997053 591230175 0
1711997053 850174114 0
1711997053 177967104 0
1711997054 591230175 1
1711997055 850174114 0
1711997055 591230175 1
1711997055 177967104 0
1711997056 591230175 1
1711997057 850174114 0
1711997057 177967104 0
1711997058 591230175 1
1711997059 591230175 1
1711997059 850174114 0
1711997059 177967104 0
1711997060 591230175 1
1711997061 850174114 0
1711997061 177967104 0
1711997061 591230175 1
1711997062 591230175 1
1711997063 850174114 0
1711997063 177967104 0
1711997063 591230175 1
1711997065 591230175 1
1711997065 850174114 0
1711997065 177967104 0
1711997066 591230175 1
1711997067 850174114 0
1711997067 177967104 0
1711997067 591230175 1
1711997068 591230175 1
1711997069 850174114 0
1711997069 177967104 0
1711997070 591230175 1
1711997071 591230175 1
1711997071 850174114 0
1711997071 177967104 0
1711997072 591230175 1
1711997073 850174114 0
1711997073 591230175 1
1711997073 177967104 0
1711997074 591230175 1
1711997075 850174114 0
1711997075 177967104 0
1711997075 591230175 1
1711997077 591230175 1
1711997077 850174114 0
1711997077 177967104 0
1711997078 591230175 1
1711997079 850174114 0
1711997079 177967104 0
1711997079 591230175 1
1711997080 591230175 1
1711997081 850174114 0
1711997081 177967104 0
1711997082 591230175 1
1711997083 591230175 1
1711997083 850174114 0
1711997083 177967104 0
1711997084 591230175 1
1711997085 850174114 0
1711997085 177967104 0
1711997085 591230175 1
1711997086 204772314 0
1711997087 591230175 1
1711997087 850174114 0
1711997087 177967104 0
1711997088 591230175 1
1711997088 204772314 0
1711997089 591230175 1
1711997089 850174114 0
1711997089 177967104 0
1711997090 591230175 1
1711997090 204772314 0
1711997091 850174114 0
1711997091 591230175 1
1711997091 177967104 0
1711997092 204772314 0
1711997092 591230175 1
1711997093 850174114 0
1711997093 177967104 0
1711997094 591230175 1
1711997094 204772314 0
1711997095 591230175 1
1711997095 850174114 0
1711997095 177967104 0
1711997096 591230175 1
1711997096 204772314 0
1711997097 850174114 0
1711997097 591230175 1
1711997097 177967104 0
1711997098 591230175 1
1711997098 204772314 0
1711997099 850174114 0
1711997099 177967104 0
1711997099 591230175 1
1711997100 204772314 0
1711997101 591230175 1
1711997101 850174114 0
1711997101 177967104 0
1711997102 591230175 1
1711997102 204772314 0
1711997103 591230175 1
1711997103 850174114 0
1711997103 177967104 0
1711997104 591230175 1
1711997104 204772314 0
1711997105 850174114 0
1711997105 177967104 0
1711997105 591230175 1
1711997106 204772314 0
1711997107 591230175 1
1711997107 850174114 0
1711997107 177967104 0
1711997108 591230175 1
1711997108 204772314 0
1711997109 591230175 1
1711997109 850174114 0
1711997109 177967104 0
1711997109 204772314 1
1711997110 591230175 1
1711997111 204772314 1
1711997111 850174114 0
1711997111 177967104 0
1711997111 591230175 1
1711997112 204772314 1
1711997113 591230175 1
1711997113 204772314 1
1711997113 850174114 0
1711997113 177967104 0
1711997114 591230175 1
1711997114 204772314 1
1711997115 591230175 1
1711997115 850174114 0
1711997115 204772314 0
1711997115 177967104 0
1711997116 591230175 1
1711997116 204772314 0
1711997117 850174114 0
1711997117 177967104 0
1711997117 591230175 1
1711997117 204772314 0
1711997119 591230175 1
1711997119 204772314 0
1711997119 850174114 0
1711997119 177967104 0
1711997120 591230175 1
1711997120 204772314 0
1711997121 204772314 0
1711997121 591230175 1
1711997121 850174114 0
1711997121 177967104 0
1711997122 204772314 0
1711997122 591230175 1
1711997123 850174114 0
1711997123 204772314 0
1711997123 177967104 0
1711997123 591230175 1
1711997124 204772314 0
1711997124 591230175 1
1711997125 850174114 0
1711997125 177967104 0
1711997126 204772314 0
1711997126 591230175 1
1711997127 204772314 0
1711997127 591230175 1
1711997127 850174114 0
1711997127 177967104 0
1711997128 204772314 0
1711997128 591230175 1
1711997129 204772314 0
1711997129 850174114 0
1711997129 177967104 0
1711997129 591230175 1
1711997130 204772314 0
1711997131 591230175 1
1711997131 850174114 0
1711997131 177967104 0
1711997131 204772314 0
1711997132 591230175 1
1711997132 204772314 0
1711997133 850174114 0
1711997133 591230175 1
1711997133 177967104 0
1711997134 204772314 0
1711997134 591230175 1
1711997135 204772314 0
1711997135 850174114 0
1711997135 177967104 0
1711997136 591230175 1
1711997136 204772314 0
1711997137 591230175 1
1711997137 204772314 0
1711997137 850174114 0
1711997137 177967104 0
1711997138 591230175 1
1711997138 204772314 0
1711997139 850174114 0
1711997139 177967104 0
1711997139 591230175 1
1711997139 204772314 0
1711997141 204772314 0
1711997141 591230175 1
1711997141 850174114 0
1711997141 177967104 0
1711997142 204772314 0
1711997142 591230175 1
1711997143 204772314 0
1711997143 591230175 1
1711997143 850174114 0
1711997143 177967104 0
1711997144 204772314 0
1711997144 591230175 1
1711997145 177967104 0
1711997145 850174114 0
1711997145 204772314 0
1711997145 591230175 1
1711997147 204772314 0
1711997147 591230175 1
1711997147 850174114 0
1711997147 177967104 0
1711997148 204772314 0
1711997148 591230175 1
1711997149 204772314 0
1711997149 591230175 1
1711997149 850174114 0
1711997149 177967104 0
1711997150 204772314 0
1711997150 591230175 1
1711997151 204772314 0
1711997151 850174114 0
1711997151 177967104 0
1711997151 591230175 1
1711997152 204772314 0
1711997153 591230175 1
1711997153 850174114 0
1711997153 177967104 0
1711997153 204772314 0
1711997154 591230175 1
1711997155 204772314 0
1711997155 591230175 1
1711997155 850174114 0
1711997155 177967104 0
1711997156 204772314 0
1711997156 591230175 1
1711997157 204772314 0
1711997157 850174114 0
1711997157 591230175 1
1711997157 177967104 0
1711997158 204772314 0
1711997158 591230175 1
1711997159 850174114 0
1711997159 204772314 0
1711997159 177967104 0
1711997160 591230175 1
1711997161 204772314 0
1711997161 591230175 1
1711997161 850174114 0
1711997161 177967104 0
1711997162 204772314 0
1711997162 591230175 1
1711997163 204772314 0
1711997163 850174114 0
1711997163 177967104 0
1711997163 591230175 1
1711997164 204772314 0
1711997165 591230175 1
1711997165 850174114 0
1711997165 177967104 0
1711997165 204772314 0
1711997166 591230175 1
1711997167 204772314 0
1711997167 591230175 1
1711997167 850174114 0
1711997167 177967104 0
1711997168 204772314 0
1711997168 591230175 1
1711997169 204772314 0
1711997169 850174114 0
1711997169 177967104 0
1711997169 591230175 1
1711997170 204772314 0
1711997171 591230175 1
1711997171 850174114 0
1711997171 204772314 0
1711997171 177967104 0
1711997172 591230175 1
1711997172 204772314 0
1711997173 591230175 1
1711997173 850174114 0
1711997173 177967104 0
1711997173 204772314 0
1711997174 591230175 1
1711997175 204772314 0
1711997175 850174114 0
1711997175 177967104 0
1711997175 591230175 1
1711997176 204772314 0
1711997176 591230175 1
1711997177 204772314 0
1711997177 850174114 0
1711997177 177967104 0
1711997178 591230175 1
1711997178 204772314 0
1711997179 591230175 1
1711997179 850174114 0
1711997179 177967104 0
1711997179 204772314 0
1711997180 591230175 0
1711997180 204772314 0
1711997181 850174114 0
1711997181 177967104 0
1711997182 204772314 0
1711997182 591230175 0
1711997183 204772314 0
1711997183 850174114 0
1711997183 177967104 0
1711997184 204772314 0
1711997184 591230175 0
1711997185 204772314 0
1711997185 850174114 0
1711997185 177967104 0
1711997186 591230175 0
1711997186 204772314 0
1711997187 850174114 0
1711997187 177967104 0
1711997187 204772314 0
1711997188 591230175 0
1711997188 204772314 0
1711997189 850174114 0
1711997189 177967104 0
1711997190 204772314 0
1711997190 591230175 0
1711997191 204772314 0
1711997191 850174114 0
1711997191 177967104 0
1711997192 204772314 0
1711997193 204772314 0
1711997193 850174114 0
1711997193 177967104 0
1711997194 204772314 0
1711997195 850174114 0
1711997195 177967104 0
1711997195 204772314 0
1711997197 204772314 0
1711997197 850174114 0
1711997197 177967104 0
1711997198 204772314 0
1711997199 204772314 0
1711997199 850174114 0
1711997199 177967104 0
1711997200 204772314 0
1711997201 850174114 0
1711997201 177967104 0
1711997201 204772314 0
1711997202 204772314 0
1711997203 850174114 0
1711997203 177967104 0
1711997204 204772314 0
1711997205 204772314 0
1711997205 850174114 0
1711997205 177967104 0
1711997206 204772314 0
1711997207 204772314 0
1711997207 850174114 0
1711997207 177967104 0
1711997208 204772314 0
1711997209 850174114 0
1711997209 177967104 0
1711997209 204772314 0
1711997211 204772314 0
1711997211 850174114 0
1711997211 177967104 0
1711997212 204772314 0
1711997213 850174114 0
1711997213 177967104 0
1711997213 204772314 0
1711997214 204772314 0
1711997215 850174114 0
1711997215 177967104 0
1711997216 204772314 0
1711997217 850174114 0
1711997217 204772314 0
1711997217 177967104 0
1711997218 204772314 0
1711997219 850174114 0
1711997219 177967104 0
1711997220 204772314 0
1711997221 204772314 0
1711997221 850174114 0
1711997221 177967104 0
1711997222 204772314 0
1711997223 850174114 0
1711997223 204772314 0
1711997223 177967104 0
1711997224 204772314 0
1711997225 850174114 0
1711997225 177967104 0
1711997226 204772314 0
1711997227 850174114 0
1711997227 204772314 0
1711997227 177967104 0
1711997229 204772314 0
1711997229 850174114 0
1711997229 177967104 0
1711997230 204772314 0
1711997231 850174114 0
1711997231 177967104 0
1711997231 204772314 0
1711997232 204772314 0
1711997233 850174114 0
1711997233 177967104 0
1711997234 204772314 0
1711997235 204772314 0
1711997235 850174114 0
1711997235 177967104 0
1711997236 204772314 0
1711997237 850174114 0
1711997237 204772314 0
1711997237 177967104 0
1711997239 204772314 0
1711997239 850174114 0
1711997239 177967104 0
1711997240 204772314 0
1711997241 204772314 0
1711997241 850174114 0
1711997241 177967104 0
1711997243 850174114 0
1711997243 177967104 0
1711997243 204772314 0
1711997245 204772314 0
1711997245 850174114 0
1711997245 177967104 0
1711997246 204772314 0
1711997247 204772314 0
1711997247 850174114 0
1711997247 177967104 0
1711997248 204772314 0
1711997249 850174114 0
1711997249 177967104 0
1711997249 204772314 0
1711997251 204772314 0
1711997251 850174114 0
1711997251 177967104 0
1711997252 204772314 0
1711997253 204772314 0
1711997253 850174114 0
1711997253 177967104 0
1711997254 204772314 0
1711997255 850174114 0
1711997255 177967104 0
1711997256 204772314 0
1711997257 204772314 0
1711997257 850174114 0
1711997257 177967104 0
1711997258 204772314 0
1711997259 850174114 0
1711997259 177967104 0
1711997259 204772314 0
1711997261 204772314 0
1711997261 850174114 0
1711997261 177967104 0
1711997262 204772314 0
1711997263 850174114 0
1711997263 177967104 0
1711997263 204772314 0
1711997265 204772314 0
1711997265 850174114 0
1711997265 177967104 0
1711997266 204772314 0
1711997267 204772314 0
1711997267 850174114 0
1711997267 177967104 0
1711997268 204772314 0
1711997269 850174114 0
1711997269 177967104 0
1711997270 204772314 0
1711997271 204772314 0
1711997271 850174114 0
1711997271 177967104 0
1711997272 204772314 0
1711997273 850174114 0
1711997273 204772314 0
1711997273 177967104 0
1711997275 204772314 0
1711997275 177967104 0
1711997276 204772314 0
1711997276 850174114 0
1711997277 177967104 0
1711997277 204772314 0
1711997278 850174114 0
1711997279 204772314 0
1711997279 177967104 0
1711997280 204772314 0
1711997280 850174114 0
1711997281 204772314 0
1711997281 177967104 0
1711997282 850174114 0
1711997282 204772314 0
1711997283 177967104 0
1711997284 204772314 0
1711997284 850174114 0
1711997285 204772314 0
1711997285 177967104 0
1711997286 204772314 0
1711997286 850174114 0
1711997287 204772314 0
1711997287 177967104 0
1711997288 850174114 0
1711997288 204772314 0
1711997289 177967104 0
1711997289 204772314 0
1711997290 850174114 0
1711997291 204772314 0
1711997291 177967104 0
1711997292 204772314 0
1711997292 850174114 0
1711997293 204772314 0
1711997293 177967104 0
1711997294 204772314 0
1711997294 850174114 0
1711997295 204772314 0
1711997295 177967104 0
1711997296 850174114 0
1711997296 204772314 0
1711997297 177967104 0
1711997297 204772314 0
1711997298 850174114 0
1711997299 204772314 0
1711997299 177967104 0
1711997300 204772314 0
1711997300 850174114 0
1711997301 204772314 0
1711997301 177967104 0
1711997302 204772314 0
1711997302 850174114 0
1711997303 204772314 0
1711997303 177967104 0
1711997304 850174114 0
1711997304 204772314 0
1711997305 177967104 0
1711997306 204772314 0
1711997306 850174114 0
1711997307 204772314 0
1711997307 177967104 0
1711997308 204772314 0
1711997308 850174114 0
1711997309 204772314 0
1711997309 177967104 0
1711997310 850174114 0
1711997310 204772314 0
1711997311 204772314 0
1711997311 177967104 0
1711997312 850174114 0
1711997312 204772314 0
1711997313 177967104 0
1711997314 204772314 0
1711997314 850174114 0
1711997315 204772314 0
1711997315 177967104 0
1711997316 204772314 0
1711997316 850174114 0
1711997317 204772314 0
1711997317 177967104 0
1711997318 850174114 0
1711997318 204772314 0
1711997319 177967104 0
1711997319 204772314 0
1711997320 850174114 0
1711997321 204772314 0
1711997321 177967104 0
1711997322 204772314 0
1711997322 850174114 0
1711997323 204772314 0
1711997323 177967104 0
1711997324 204772314 0
1711997324 850174114 0
1711997325 204772314 0
1711997325 177967104 0
1711997326 850174114 0
1711997326 204772314 0
1711997327 177967104 0
1711997327 204772314 0
1711997328 850174114 0
1711997329 204772314 0
1711997329 177967104 0
1711997330 204772314 0
1711997330 850174114 0
1711997331 204772314 0
1711997331 177967104 0
1711997332 204772314 0
1711997332 850174114 0
1711997333 204772314 0
1711997333 177967104 0
1711997334 850174114 0
1711997334 204772314 0
1711997335 177967104 0
1711997335 204772314 0
1711997336 850174114 0
1711997337 204772314 0
1711997337 177967104 0
1711997338 204772314 0
1711997338 850174114 0
1711997339 204772314 0
1711997339 177967104 0
1711997340 204772314 0
1711997340 850174114 0
1711997341 204772314 0
1711997341 177967104 0
1711997342 850174114 0
1711997342 204772314 0
1711997343 177967104 0
1711997344 204772314 0
1711997344 850174114 0
1711997345 204772314 0
1711997345 177967104 0
1711997346 204772314 0
1711997346 850174114 0
1711997347 204772314 0
1711997347 177967104 0
1711997348 204772314 0
1711997348 850174114 0
1711997349 204772314 0
1711997349 177967104 0
1711997350 850174114 0
1711997350 204772314 0
1711997351 177967104 0
1711997352 204772314 0
1711997352 850174114 0
1711997353 204772314 0
1711997353 177967104 0
1711997354 204772314 0
1711997354 850174114 0
1711997355 204772314 0
1711997355 177967104 0
1711997356 850174114 0
1711997356 204772314 0
1711997357 177967104 0
1711997357 204772314 0
1711997358 850174114 0
1711997359 204772314 0
1711997359 177967104 0
1711997360 204772314 0
1711997360 850174114 0
1711997361 204772314 0
1711997361 177967104 0
1711997362 204772314 0
1711997362 850174114 0
1711997363 204772314 0
1711997363 177967104 0
1711997364 850174114 0
1711997364 204772314 0
1711997365 177967104 0
1711997366 204772314 0
1711997366 850174114 0
1711997367 204772314 0
1711997367 177967104 0
1711997368 204772314 0
1711997368 850174114 0
1711997369 204772314 0
1711997369 177967104 0
1711997370 850174114 0
1711997370 204772314 0
1711997371 177967104 0
1711997371 204772314 0
1711997372 850174114 0
1711997373 204772314 0
1711997373 177967104 0
1711997374 204772314 0
1711997374 850174114 0
1711997375 204772314 0
1711997375 177967104 0
1711997376 204772314 0
1711997376 850174114 0
1711997377 204772314 0
1711997377 177967104 0
1711997378 850174114 0
1711997378 204772314 0
1711997379 177967104 0
1711997380 204772314 0
1711997380 850174114 0
1711997381 204772314 0
1711997381 177967104 0
1711997382 204772314 0
1711997382 850174114 0
1711997383 204772314 0
1711997383 177967104 0
1711997384 850174114 0
1711997384 204772314 0
1711997385 177967104 0
1711997385 204772314 0
1711997386 850174114 0
1711997387 204772314 0
1711997387 177967104 0
1711997388 204772314 0
1711997388 289290452 1
1711997388 850174114 0
1711997389 204772314 0
1711997389 177967104 0
1711997389 289290452 1
1711997390 204772314 0
1711997390 850174114 0
1711997390 289290452 1
1711997391 204772314 0
1711997391 177967104 0
1711997392 289290452 1
1711997392 850174114 0
1711997392 204772314 0
1711997393 289290452 1
1711997393 177967104 0
1711997394 204772314 0
1711997394 850174114 0
1711997394 289290452 1
1711997395 204772314 0
1711997395 177967104 0
1711997395 289290452 1
1711997396 204772314 0
1711997396 850174114 0
1711997397 204772314 0
1711997397 289290452 0
1711997397 177967104 0
1711997398 850174114 0
1711997398 204772314 0
1711997399 289290452 0
1711997399 177967104 0
1711997399 204772314 0
1711997400 850174114 0
1711997400 204772314 0
1711997401 289290452 0
1711997401 177967104 0
1711997402 204772314 0
1711997402 289290452 1
1711997402 850174114 0
1711997403 204772314 0
1711997403 177967104 0
1711997403 289290452 1
1711997404 204772314 0
1711997404 850174114 0
1711997405 289290452 1
1711997405 204772314 0
1711997405 177967104 0
1711997406 289290452 1
1711997406 850174114 0
1711997406 204772314 0
1711997407 289290452 1
1711997407 177967104 0
1711997407 204772314 0
1711997408 850174114 0
1711997408 289290452 1
1711997409 204772314 0
1711997409 177967104 0
1711997410 204772314 0
1711997410 289290452 1
1711997410 850174114 0
1711997411 204772314 0
1711997411 289290452 1
1711997411 177967104 0
1711997412 204772314 0
1711997412 850174114 0
1711997412 289290452 1
1711997413 204772314 0
1711997413 177967104 0
1711997413 289290452 1
1711997414 850174114 0
1711997414 204772314 0
1711997415 289290452 1
1711997415 177967104 0
1711997416 204772314 0
1711997416 289290452 1
1711997416 850174114 0
1711997417 204772314 0
1711997417 289290452 1
1711997417 177967104 0
1711997418 204772314 0
1711997418 850174114 0
1711997418 289290452 1
1711997419 204772314 0
1711997419 177967104 0
1711997420 289290452 1
1711997420 850174114 0
1711997420 204772314 0
1711997421 289290452 1
1711997421 177967104 0
1711997421 204772314 0
1711997422 850174114 0
1711997422 204772314 0
1711997423 289290452 1
1711997423 177967104 0
1711997424 204772314 0
1711997424 289290452 1
1711997424 850174114 0
1711997425 204772314 0
1711997425 289290452 1
1711997425 177967104 0
1711997426 204772314 0
1711997426 850174114 0
1711997426 289290452 1
1711997427 204772314 0
1711997427 177967104 0
1711997428 289290452 1
1711997428 850174114 0
1711997428 204772314 0
1711997429 289290452 1
1711997429 177967104 0
1711997430 204772314 0
1711997430 850174114 0
1711997430 289290452 1
1711997431 204772314 0
1711997431 177967104 0
1711997432 289290452 1
1711997432 204772314 0
1711997432 850174114 0
1711997433 289290452 1
1711997433 204772314 0
1711997433 177967104 0
1711997434 850174114 0
1711997434 289290452 1
1711997434 204772314 0
1711997435 177967104 0
1711997435 204772314 0
1711997435 289290452 1
1711997436 850174114 0
1711997436 204772314 0
1711997437 289290452 1
1711997437 177967104 0
1711997438 204772314 0
1711997438 289290452 1
1711997438 850174114 0
1711997439 204772314 0
1711997439 177967104 0
1711997439 289290452 1
1711997440 204772314 0
1711997440 850174114 0
1711997441 289290452 1
1711997441 204772314 0
1711997441 177967104 0
1711997442 289290452 1
1711997442 850174114 0
1711997442 204772314 0
1711997443 177967104 0
1711997443 289290452 1
1711997444 204772314 0
1711997444 850174114 0
1711997444 289290452 1
1711997445 204772314 0
1711997445 177967104 0
1711997446 289290452 1
1711997446 204772314 0
1711997446 850174114 0
1711997447 204772314 0
1711997447 177967104 0
1711997448 204772314 0
1711997448 850174114 0
1711997449 177967104 0
1711997449 204772314 0
1711997450 850174114 0
1711997450 204772314 0
1711997451 177967104 0
1711997452 204772314 0
1711997452 850174114 0
1711997453 204772314 0
1711997453 177967104 0
1711997454 204772314 0
1711997454 850174114 0
1711997455 204772314 0
1711997455 177967104 0
1711997456 850174114 0
1711997456 204772314 0
1711997457 177967104 0
1711997457 204772314 0
1711997458 850174114 0
1711997459 204772314 0
1711997460 204772314 0
1711997460 850174114 0
1711997460 177967104 0
1711997461 204772314 0
1711997462 850174114 0
1711997462 177967104 0
1711997462 204772314 0
1711997464 204772314 0
1711997464 850174114 0
1711997464 177967104 0
1711997465 204772314 0
1711997466 204772314 0
1711997466 850174114 0
1711997466 177967104 0
1711997467 204772314 0
1711997468 850174114 0
1711997468 177967104 0
1711997469 204772314 0
1711997470 204772314 0
1711997470 850174114 0
1711997470 177967104 0
1711997471 204772314 0
1711997472 850174114 0
1711997472 204772314 0
1711997472 177967104 0
1711997473 204772314 0
1711997474 850174114 0
1711997474 177967104 0
1711997475 204772314 0
1711997476 204772314 0
1711997476 850174114 0
1711997476 177967104 0
1711997477 204772314 0
1711997478 850174114 0
1711997478 177967104 0
1711997478 204772314 0
1711997480 204772314 0
1711997480 850174114 0
1711997480 177967104 0
1711997481 204772314 0
1711997482 204772314 0
1711997482 850174114 0
1711997482 177967104 0
1711997483 204772314 0
1711997484 204772314 0
1711997484 850174114 0
1711997484 177967104 0
1711997485 204772314 0
1711997486 850174114 0
1711997486 177967104 0
1711997486 204772314 0
1711997488 204772314 0
1711997488 850174114 0
1711997488 177967104 0
1711997489 204772314 0
1711997490 204772314 0
1711997490 850174114 0
1711997490 177967104 0
1711997491 204772314 0
1711997492 850174114 0
1711997492 204772314 0
1711997492 177967104 0
1711997493 204772314 0
1711997494 850174114 0
1711997494 177967104 0
1711997495 204772314 0
1711997496 204772314 0
1711997496 850174114 0
1711997496 177967104 0
1711997497 204772314 0
1711997498 204772314 0
1711997498 850174114 0
1711997498 177967104 0
1711997499 204772314 0
1711997500 850174114 0
1711997500 177967104 0
1711997501 204772314 0
1711997502 204772314 0
1711997502 850174114 0
1711997502 177967104 0
1711997503 204772314 0
1711997504 204772314 0
1711997504 850174114 0
1711997504 177967104 0
1711997505 204772314 0
1711997506 850174114 0
1711997506 177967104 0
1711997506 204772314 0
1711997508 204772314 0
1711997508 850174114 0
1711997508 177967104 0
1711997509 204772314 0
1711997510 204772314 0
1711997510 850174114 0
1711997510 177967104 0
1711997511 204772314 0
1711997512 850174114 0
1711997512 204772314 0
1711997512 177967104 0
1711997513 204772314 0
1711997514 850174114 0
1711997514 177967104 0
1711997514 204772314 0
1711997516 204772314 0
1711997516 850174114 0
1711997516 177967104 0
1711997517 204772314 0
1711997518 204772314 0
1711997518 850174114 0
1711997518 177967104 0
1711997519 204772314 0
1711997520 850174114 0
1711997520 204772314 0
1711997520 177967104 0
1711997521 204772314 0
1711997522 850174114 0
1711997522 177967104 0
1711997523 204772314 0
1711997524 204772314 0
1711997524 850174114 0
1711997524 177967104 0
1711997525 204772314 0
1711997526 204772314 0
1711997526 850174114 0
1711997526 177967104 0
1711997527 204772314 0
1711997528 850174114 0
1711997528 177967104 0
1711997529 204772314 0
1711997530 850174114 0
1711997530 177967104 0
1711997532 204772314 0
1711997532 177967104 0
1711997532 850174114 0
1711997533 204772314 0
1711997534 204772314 0
1711997534 850174114 0
1711997534 177967104 0
1711997535 204772314 0
1711997536 850174114 0
1711997536 177967104 0
1711997536 204772314 0
1711997538 850174114 0
1711997538 177967104 0
1711997539 204772314 0
1711997540 204772314 0
1711997540 850174114 0
1711997540 177967104 0
1711997541 204772314 0
1711997542 204772314 0
1711997542 850174114 0
1711997542 177967104 0
1711997543 204772314 0
1711997544 850174114 0
1711997544 177967104 0
1711997544 204772314 0
1711997546 204772314 0
1711997546 850174114 0
1711997546 177967104 0
1711997547 204772314 0
1711997548 204772314 0
1711997548 850174114 0
1711997548 177967104 0
1711997549 204772314 0
1711997550 850174114 0
1711997550 177967104 0
1711997550 204772314 0
1711997551 204772314 0
1711997552 850174114 0
1711997552 177967104 0
1711997553 204772314 0
1711997554 204772314 0
1711997554 850174114 0
1711997554 177967104 0
1711997555 204772314 0
1711997556 850174114 0
1711997556 204772314 0
1711997556 177967104 0
1711997557 204772314 0
1711997558 850174114 0
1711997558 177967104 0
1711997559 204772314 0
1711997560 204772314 0
1711997560 850174114 0
1711997560 177967104 0
1711997561 204772314 0
1711997562 204772314 0
1711997562 850174114 0
1711997562 177967104 0
1711997563 204772314 0
1711997564 850174114 0
1711997564 177967104 0
1711997564 204772314 0
1711997565 204772314 0
1711997566 177967104 0
1711997567 204772314 0
1711997567 850174114 0
1711997568 204772314 0
1711997568 177967104 0
1711997569 204772314 0
1711997569 850174114 0
1711997570 204772314 0
1711997570 177967104 0
1711997571 850174114 0
1711997571 204772314 0
1711997572 177967104 0
1711997572 204772314 0
1711997573 850174114 0
1711997574 204772314 0
1711997574 177967104 0
1711997575 204772314 0
1711997575 850174114 0
1711997576 204772314 0
1711997576 177967104 0
1711997577 204772314 0
1711997577 850174114 0
1711997578 204772314 0
1711997578 177967104 0
1711997579 850174114 0
1711997579 204772314 0
1711997580 177967104 0
1711997581 204772314 0
1711997581 850174114 0
1711997582 204772314 0
1711997582 177967104 0
1711997583 204772314 0
1711997583 850174114 0
1711997584 177967104 0
1711997584 204772314 0
1711997585 850174114 0
1711997585 204772314 0
1711997586 177967104 0
1711997587 204772314 0
1711997587 850174114 0
1711997588 204772314 0
1711997588 177967104 0
1711997589 204772314 0
1711997589 850174114 0
1711997590 204772314 0
1711997590 177967104 0
1711997591 850174114 0
1711997591 204772314 0
1711997592 177967104 0
1711997593 204772314 0
1711997593 850174114 0
1711997594 204772314 0
1711997594 177967104 0
1711997595 204772314 0
1711997595 850174114 0
1711997596 204772314 0
1711997596 177967104 0
1711997597 204772314 0
1711997597 850174114 0
1711997598 204772314 0
1711997598 177967104 0
1711997599 850174114 0
1711997599 204772314 0
1711997600 177967104 0
1711997601 204772314 0
1711997601 850174114 0
1711997602 204772314 0
1711997602 177967104 0
1711997603 204772314 0
1711997603 850174114 0
1711997604 204772314 0
1711997604 177967104 0
1711997605 204772314 0
1711997605 850174114 0
1711997606 204772314 0
1711997606 177967104 0
1711997607 850174114 0
1711997607 204772314 0
1711997608 177967104 0
1711997609 204772314 0
1711997609 850174114 0
1711997610 204772314 0
1711997610 177967104 0
1711997611 204772314 0
1711997612 850174114 0
1711997612 204772314 0
1711997612 177967104 0
1711997613 850174114 0
1711997613 204772314 0
1711997614 177967104 0
1711997614 204772314 0
1711997615 850174114 0
1711997616 204772314 0
1711997616 177967104 0
1711997617 204772314 0
1711997617 850174114 0
1711997618 204772314 0
1711997618 177967104 0
1711997619 850174114 0
1711997619 204772314 0
1711997620 177967104 0
1711997620 204772314 0
1711997621 850174114 0
1711997622 204772314 0
1711997622 177967104 0
1711997623 204772314 0
1711997623 850174114 0
1711997624 204772314 0
1711997624 177967104 0
1711997625 204772314 0
1711997625 850174114 0
1711997626 177967104 0
1711997626 204772314 0
1711997627 850174114 0
1711997628 204772314 0
1711997628 177967104 0
1711997629 204772314 0
1711997629 850174114 0
1711997630 204772314 0
1711997630 177967104 0
1711997631 204772314 0
1711997631 850174114 0
1711997632 204772314 0
1711997632 177967104 0
1711997633 850174114 0
1711997633 204772314 0
1711997634 177967104 0
1711997635 204772314 0
1711997635 850174114 0
1711997636 204772314 0
1711997636 177967104 0
1711997637 204772314 0
1711997637 850174114 0
1711997638 204772314 0
1711997638 177967104 0
1711997639 850174114 0
1711997639 204772314 0
1711997640 177967104 0
1711997640 204772314 0
1711997641 850174114 0
1711997642 204772314 0
1711997642 177967104 0
1711997643 204772314 0
1711997643 850174114 0
1711997644 204772314 0
1711997644 177967104 0
1711997645 204772314 0
1711997645 850174114 0
1711997646 204772314 0
1711997646 177967104 0
1711997647 850174114 0
1711997647 204772314 0
1711997648 177967104 0
1711997648 204772314 0
1711997649 850174114 0
1711997650 204772314 0
1711997650 177967104 0
1711997651 204772314 0
1711997651 850174114 0
1711997652 204772314 0
1711997652 177967104 0
1711997653 204772314 0
1711997653 850174114 0
1711997654 204772314 0
1711997654 177967104 0
1711997655 850174114 0
1711997655 204772314 0
1711997656 177967104 0
1711997657 204772314 0
1711997657 850174114 0
1711997658 204772314 0
1711997658 177967104 0
1711997659 204772314 0
1711997659 850174114 0
1711997660 204772314 0
1711997660 177967104 0
1711997661 850174114 0
1711997661 204772314 0
1711997662 177967104 0
1711997662 204772314 0
1711997663 850174114 0
1711997664 204772314 0
1711997664 177967104 0
1711997665 204772314 0
1711997665 850174114 0
1711997666 204772314 0
1711997666 177967104 0
1711997667 204772314 0
1711997667 850174114 0
1711997668 204772314 0
1711997668 177967104 0
1711997669 850174114 0
1711997669 204772314 0
1711997670 177967104 0
1711997670 204772314 0
1711997671 850174114 0
1711997672 204772314 0
1711997672 177967104 0
1711997673 204772314 0
1711997673 850174114 0
1711997674 204772314 0
1711997674 177967104 0
1711997675 204772314 0
1711997675 850174114 0
1711997676 204772314 0
1711997676 177967104 0
1711997677 850174114 0
1711997677 204772314 0
1711997678 177967104 0
1711997679 204772314 0
1711997679 850174114 0
1711997680 204772314 0
1711997680 177967104 0
1711997681 850174114 0
1711997681 204772314 0
1711997682 177967104 0
1711997682 204772314 0
1711997683 850174114 0
1711997684 204772314 0
1711997684 177967104 0
1711997685 204772314 0
1711997685 850174114 0
1711997686 204772314 0
1711997686 177967104 0
1711997687 850174114 0
1711997687 204772314 0
1711997688 177967104 0
1711997688 204772314 0
1711997689 850174114 0
1711997690 204772314 0
1711997690 177967104 0
1711997691 204772314 0
1711997691 850174114 0
1711997692 177967104 0
1711997693 850174114 0
1711997693 204772314 0
1711997694 177967104 0
1711997694 204772314 0
1711997695 850174114 0
1711997695 204772314 0
1711997696 177967104 0
1711997697 204772314 0
1711997697 850174114 0
1711997698 204772314 0
1711997698 177967104 0
1711997699 204772314 0
1711997699 850174114 0
1711997700 204772314 0
1711997700 177967104 0
1711997701 850174114 0
1711997701 204772314 0
1711997702 177967104 0
1711997703 850174114 0
1711997703 204772314 0
1711997704 177967104 0
1711997705 204772314 0
1711997705 850174114 0
1711997706 204772314 0
1711997706 177967104 0
1711997707 204772314 0
1711997707 850174114 0
1711997708 204772314 0
1711997708 177967104 0
1711997709 850174114 0
1711997709 204772314 0
1711997710 177967104 0
1711997710 204772314 0
1711997711 850174114 0
1711997712 204772314 0
1711997712 177967104 0
1711997713 204772314 0
1711997713 850174114 0
1711997714 204772314 0
1711997714 177967104 0
1711997715 204772314 0
1711997715 850174114 0
1711997716 177967104 0
1711997716 204772314 0
1711997717 850174114 0
1711997717 204772314 0
1711997718 177967104 0
1711997719 204772314 0
1711997719 850174114 0
1711997720 204772314 0
1711997720 177967104 0
1711997721 204772314 0
1711997721 850174114 0
1711997722 204772314 0
1711997722 177967104 0
1711997723 850174114 0
1711997723 204772314 0
1711997724 204772314 0
1711997724 177967104 0
1711997725 850174114 0
1711997725 204772314 0
1711997726 177967104 0
1711997727 204772314 0
1711997727 850174114 0
1711997728 204772314 0
1711997728 177967104 0
1711997729 204772314 0
1711997729 850174114 0
1711997730 204772314 0
1711997730 177967104 0
1711997731 850174114 0
1711997731 204772314 0
1711997732 177967104 0
1711997732 204772314 0
1711997733 850174114 0
1711997734 204772314 0
1711997734 177967104 0
1711997735 204772314 0
1711997735 850174114 0
1711997736 204772314 0
1711997736 177967104 0
1711997737 204772314 0
1711997737 850174114 0
1711997738 177967104 0
1711997738 204772314 0
1711997739 850174114 0
1711997739 204772314 0
1711997740 177967104 0
1711997741 204772314 0
1711997741 850174114 0
1711997742 204772314 0
1711997742 177967104 0
1711997743 204772314 0
1711997743 850174114 0
1711997744 204772314 0
1711997744 177967104 0
1711997745 850174114 0
1711997745 204772314 0
1711997746 177967104 0
1711997746 204772314 0
1711997747 850174114 0
1711997748 204772314 0
1711997748 177967104 0
1711997749 204772314 0
1711997749 850174114 0
1711997750 204772314 0
1711997750 177967104 0
1711997751 204772314 0
1711997751 850174114 0
1711997752 204772314 0
1711997752 177967104 0
1711997753 850174114 0
1711997753 204772314 0
1711997754 177967104 0
1711997755 204772314 0
1711997755 850174114 0
1711997756 204772314 0
1711997756 177967104 0
1711997757 204772314 0
1711997757 850174114 0
1711997758 204772314 0
1711997758 177967104 0
1711997759 850174114 0
1711997759 204772314 0
1711997760 177967104 0
1711997760 204772314 0
1711997761 850174114 0
1711997762 204772314 0
1711997762 177967104 0
1711997763 204772314 0
1711997763 850174114 0
1711997764 204772314 0
1711997764 177967104 0
1711997765 204772314 0
1711997765 850174114 0
1711997766 177967104 0
1711997766 204772314 0
1711997767 850174114 0
1711997767 204772314 0
1711997768 177967104 0
1711997769 204772314 0
1711997769 850174114 0
1711997770 204772314 0
1711997770 177967104 0
1711997771 204772314 0
1711997771 850174114 0
1711997772 204772314 0
1711997772 177967104 0
1711997773 850174114 0
1711997773 204772314 0
1711997774 177967104 0
1711997774 204772314 0
1711997775 850174114 0
1711997776 204772314 0
1711997776 177967104 0
1711997777 204772314 0
1711997777 850174114 0
1711997778 204772314 0
1711997778 177967104 0
1711997779 204772314 0
1711997779 850174114 0
1711997780 177967104 0
1711997780 204772314 0
1711997781 850174114 0
1711997781 204772314 0
1711997782 177967104 0
1711997783 204772314 0
1711997783 850174114 0
1711997784 204772314 0
1711997784 177967104 0
1711997785 204772314 0
1711997785 850174114 0
1711997786 204772314 0
1711997786 177967104 0
1711997787 850174114 0
1711997787 204772314 0
1711997788 177967104 0
1711997789 204772314 0
1711997789 850174114 0
1711997790 204772314 0
1711997790 177967104 0
1711997791 204772314 0
1711997791 850174114 0
1711997792 204772314 0
1711997792 177967104 0
1711997793 850174114 0
1711997793 204772314 0
1711997794 177967104 0
1711997795 204772314 0
1711997795 850174114 0
1711997796 204772314 0
1711997796 177967104 0
1711997797 204772314 0
1711997797 850174114 0
1711997798 177967104 0
1711997798 204772314 0
1711997799 850174114 0
1711997800 204772314 0
1711997800 177967104 0
1711997801 204772314 0
1711997801 850174114 0
1711997802 204772314 0
1711997802 177967104 0
1711997803 204772314 0
1711997803 850174114 0
1711997804 204772314 0
1711997804 177967104 0
1711997805 850174114 0
1711997805 204772314 0
1711997806 177967104 0
1711997807 204772314 0
1711997807 850174114 0
1711997808 204772314 0
1711997808 177967104 0
1711997809 204772314 0
1711997809 850174114 0
1711997810 204772314 0
1711997810 177967104 0
1711997811 850174114 0
1711997811 204772314 0
1711997812 177967104 0
1711997812 204772314 0
1711997813 850174114 0
1711997814 204772314 0
1711997814 177967104 0
1711997815 204772314 0
1711997815 850174114 0
1711997816 204772314 0
1711997816 177967104 0
1711997817 850174114 0
1711997817 204772314 0
1711997818 177967104 0
1711997818 204772314 0
1711997819 850174114 0
1711997819 204772314 0
1711997820 177967104 0
1711997821 204772314 0
1711997821 850174114 0
1711997822 204772314 0
1711997822 177967104 0
1711997823 204772314 0
1711997823 850174114 0
1711997824 204772314 0
1711997824 177967104 0
1711997825 850174114 0
1711997825 204772314 0
1711997826 177967104 0
1711997826 204772314 0
1711997827 850174114 0
1711997828 204772314 0
1711997828 177967104 0
1711997829 204772314 0
1711997829 850174114 0
1711997830 204772314 0
1711997830 177967104 0
1711997831 204772314 0
1711997831 850174114 0
1711997832 204772314 0
1711997832 177967104 0
1711997833 850174114 0
1711997833 204772314 0
1711997834 177967104 0
1711997835 204772314 0
1711997835 850174114 0
1711997836 204772314 0
1711997836 177967104 0
1711997837 204772314 0
1711997837 850174114 0
1711997838 204772314 0
1711997838 177967104 0
1711997839 850174114 0
1711997839 204772314 0
1711997840 177967104 0
1711997840 204772314 0
1711997841 850174114 0
1711997841 204772314 0
1711997842 177967104 0
1711997843 204772314 0
1711997843 850174114 0
1711997844 204772314 0
1711997844 177967104 0
1711997845 204772314 0
1711997845 850174114 0
1711997846 177967104 0
1711997847 204772314 0
1711997847 850174114 0
1711997848 177967104 0
1711997848 204772314 0
1711997849 850174114 0
1711997850 204772314 0
1711997850 177967104 0
1711997851 204772314 0
1711997851 850174114 0
1711997852 204772314 0
1711997852 177967104 0
1711997853 204772314 0
1711997853 850174114 0
1711997854 177967104 0
1711997854 204772314 0
1711997855 850174114 0
1711997855 204772314 0
1711997856 177967104 0
1711997857 204772314 0
1711997857 850174114 0
1711997858 204772314 0
1711997858 177967104 0
1711997859 850174114 0
1711997859 204772314 0
1711997860 177967104 0
1711997860 204772314 0
1711997861 850174114 0
1711997861 204772314 0
1711997862 177967104 0
1711997863 204772314 0
1711997863 850174114 0
1711997864 204772314 0
1711997864 177967104 0
1711997865 204772314 0
1711997865 850174114 0
1711997866 204772314 0
1711997866 177967104 0
1711997867 850174114 0
1711997867 204772314 0
1711997868 177967104 0
1711997868 204772314 0
1711997869 850174114 0
1711997870 204772314 0
1711997870 177967104 0
1711997871 204772314 0
1711997871 850174114 0
1711997872 204772314 0
1711997872 177967104 0
1711997873 850174114 0
1711997873 204772314 0
1711997874 177967104 0
1711997874 204772314 0
1711997875 850174114 0
1711997876 204772314 0
1711997876 177967104 0
1711997877 204772314 0
1711997877 850174114 0
1711997878 204772314 0
1711997878 177967104 0
1711997879 204772314 0
1711997879 850174114 0
1711997880 204772314 0
1711997880 177967104 0
1711997881 850174114 0
1711997881 204772314 0
1711997882 177967104 0
1711997882 204772314 0
1711997883 850174114 0
1711997884 204772314 0
1711997884 177967104 0
1711997885 204772314 0
1711997885 850174114 0
1711997886 204772314 0
1711997886 177967104 0
1711997887 850174114 0
1711997887 204772314 0
1711997888 177967104 0
1711997889 204772314 0
1711997889 850174114 0
1711997890 204772314 0
1711997890 177967104 0
1711997891 204772314 0
1711997891 850174114 0
1711997892 204772314 0
1711997892 177967104 0
1711997893 850174114 0
1711997893 204772314 0
1711997894 177967104 0
1711997894 204772314 0
1711997895 850174114 0
1711997896 204772314 0
1711997896 177967104 0
1711997897 204772314 0
1711997897 850174114 0
1711997898 204772314 0
1711997898 177967104 0
1711997899 850174114 0
1711997899 204772314 0
1711997900 177967104 0
1711997901 204772314 0
1711997901 850174114 0
1711997902 204772314 0
1711997902 177967104 0
1711997903 204772314 0
1711997903 850174114 0
1711997904 204772314 0
1711997904 177967104 0
1711997905 850174114 0
1711997905 204772314 0
1711997906 177967104 0
1711997906 204772314 0
1711997907 850174114 0
1711997908 204772314 0
1711997908 177967104 0
1711997909 204772314 0
1711997909 850174114 0
1711997910 204772314 0
1711997910 177967104 0
1711997911 850174114 0
1711997911 204772314 0
1711997912 177967104 0
1711997913 204772314 0
1711997913 850174114 0
1711997914 204772314 0
1711997914 177967104 0
1711997915 204772314 0
1711997915 850174114 0
1711997916 204772314 0
1711997916 177967104 0
1711997917 850174114 0
1711997917 204772314 0
1711997918 177967104 0
1711997918 204772314 0
1711997919 850174114 0
1711997920 204772314 0
1711997920 177967104 0
1711997921 204772314 0
1711997921 850174114 0
1711997922 204772314 0
1711997922 177967104 0
1711997923 850174114 0
1711997923 204772314 0
1711997924 177967104 0
1711997924 204772314 0
1711997925 850174114 0
1711997926 204772314 0
1711997926 177967104 0
1711997927 204772314 0
1711997927 850174114 0
1711997928 204772314 0
1711997928 177967104 0
1711997929 850174114 0
1711997929 204772314 0
1711997930 177967104 0
1711997931 204772314 0
1711997931 850174114 0
1711997932 204772314 0
1711997932 177967104 0
1711997933 204772314 0
1711997933 850174114 0
1711997934 204772314 0
1711997934 177967104 0
1711997935 850174114 0
1711997935 204772314 0
1711997936 177967104 0
1711997937 204772314 0
1711997937 850174114 0
1711997938 204772314 0
1711997938 177967104 0
1711997939 204772314 0
1711997939 850174114 0
1711997940 204772314 0
1711997940 177967104 0
1711997941 850174114 0
1711997941 204772314 0
1711997942 177967104 0
1711997943 204772314 0
1711997943 850174114 0
1711997944 204772314 0
1711997944 177967104 0
1711997945 204772314 0
1711997945 850174114 0
1711997946 204772314 0
1711997946 177967104 0
1711997947 850174114 0
1711997947 204772314 0
1711997948 177967104 0
1711997948 204772314 0
1711997949 850174114 0
1711997950 204772314 0
1711997950 177967104 0
1711997951 204772314 0
1711997951 850174114 0
1711997952 177967104 0
1711997953 204772314 0
1711997953 850174114 0
1711997954 204772314 0
1711997954 177967104 0
1711997955 850174114 0
1711997955 204772314 0
1711997956 177967104 0
1711997957 204772314 0
1711997957 850174114 0
1711997958 204772314 0
1711997958 177967104 0
1711997959 204772314 0
1711997959 850174114 0
1711997960 204772314 0
1711997960 177967104 0
1711997961 850174114 0
1711997961 204772314 0
1711997962 177967104 0
1711997962 204772314 0
1711997963 850174114 0
1711997964 204772314 0
1711997964 177967104 0
1711997965 204772314 0
1711997965 850174114 0
1711997966 204772314 0
1711997966 177967104 0
1711997967 204772314 0
1711997967 850174114 0
1711997968 204772314 0
1711997968 177967104 0
1711997969 850174114 0
1711997969 204772314 0
1711997970 177967104 0
1711997971 204772314 0
1711997971 850174114 0
1711997972 204772314 0
1711997972 177967104 0
1711997973 204772314 0
1711997973 850174114 0
1711997974 204772314 0
1711997974 177967104 0
1711997975 850174114 0
1711997975 204772314 0
1711997976 177967104 0
1711997976 204772314 0
1711997977 850174114 0
1711997978 204772314 0
1711997978 177967104 0
1711997979 204772314 0
1711997979 850174114 0
1711997980 204772314 0
1711997980 177967104 0
1711997981 850174114 0
1711997981 204772314 0
1711997982 177967104 0
1711997982 204772314 0
1711997983 850174114 0
1711997983 204772314 0
1711997984 177967104 0
1711997985 204772314 0
1711997985 850174114 0
1711997986 204772314 0
1711997986 177967104 0
1711997987 204772314 0
1711997987 850174114 0
1711997988 204772314 0
1711997988 177967104 0
1711997989 850174114 0
1711997989 204772314 0
1711997990 177967104 0
1711997990 204772314 0
1711997991 850174114 0
1711997992 204772314 0
1711997992 177967104 0
1711997993 204772314 0
1711997993 850174114 0
1711997994 204772314 0
1711997994 177967104 0
1711997995 204772314 0
1711997995 850174114 0
1711997996 204772314 0
1711997996 177967104 0
1711997997 850174114 0
1711997997 204772314 0
1711997998 177967104 0
1711997999 204772314 0
1711997999 850174114 0
1711998000 204772314 0
1711998000 177967104 0
1711998001 204772314 0
1711998001 850174114 0
1711998002 204772314 0
1711998002 177967104 0
1711998003 850174114 0
1711998003 204772314 0
1711998004 177967104 0
1711998004 204772314 0
1711998005 850174114 0
1711998006 204772314 0
1711998006 177967104 0
1711998007 204772314 0
1711998007 850174114 0
1711998008 204772314 0
1711998008 177967104 0
1711998009 204772314 0
1711998009 850174114 0
1711998010 177967104 0
1711998010 204772314 0
1711998011 850174114 0
1711998011 204772314 0
1711998012 177967104 0
1711998013 204772314 0
1711998013 850174114 0
1711998014 204772314 0
1711998014 177967104 0
1711998015 204772314 0
1711998015 850174114 0
1711998016 204772314 0
1711998016 177967104 0
1711998017 850174114 0
1711998017 204772314 0
1711998018 177967104 0
1711998018 204772314 0
1711998019 850174114 0
1711998019 204772314 0
1711998020 177967104 0
1711998021 204772314 0
1711998021 850174114 0
1711998022 204772314 0
1711998022 177967104 0
1711998023 204772314 0
1711998023 850174114 0
1711998024 204772314 0
1711998024 177967104 0
1711998025 850174114 0
1711998025 204772314 0
1711998026 177967104 0
1711998026 204772314 0
1711998027 850174114 0
1711998028 204772314 0
1711998028 177967104 0
1711998029 204772314 0
1711998029 850174114 0
1711998030 204772314 0
1711998030 177967104 0
1711998031 204772314 0
1711998031 850174114 0
1711998032 204772314 0
1711998032 177967104 0
1711998033 850174114 0
1711998033 204772314 0
1711998034 177967104 0
1711998035 204772314 0
1711998035 850174114 0
1711998036 204772314 0
1711998036 177967104 0
1711998037 204772314 0
1711998037 850174114 0
1711998038 204772314 0
1711998038 177967104 0
1711998039 850174114 0
1711998039 204772314 0
1711998040 177967104 0
1711998040 204772314 0
1711998041 850174114 0
1711998042 204772314 0
1711998042 177967104 0
1711998043 204772314 0
1711998043 850174114 0
1711998044 204772314 0
1711998044 177967104 0
1711998045 204772314 0
1711998045 850174114 0
1711998046 204772314 0
1711998046 177967104 0
1711998047 850174114 0
1711998047 204772314 0
1711998048 177967104 0
1711998049 204772314 0
1711998049 850174114 0
1711998050 204772314 0
1711998050 177967104 0
1711998051 204772314 0
1711998051 850174114 0
1711998052 204772314 0
1711998052 177967104 0
1711998053 850174114 0
1711998053 204772314 0
1711998054 177967104 0
1711998054 204772314 0
1711998055 850174114 0
1711998056 204772314 0
1711998056 177967104 0
1711998057 204772314 0
1711998057 850174114 0
1711998058 204772314 0
1711998058 177967104 0
1711998059 850174114 0
1711998059 204772314 0
1711998060 177967104 0
1711998060 204772314 0
1711998061 850174114 0
1711998061 204772314 0
1711998062 177967104 0
1711998063 204772314 0
1711998063 850174114 0
1711998064 204772314 0
1711998064 177967104 0
1711998065 204772314 0
1711998065 850174114 0
1711998066 204772314 0
1711998066 177967104 0
1711998067 850174114 0
1711998067 204772314 0
1711998068 177967104 0
1711998069 204772314 0
1711998069 850174114 0
1711998070 204772314 0
1711998070 177967104 0
1711998071 204772314 0
1711998071 850174114 0
1711998072 204772314 0
1711998072 177967104 0
1711998073 850174114 0
1711998073 204772314 0
1711998074 177967104 0
1711998074 204772314 0
1711998075 850174114 0
1711998076 204772314 0
1711998076 177967104 0
1711998077 204772314 0
1711998077 850174114 0
1711998078 204772314 0
1711998078 177967104 0
1711998079 850174114 0
1711998079 204772314 0
1711998080 177967104 0
1711998081 204772314 0
1711998081 850174114 0
1711998082 204772314 0
1711998082 177967104 0
1711998083 204772314 0
1711998083 850174114 0
1711998084 204772314 0
1711998084 177967104 0
1711998085 850174114 0
1711998085 204772314 0
1711998086 177967104 0
1711998087 204772314 0
1711998087 850174114 0
1711998088 204772314 0
1711998088 177967104 0
1711998089 204772314 0
1711998089 850174114 0
1711998090 204772314 0
1711998090 177967104 0
1711998091 850174114 0
1711998091 204772314 0
1711998092 177967104 0
1711998093 204772314 0
1711998093 850174114 0
1711998094 204772314 0
1711998094 177967104 0
1711998095 204772314 0
1711998095 850174114 0
1711998096 204772314 0
1711998096 177967104 0
1711998097 204772314 0
1711998097 850174114 0
1711998098 177967104 0
1711998098 204772314 0
1711998099 850174114 0
1711998099 204772314 0
1711998100 177967104 0
1711998101 204772314 0
1711998101 850174114 0
1711998102 204772314 0
1711998102 177967104 0
1711998103 507606203 0
1711998103 204772314 0
1711998103 850174114 0
1711998104 507606203 0
1711998104 204772314 0
1711998104 177967104 0
1711998105 507606203 0
1711998105 850174114 0
1711998105 204772314 0
1711998106 507606203 0
1711998106 204772314 0
1711998107 850174114 0
1711998107 507606203 0
1711998107 177967104 0
1711998108 204772314 0
1711998108 507606203 0
1711998109 850174114 0
1711998109 177967104 0
1711998109 204772314 0
1711998110 507606203 0
1711998110 204772314 0
1711998111 507606203 0
1711998111 850174114 0
1711998111 177967104 0
1711998112 204772314 0
1711998112 507606203 0
1711998113 204772314 0
1711998113 850174114 0
1711998113 507606203 0
1711998113 177967104 0
1711998114 204772314 0
1711998114 507606203 0
1711998115 204772314 0
1711998115 850174114 0
1711998115 177967104 0
1711998116 507606203 0
1711998116 204772314 0
1711998117 507606203 0
1711998117 850174114 0
1711998117 177967104 0
1711998118 204772314 0
1711998118 507606203 0
1711998119 204772314 0
1711998119 850174114 0
1711998119 507606203 0
1711998119 177967104 0
1711998120 204772314 0
1711998121 850174114 0
1711998121 177967104 0
1711998122 204772314 0
1711998123 204772314 0
1711998123 850174114 0
1711998123 177967104 0
1711998124 204772314 0
1711998125 850174114 0
1711998125 177967104 0
1711998126 204772314 0
1711998127 204772314 0
1711998127 850174114 0
1711998127 177967104 0
1711998128 204772314 0
1711998129 850174114 0
1711998129 177967104 0
1711998130 204772314 0
1711998131 204772314 0
1711998131 850174114 0
1711998131 177967104 0
1711998132 204772314 0
1711998133 204772314 0
1711998133 850174114 0
1711998133 177967104 0
1711998134 204772314 0
1711998135 850174114 0
1711998135 177967104 0
1711998135 204772314 0
1711998137 204772314 0
1711998137 850174114 0
1711998137 177967104 0
1711998138 204772314 0
1711998139 204772314 0
1711998139 850174114 0
1711998139 177967104 0
1711998140 204772314 0
1711998141 850174114 0
1711998141 204772314 0
1711998141 177967104 0
1711998142 204772314 0
1711998143 850174114 0
1711998143 177967104 0
1711998143 204772314 0
1711998145 204772314 0
1711998145 850174114 0
1711998145 177967104 0
1711998146 204772314 0
1711998147 850174114 0
1711998147 204772314 0
1711998147 177967104 0
1711998148 204772314 0
1711998149 850174114 0
1711998149 177967104 0
1711998150 204772314 0
1711998151 204772314 0
1711998151 850174114 0
1711998151 177967104 0
1711998152 204772314 0
1711998153 850174114 0
1711998153 177967104 0
1711998153 204772314 0
1711998155 204772314 0
1711998155 850174114 0
1711998155 177967104 0
1711998156 204772314 0
1711998157 204772314 0
1711998157 850174114 0
1711998157 177967104 0
1711998158 204772314 0
1711998159 850174114 0
1711998159 177967104 0
1711998159 204772314 0
1711998160 204772314 0
1711998161 850174114 0
1711998161 177967104 0
1711998162 204772314 0
1711998163 204772314 0
1711998163 850174114 0
1711998163 177967104 0
1711998164 204772314 0
1711998165 850174114 0
1711998165 204772314 0
1711998165 177967104 0
1711998166 204772314 0
1711998167 850174114 0
1711998167 177967104 0
1711998168 204772314 0
1711998169 204772314 0
1711998169 850174114 0
1711998169 177967104 0
1711998170 204772314 0
1711998171 850174114 0
1711998171 204772314 0
1711998171 177967104 0
1711998172 204772314 0
1711998173 850174114 0
1711998173 177967104 0
1711998173 204772314 0
1711998175 204772314 0
1711998175 850174114 0
1711998175 177967104 0
1711998176 204772314 0
1711998177 204772314 0
1711998177 850174114 0
1711998177 177967104 0
1711998178 204772314 0
1711998179 850174114 0
1711998179 177967104 0
1711998179 204772314 0
1711998181 204772314 0
1711998181 850174114 0
1711998181 177967104 0
1711998182 204772314 0
1711998183 204772314 0
1711998183 850174114 0
1711998183 177967104 0
1711998184 204772314 0
1711998185 850174114 0
1711998185 177967104 0
1711998186 204772314 0
1711998187 204772314 0
1711998187 850174114 0
1711998187 177967104 0
1711998188 204772314 0
1711998189 850174114 0
1711998189 204772314 0
1711998189 177967104 0
1711998190 204772314 0
1711998191 850174114 0
1711998191 177967104 0
1711998192 204772314 0
1711998193 204772314 0
1711998193 850174114 0
1711998193 177967104 0
1711998194 204772314 0
1711998195 204772314 0
1711998195 850174114 0
1711998195 177967104 0
1711998196 204772314 0
1711998197 850174114 0
1711998197 177967104 0
1711998197 204772314 0
1711998199 204772314 0
1711998199 850174114 0
1711998199 177967104 0
1711998200 204772314 0
1711998201 204772314 0
1711998201 850174114 0
1711998201 177967104 0
1711998202 204772314 0
1711998203 850174114 0
1711998203 177967104 0
1711998203 204772314 0
1711998204 204772314 0
1711998205 850174114 0
1711998205 177967104 0
1711998206 204772314 0
1711998207 204772314 0
1711998207 850174114 0
1711998207 177967104 0
1711998208 204772314 0
1711998209 204772314 0
1711998209 850174114 0
1711998209 177967104 0
1711998210 204772314 0
1711998211 850174114 0
1711998211 177967104 0
1711998212 204772314 0
1711998213 204772314 0
1711998213 850174114 0
1711998213 177967104 0
1711998214 204772314 0
1711998215 850174114 0
1711998215 204772314 0
1711998215 177967104 0
1711998216 204772314 0
1711998217 850174114 0
1711998217 177967104 0
1711998218 204772314 0
1711998219 204772314 0
1711998219 850174114 0
1711998219 177967104 0
1711998220 204772314 0
1711998221 850174114 0
1711998221 177967104 0
1711998221 204772314 0
1711998222 204772314 0
1711998223 850174114 0
1711998223 177967104 0
1711998224 204772314 0
1711998225 204772314 0
1711998225 850174114 0
1711998225 177967104 0
1711998226 204772314 0
1711998227 850174114 0
1711998227 204772314 0
1711998227 177967104 0
1711998228 204772314 0
1711998229 850174114 0
1711998229 177967104 0
1711998230 204772314 0
1711998231 204772314 0
1711998231 850174114 0
1711998231 177967104 0
1711998232 204772314 0
1711998233 204772314 0
1711998233 850174114 0
1711998233 177967104 0
1711998234 204772314 0
1711998235 850174114 0
1711998235 204772314 0
1711998235 177967104 0
1711998236 204772314 0
1711998237 850174114 0
1711998237 177967104 0
1711998238 204772314 0
1711998239 204772314 0
1711998239 850174114 0
1711998239 177967104 0
1711998240 204772314 0
1711998241 204772314 0
1711998241 850174114 0
1711998241 177967104 0
1711998242 204772314 0
1711998243 850174114 0
1711998243 177967104 0
1711998243 204772314 0
1711998244 204772314 0
1711998245 850174114 0
1711998245 177967104 0
1711998246 204772314 0
1711998247 204772314 0
1711998247 850174114 0
1711998247 177967104 0
1711998248 204772314 0
1711998249 204772314 0
1711998249 850174114 0
1711998249 177967104 0
1711998250 204772314 0
1711998251 850174114 0
1711998251 177967104 0
1711998251 204772314 0
1711998252 204772314 0
1711998253 850174114 0
1711998253 177967104 0
1711998254 204772314 0
1711998255 204772314 0
1711998255 850174114 0
1711998255 177967104 0
1711998256 204772314 0
1711998257 850174114 0
1711998257 204772314 0
1711998257 177967104 0
1711998258 204772314 0
1711998259 850174114 0
1711998259 177967104 0
1711998259 204772314 0
1711998261 204772314 0
1711998261 850174114 0
1711998261 177967104 0
1711998262 204772314 0
1711998263 204772314 0
1711998263 850174114 0
1711998263 177967104 0
1711998264 204772314 0
1711998265 850174114 0
1711998265 177967104 0
1711998265 204772314 0
1711998267 204772314 0
1711998267 850174114 0
1711998267 177967104 0
1711998268 204772314 0
1711998269 204772314 0
1711998269 850174114 0
1711998269 177967104 0
1711998270 204772314 0
1711998271 850174114 0
1711998271 204772314 0
1711998271 177967104 0
1711998272 204772314 0
1711998273 850174114 0
1711998273 177967104 0
1711998274 204772314 0
1711998275 204772314 0
1711998275 850174114 0
1711998275 177967104 0
1711998276 204772314 0
1711998277 204772314 0
1711998277 850174114 0
1711998277 177967104 0
1711998278 204772314 0
1711998279 850174114 0
1711998279 204772314 0
1711998279 177967104 0
1711998280 204772314 0
1711998281 850174114 0
1711998282 204772314 0
1711998283 177967104 0
1711998283 204772314 0
1711998283 850174114 0
1711998284 204772314 0
1711998285 850174114 0
1711998285 204772314 0
1711998285 177967104 0
1711998287 204772314 0
1711998287 850174114 0
1711998288 204772314 0
1711998288 177967104 0
1711998289 204772314 0
1711998289 850174114 0
1711998290 204772314 0
1711998291 177967104 0
1711998291 850174114 0
1711998291 204772314 0
1711998293 204772314 0
1711998293 850174114 0
1711998294 177967104 0
1711998294 204772314 0
1711998295 204772314 0
1711998295 850174114 0
1711998296 204772314 0
1711998297 850174114 0
1711998297 177967104 0
1711998298 204772314 0
1711998299 204772314 0
1711998299 850174114 0
1711998299 177967104 0
1711998300 204772314 0
1711998301 850174114 0
1711998301 204772314 0
1711998302 204772314 0
1711998303 850174114 0
1711998303 177967104 0
1711998304 204772314 0
1711998305 204772314 0
1711998305 850174114 0
1711998305 177967104 0
1711998306 204772314 0
1711998307 850174114 0
1711998307 204772314 0
1711998307 177967104 0
1711998308 204772314 0
1711998309 850174114 0
1711998309 177967104 0
1711998310 204772314 0
1711998311 204772314 0
1711998311 850174114 0
1711998311 177967104 0
1711998312 204772314 0
1711998313 204772314 0
1711998313 850174114 0
1711998313 177967104 0
1711998314 204772314 0
1711998315 850174114 0
1711998315 177967104 0
1711998315 204772314 0
1711998317 204772314 0
1711998317 850174114 0
1711998317 177967104 0
1711998318 204772314 0
1711998319 204772314 0
1711998319 850174114 0
1711998319 177967104 0
1711998320 204772314 0
1711998321 850174114 0
1711998321 204772314 0
1711998321 177967104 0
1711998322 204772314 0
1711998323 850174114 0
1711998323 177967104 0
1711998324 204772314 0
1711998325 204772314 0
1711998325 850174114 0
1711998325 177967104 0
1711998327 204772314 0
1711998327 850174114 0
1711998327 177967104 0
1711998328 204772314 0
1711998329 850174114 0
1711998329 204772314 0
1711998329 177967104 0
1711998330 204772314 0
1711998331 850174114 0
1711998331 177967104 0
1711998331 204772314 0
1711998333 204772314 0
1711998333 850174114 0
1711998333 177967104 0
1711998334 204772314 0
1711998335 204772314 0
1711998335 850174114 0
1711998335 177967104 0
1711998336 204772314 0
1711998337 850174114 0
1711998337 204772314 0
1711998337 177967104 0
1711998338 204772314 0
1711998339 850174114 0
1711998339 177967104 0
1711998340 204772314 0
1711998341 204772314 0
1711998341 850174114 0
1711998341 177967104 0
1711998342 204772314 0
1711998343 204772314 0
1711998343 850174114 0
1711998343 177967104 0
1711998344 204772314 0
1711998345 850174114 0
1711998345 177967104 0
1711998345 204772314 0
1711998347 204772314 0
1711998347 850174114 0
1711998347 177967104 0
1711998348 204772314 0
1711998349 204772314 0
1711998349 850174114 0
1711998349 177967104 0
1711998350 204772314 0
1711998351 850174114 0
1711998351 204772314 0
1711998351 177967104 0
1711998352 204772314 0
1711998353 850174114 0
1711998353 177967104 0
1711998354 204772314 0
1711998355 204772314 0
1711998355 850174114 0
1711998355 177967104 0
1711998356 204772314 0
1711998357 850174114 0
1711998357 204772314 0
1711998357 177967104 0
1711998358 204772314 0
1711998359 850174114 0
1711998359 177967104 0
1711998359 204772314 0
1711998361 204772314 0
1711998361 850174114 0
1711998361 177967104 0
1711998362 204772314 0
1711998363 204772314 0
1711998363 850174114 0
1711998363 177967104 0
1711998364 204772314 0
1711998365 850174114 0
1711998365 204772314 0
1711998365 177967104 0
1711998366 204772314 0
1711998367 850174114 0
1711998367 177967104 0
1711998367 204772314 0
1711998369 204772314 0
1711998369 850174114 0
1711998369 177967104 0
1711998370 204772314 0
1711998371 204772314 0
1711998371 850174114 0
1711998371 177967104 0
1711998372 204772314 0
1711998373 850174114 0
1711998373 204772314 0
1711998373 177967104 0
1711998374 204772314 0
1711998375 850174114 0
1711998375 177967104 0
1711998376 204772314 0
1711998377 204772314 0
1711998377 850174114 0
1711998377 177967104 0
1711998378 204772314 0
1711998379 204772314 0
1711998379 850174114 0
1711998379 177967104 0
1711998380 204772314 0
1711998381 850174114 0
1711998381 177967104 0
1711998381 204772314 0
1711998382 204772314 0
1711998383 850174114 0
1711998383 177967104 0
1711998384 204772314 0
1711998385 204772314 0
1711998385 850174114 0
1711998385 177967104 0
1711998386 204772314 0
1711998387 204772314 0
1711998387 850174114 0
1711998387 177967104 0
1711998388 204772314 0
1711998389 850174114 0
1711998389 177967104 0
1711998389 204772314 0
1711998390 204772314 0
1711998391 850174114 0
1711998391 177967104 0
1711998392 204772314 0
1711998393 204772314 0
1711998393 850174114 0
1711998393 177967104 0
1711998394 204772314 0
1711998395 204772314 0
1711998395 850174114 0
1711998395 177967104 0
1711998396 204772314 0
1711998397 850174114 0
1711998397 177967104 0
1711998397 204772314 0
1711998399 204772314 0
1711998399 850174114 0
1711998399 177967104 0
1711998400 204772314 0
1711998401 204772314 0
1711998401 850174114 0
1711998401 177967104 0
1711998402 204772314 0
1711998403 204772314 0
1711998403 850174114 0
1711998403 177967104 0
1711998404 204772314 0
1711998405 850174114 0
1711998405 177967104 0
1711998405 204772314 0
1711998407 204772314 0
1711998407 850174114 0
1711998407 177967104 0
1711998408 204772314 0
1711998409 204772314 0
1711998409 850174114 0
1711998409 177967104 0
1711998410 204772314 0
1711998411 850174114 0
1711998411 204772314 0
1711998411 177967104 0
1711998412 204772314 0
1711998413 850174114 0
1711998413 177967104 0
1711998414 204772314 0
1711998415 204772314 0
1711998415 850174114 0
1711998415 177967104 0
1711998416 204772314 0
1711998417 204772314 0
1711998417 850174114 0
1711998417 177967104 0
1711998418 204772314 0
1711998419 850174114 0
1711998419 177967104 0
1711998419 204772314 0
1711998420 204772314 0
1711998421 850174114 0
1711998421 177967104 0
1711998422 204772314 0
1711998422 850174114 1
1711998423 204772314 0
1711998423 177967104 0
1711998424 204772314 0
1711998424 850174114 0
1711998425 204772314 0
1711998425 177967104 0
1711998426 850174114 0
1711998426 204772314 0
1711998427 177967104 0
1711998427 204772314 0
1711998428 850174114 0
1711998429 204772314 0
1711998429 177967104 0
1711998430 204772314 0
1711998430 850174114 0
1711998431 204772314 0
1711998431 177967104 0
1711998432 204772314 0
1711998432 850174114 0
1711998433 204772314 0
1711998433 177967104 0
1711998434 850174114 0
1711998434 204772314 0
1711998435 177967104 0
1711998436 204772314 0
1711998436 850174114 0
1711998437 204772314 0
1711998437 177967104 0
1711998438 204772314 0
1711998438 850174114 0
1711998439 204772314 0
1711998439 177967104 0
1711998440 850174114 0
1711998440 204772314 0
1711998441 177967104 0
1711998441 204772314 0
1711998442 850174114 0
1711998443 204772314 0
1711998443 177967104 0
1711998444 204772314 0
1711998444 850174114 0
1711998445 204772314 0
1711998445 177967104 0
1711998446 204772314 0
1711998446 850174114 0
1711998447 204772314 0
1711998447 177967104 0
1711998448 850174114 0
1711998448 204772314 0
1711998449 177967104 0
1711998450 204772314 0
1711998450 850174114 0
1711998451 204772314 0
1711998451 177967104 0
1711998452 204772314 0
1711998452 850174114 0
1711998453 204772314 0
1711998453 177967104 0
1711998454 850174114 0
1711998454 204772314 0
1711998455 177967104 0
1711998455 204772314 0
1711998456 850174114 0
1711998456 204772314 0
1711998457 177967104 0
1711998458 204772314 0
1711998458 850174114 0
1711998459 204772314 0
1711998459 177967104 0
1711998460 204772314 0
1711998460 850174114 0
1711998461 204772314 0
1711998461 177967104 0
1711998462 850174114 0
1711998462 204772314 0
1711998463 177967104 0
1711998463 204772314 0
1711998464 850174114 0
1711998465 204772314 0
1711998465 177967104 0
1711998466 204772314 0
1711998466 850174114 0
1711998467 204772314 0
1711998467 177967104 0
1711998468 204772314 0
1711998468 850174114 0
1711998469 177967104 0
1711998469 204772314 0
1711998470 850174114 0
1711998470 204772314 0
1711998471 177967104 0
1711998472 204772314 0
1711998472 850174114 0
1711998473 204772314 0
1711998473 177967104 0
1711998474 204772314 0
1711998474 850174114 0
1711998475 204772314 0
1711998475 177967104 0
1711998476 850174114 0
1711998476 204772314 0
1711998477 177967104 0
1711998477 204772314 0
1711998478 850174114 0
1711998479 204772314 0
1711998479 177967104 0
1711998480 204772314 0
1711998480 850174114 0
1711998481 204772314 0
1711998481 177967104 0
1711998482 204772314 0
1711998482 850174114 0
1711998483 204772314 0
1711998483 177967104 0
1711998484 850174114 0
1711998485 204772314 0
1711998485 177967104 0
1711998486 204772314 0
1711998486 850174114 0
1711998487 204772314 0
1711998487 177967104 0
1711998488 204772314 0
1711998488 850174114 0
1711998489 204772314 0
1711998489 177967104 0
1711998490 850174114 0
1711998490 204772314 0
1711998491 177967104 0
1711998491 204772314 0
1711998492 850174114 0
1711998493 204772314 0
1711998493 177967104 0
1711998494 204772314 0
1711998494 850174114 0
1711998495 204772314 0
1711998495 177967104 0
1711998496 204772314 0
1711998496 850174114 0
1711998497 204772314 0
1711998497 177967104 0
1711998498 850174114 0
1711998498 204772314 0
1711998499 177967104 0
1711998499 204772314 0
1711998500 850174114 0
1711998501 204772314 0
1711998501 177967104 0
1711998502 204772314 0
1711998502 850174114 0
1711998503 204772314 0
1711998503 177967104 0
1711998504 850174114 0
1711998504 204772314 0
1711998505 204772314 0
1711998505 177967104 0
1711998506 850174114 0
1711998506 204772314 0
1711998507 177967104 0
1711998508 204772314 0
1711998508 850174114 0
1711998509 204772314 0
1711998509 177967104 0
1711998510 204772314 0
1711998510 850174114 0
1711998511 204772314 0
1711998511 177967104 0
1711998512 850174114 0
1711998512 204772314 0
1711998513 177967104 0
1711998513 204772314 0
1711998514 850174114 0
1711998515 204772314 0
1711998515 177967104 0
1711998516 204772314 0
1711998516 850174114 0
1711998517 204772314 0
1711998517 177967104 0
1711998518 204772314 0
1711998518 850174114 0
1711998519 177967104 0
1711998519 204772314 0
1711998520 850174114 0
1711998520 204772314 0
1711998521 177967104 0
1711998522 204772314 0
1711998522 850174114 0
1711998523 204772314 0
1711998523 177967104 0
1711998524 204772314 0
1711998524 850174114 0
1711998525 204772314 0
1711998525 177967104 0
1711998526 850174114 0
1711998526 204772314 0
1711998527 177967104 0
1711998527 204772314 0
1711998528 850174114 0
1711998529 204772314 0
1711998529 177967104 0
1711998530 204772314 0
1711998530 850174114 0
1711998531 204772314 0
1711998531 177967104 0
1711998532 204772314 0
1711998532 850174114 0
1711998533 204772314 0
1711998533 177967104 0
1711998534 850174114 0
1711998534 204772314 0
1711998535 177967104 0
1711998535 204772314 0
1711998536 850174114 0
1711998537 204772314 0
1711998537 177967104 0
1711998538 204772314 0
1711998538 850174114 0
1711998539 204772314 0
1711998539 177967104 0
1711998540 204772314 0
1711998540 850174114 0
1711998541 204772314 0
1711998541 177967104 0
1711998542 850174114 0
1711998542 204772314 0
1711998543 177967104 0
1711998543 204772314 0
1711998544 850174114 0
1711998545 204772314 0
1711998545 177967104 0
1711998546 204772314 0
1711998546 850174114 0
1711998547 204772314 0
1711998547 177967104 0
1711998548 204772314 0
1711998548 850174114 0
1711998549 204772314 0
1711998549 177967104 0
1711998550 850174114 0
1711998550 204772314 0
1711998551 177967104 0
1711998551 204772314 0
1711998552 850174114 0
1711998553 204772314 0
1711998553 177967104 0
1711998554 204772314 0
1711998554 850174114 0
1711998555 204772314 0
1711998555 177967104 0
1711998556 850174114 0
1711998556 204772314 0
1711998557 177967104 0
1711998557 204772314 0
1711998558 850174114 0
1711998559 204772314 0
1711998559 177967104 0
1711998560 204772314 0
1711998560 850174114 0
1711998561 204772314 0
1711998561 177967104 0
1711998562 204772314 0
1711998562 850174114 0
1711998563 177967104 0
1711998563 204772314 0
1711998564 850174114 0
1711998564 204772314 0
1711998565 177967104 0
1711998566 204772314 0
1711998566 850174114 0
1711998567 204772314 0
1711998567 177967104 0
1711998568 204772314 0
1711998568 850174114 0
1711998569 204772314 0
1711998569 177967104 0
1711998570 850174114 0
1711998570 204772314 0
1711998571 177967104 0
1711998571 204772314 0
1711998572 850174114 0
1711998573 204772314 0
1711998573 177967104 0
1711998574 204772314 0
1711998574 850174114 0
1711998575 204772314 0
1711998575 177967104 0
1711998576 204772314 0
1711998576 850174114 0
1711998577 177967104 0
1711998577 204772314 0
1711998578 850174114 0
1711998578 204772314 0
1711998579 177967104 0
1711998580 204772314 0
1711998580 850174114 0
1711998581 204772314 0
1711998581 177967104 0
1711998582 204772314 0
1711998582 850174114 0
1711998583 204772314 0
1711998583 177967104 0
1711998584 850174114 0
1711998584 204772314 0
1711998585 177967104 0
1711998585 204772314 0
1711998586 850174114 0
1711998587 204772314 0
1711998587 177967104 0
1711998588 204772314 0
1711998588 850174114 0
1711998589 204772314 0
1711998589 177967104 0
1711998590 204772314 0
1711998590 850174114 0
1711998591 204772314 0
1711998591 177967104 0
1711998592 850174114 0
1711998592 204772314 0
1711998593 177967104 0
1711998594 204772314 0
1711998594 850174114 0
1711998595 204772314 0
1711998595 177967104 0
1711998596 204772314 0
1711998596 850174114 0
1711998597 204772314 0
1711998597 177967104 0
1711998598 850174114 0
1711998598 204772314 0
1711998599 177967104 0
1711998599 204772314 0
1711998600 850174114 0
1711998601 204772314 0
1711998601 177967104 0
1711998602 204772314 0
1711998602 850174114 0
1711998603 204772314 0
1711998603 177967104 0
1711998604 204772314 0
1711998604 850174114 0
1711998605 177967104 0
1711998605 204772314 0
1711998606 850174114 0
1711998606 204772314 0
1711998607 177967104 0
1711998608 204772314 0
1711998608 850174114 0
1711998609 204772314 0
1711998609 177967104 0
1711998610 204772314 0
1711998610 850174114 0
1711998611 204772314 0
1711998611 177967104 0
1711998612 850174114 0
1711998612 204772314 0
1711998613 177967104 0
1711998614 204772314 0
1711998614 850174114 0
1711998615 204772314 0
1711998615 177967104 0
1711998616 204772314 0
1711998616 850174114 0
1711998617 204772314 0
1711998617 177967104 0
1711998618 850174114 0
1711998618 204772314 0
1711998619 177967104 0
1711998619 204772314 0
1711998620 850174114 0
1711998620 204772314 0
1711998621 177967104 0
1711998622 204772314 0
1711998622 850174114 0
1711998623 204772314 0
1711998623 177967104 0
1711998624 204772314 0
1711998624 850174114 0
1711998625 204772314 0
1711998625 177967104 0
1711998626 850174114 0
1711998626 204772314 0
1711998627 177967104 0
1711998627 204772314 0
1711998628 850174114 0
1711998629 204772314 0
1711998629 177967104 0
1711998630 204772314 0
1711998630 850174114 0
1711998631 204772314 0
1711998631 177967104 0
1711998632 204772314 0
1711998632 850174114 0
1711998633 204772314 0
1711998633 177967104 0
1711998634 850174114 0
1711998634 204772314 0
1711998635 177967104 0
1711998635 204772314 0
1711998636 850174114 0
1711998637 204772314 0
1711998637 177967104 0
1711998638 204772314 0
1711998638 850174114 0
1711998639 204772314 0
1711998639 177967104 0
1711998640 850174114 0
1711998640 204772314 0
1711998641 177967104 0
1711998641 204772314 0
1711998642 850174114 0
1711998642 204772314 0
1711998643 177967104 0
1711998644 204772314 0
1711998644 850174114 0
1711998645 204772314 0
1711998645 177967104 0
1711998646 204772314 0
1711998646 850174114 0
1711998647 204772314 0
1711998647 177967104 0
1711998648 850174114 0
1711998648 204772314 0
1711998649 177967104 0
1711998649 204772314 0
1711998650 850174114 0
1711998650 204772314 0
1711998651 177967104 0
1711998652 204772314 0
1711998652 850174114 0
1711998653 204772314 0
1711998653 177967104 0
1711998654 204772314 0
1711998654 850174114 0
1711998655 204772314 0
1711998655 177967104 0
1711998656 850174114 0
1711998656 204772314 0
1711998657 177967104 0
1711998657 204772314 0
1711998658 850174114 0
1711998659 204772314 0
1711998659 177967104 0
1711998660 204772314 0
1711998660 850174114 0
1711998661 204772314 0
1711998661 177967104 0
1711998662 204772314 0
1711998662 850174114 0
1711998663 204772314 0
1711998663 177967104 0
1711998664 850174114 0
1711998664 204772314 0
1711998665 177967104 0
1711998666 204772314 0
1711998666 850174114 0
1711998667 204772314 0
1711998667 177967104 0
1711998668 204772314 0
1711998668 850174114 0
1711998669 204772314 0
1711998669 177967104 0
1711998670 850174114 0
1711998670 204772314 0
1711998671 177967104 0
1711998671 204772314 0
1711998672 850174114 0
1711998672 204772314 0
1711998673 177967104 0
1711998674 204772314 0
1711998674 850174114 0
1711998675 204772314 0
1711998675 177967104 0
1711998676 204772314 0
1711998676 850174114 0
1711998677 204772314 0
1711998677 177967104 0
1711998678 850174114 0
1711998678 204772314 0
1711998679 177967104 0
1711998679 204772314 0
1711998680 850174114 0
1711998681 204772314 0
1711998681 177967104 0
1711998682 204772314 0
1711998682 850174114 0
1711998683 204772314 0
1711998683 177967104 0
1711998684 850174114 0
1711998684 204772314 0
1711998685 177967104 0
1711998685 204772314 0
1711998686 850174114 0
1711998686 204772314 0
1711998687 177967104 0
1711998688 204772314 0
1711998688 850174114 0
1711998689 204772314 0
1711998689 177967104 0
1711998690 204772314 0
1711998690 850174114 0
1711998691 204772314 0
1711998691 177967104 0
1711998692 850174114 0
1711998692 204772314 0
1711998693 177967104 0
1711998693 204772314 0
1711998694 850174114 0
1711998695 204772314 0
1711998695 177967104 0
1711998696 204772314 0
1711998696 850174114 0
1711998697 204772314 0
1711998697 177967104 0
1711998698 204772314 0
1711998698 850174114 0
1711998699 177967104 0
1711998699 204772314 0
1711998700 850174114 0
1711998700 204772314 0
1711998701 177967104 0
1711998702 204772314 0
1711998702 850174114 0
1711998703 204772314 0
1711998703 177967104 0
1711998704 204772314 0
1711998704 850174114 0
1711998705 204772314 0
1711998705 177967104 0
1711998706 850174114 0
1711998706 204772314 0
1711998707 177967104 0
1711998708 204772314 0
1711998708 850174114 0
1711998709 204772314 0
1711998709 177967104 0
1711998710 204772314 0
1711998710 850174114 0
1711998711 204772314 0
1711998711 177967104 0
1711998712 850174114 0
1711998712 204772314 0
1711998713 177967104 0
1711998713 204772314 0
1711998714 850174114 0
1711998715 204772314 0
1711998715 177967104 0
1711998716 204772314 0
1711998716 850174114 0
1711998717 204772314 0
1711998717 177967104 0
1711998718 204772314 0
1711998718 850174114 0
1711998719 204772314 0
1711998719 177967104 0
1711998720 850174114 0
1711998720 204772314 0
1711998721 177967104 0
1711998722 204772314 0
1711998722 850174114 0
1711998723 204772314 0
1711998723 177967104 0
1711998724 204772314 0
1711998724 850174114 0
1711998725 204772314 0
1711998725 177967104 0
1711998726 850174114 0
1711998726 204772314 0
1711998727 177967104 0
1711998727 204772314 0
1711998728 850174114 0
1711998729 204772314 0
1711998729 177967104 0
1711998730 204772314 0
1711998730 850174114 0
1711998731 204772314 0
1711998731 177967104 0
1711998732 204772314 0
1711998732 850174114 0
1711998733 204772314 0
1711998733 177967104 0
1711998734 850174114 0
1711998734 204772314 0
1711998735 177967104 0
1711998736 204772314 0
1711998736 850174114 0
1711998737 204772314 0
1711998737 177967104 0
1711998738 204772314 0
1711998738 850174114 0
1711998739 204772314 0
1711998739 177967104 0
1711998740 850174114 0
1711998740 204772314 0
1711998741 177967104 0
1711998741 204772314 0
1711998742 850174114 0
1711998743 204772314 0
1711998743 177967104 0
1711998744 204772314 0
1711998744 850174114 0
1711998745 204772314 0
1711998745 177967104 0
1711998746 204772314 0
1711998746 850174114 0
1711998747 204772314 0
1711998747 177967104 0
1711998748 850174114 0
1711998748 204772314 0
1711998749 177967104 0
1711998750 204772314 0
1711998750 850174114 0
1711998751 204772314 0
1711998751 177967104 0
1711998752 204772314 0
1711998752 850174114 0
1711998753 177967104 0
1711998753 204772314 0
1711998754 850174114 0
1711998755 204772314 0
1711998755 177967104 0
1711998756 204772314 0
1711998756 850174114 0
1711998757 204772314 0
1711998757 177967104 0
1711998758 850174114 0
1711998758 204772314 0
1711998759 177967104 0
1711998760 204772314 0
1711998760 850174114 0
1711998761 204772314 0
1711998761 177967104 0
1711998762 204772314 0
1711998762 850174114 0
1711998763 204772314 0
1711998763 177967104 0
1711998764 850174114 0
1711998764 204772314 0
1711998765 177967104 0
1711998766 204772314 0
1711998766 850174114 0
1711998767 204772314 0
1711998767 177967104 0
1711998768 204772314 0
1711998768 850174114 0
1711998769 204772314 0
1711998769 177967104 0
1711998770 850174114 0
1711998770 204772314 0
1711998771 177967104 0
1711998771 204772314 0
1711998772 850174114 0
1711998772 204772314 0
1711998773 177967104 0
1711998774 204772314 0
1711998774 850174114 0
1711998775 204772314 0
1711998775 177967104 0
1711998776 204772314 0
1711998776 850174114 0
1711998777 204772314 0
1711998777 177967104 0
1711998778 850174114 0
1711998778 204772314 0
1711998779 177967104 0
1711998779 204772314 0
1711998780 850174114 0
1711998781 204772314 0
1711998781 177967104 0
1711998782 204772314 0
1711998782 850174114 0
1711998783 204772314 0
1711998783 177967104 0
1711998784 850174114 0
1711998785 177967104 0
1711998785 204772314 0
1711998786 850174114 0
1711998786 204772314 0
1711998787 177967104 0
1711998788 204772314 0
1711998788 850174114 0
1711998789 204772314 0
1711998789 177967104 0
1711998790 204772314 0
1711998790 850174114 0
1711998791 204772314 0
1711998791 177967104 0
1711998792 850174114 0
1711998792 204772314 0
1711998793 177967104 0
1711998793 204772314 0
1711998794 850174114 0
1711998795 204772314 0
1711998795 177967104 0
1711998796 204772314 0
1711998796 850174114 0
1711998797 177967104 0
1711998798 204772314 0
1711998798 850174114 0
1711998799 177967104 0
1711998799 204772314 0
1711998800 850174114 0
1711998800 204772314 0
1711998801 177967104 0
1711998802 204772314 0
1711998802 850174114 0
1711998803 204772314 0
1711998803 177967104 0
1711998804 204772314 0
1711998804 850174114 0
1711998805 204772314 0
1711998805 177967104 0
1711998806 850174114 0
1711998806 204772314 0
1711998807 177967104 0
1711998807 204772314 0
1711998808 850174114 0
1711998809 204772314 0
1711998809 177967104 0
1711998810 204772314 0
1711998810 850174114 0
1711998811 204772314 0
1711998811 177967104 0
1711998812 204772314 0
1711998812 850174114 0
1711998813 177967104 0
1711998813 204772314 0
1711998814 850174114 0
1711998815 204772314 0
1711998815 177967104 0
1711998816 204772314 0
1711998816 850174114 0
1711998817 204772314 0
1711998817 177967104 0
1711998818 204772314 0
1711998818 850174114 0
1711998819 204772314 0
1711998819 177967104 0
1711998820 850174114 0
1711998820 204772314 0
1711998821 177967104 0
1711998821 204772314 0
1711998822 850174114 0
1711998823 204772314 0
1711998823 177967104 0
1711998824 204772314 0
1711998824 850174114 0
1711998825 204772314 0
1711998825 177967104 0
1711998826 204772314 0
1711998826 850174114 0
1711998827 177967104 0
1711998827 204772314 0
1711998828 850174114 0
1711998828 204772314 0
1711998829 177967104 0
1711998830 204772314 0
1711998830 850174114 0
1711998831 204772314 0
1711998831 177967104 0
1711998832 204772314 0
1711998832 850174114 0
1711998833 204772314 0
1711998833 177967104 0
1711998834 850174114 0
1711998834 204772314 0
1711998835 177967104 0
1711998835 204772314 0
1711998836 850174114 0
1711998837 204772314 0
1711998837 177967104 0
1711998838 204772314 0
1711998838 850174114 0
1711998839 204772314 0
1711998839 177967104 0
1711998840 850174114 0
1711998840 204772314 0
1711998841 177967104 0
1711998841 204772314 0
1711998842 850174114 0
1711998843 204772314 0
1711998843 177967104 0
1711998844 204772314 0
1711998844 850174114 0
1711998845 204772314 0
1711998845 177967104 0
1711998846 204772314 0
1711998846 850174114 0
1711998847 177967104 0
1711998847 204772314 0
1711998848 850174114 0
1711998848 204772314 0
1711998849 177967104 0
1711998850 204772314 0
1711998850 850174114 0
1711998851 204772314 0
1711998851 177967104 0
1711998852 204772314 0
1711998852 850174114 0
1711998853 204772314 0
1711998853 177967104 0
1711998854 850174114 0
1711998854 204772314 0
1711998855 177967104 0
1711998855 204772314 0
1711998856 850174114 0
1711998856 204772314 0
1711998857 177967104 0
1711998858 204772314 0
1711998858 850174114 0
1711998859 204772314 0
1711998859 177967104 0
1711998860 204772314 0
1711998860 850174114 0
1711998861 204772314 0
1711998861 177967104 0
1711998862 850174114 0
1711998862 204772314 0
1711998863 177967104 0
1711998863 204772314 0
1711998864 850174114 0
1711998865 204772314 0
1711998865 177967104 0
1711998866 204772314 0
1711998866 850174114 0
1711998867 204772314 0
1711998867 177967104 0
1711998868 204772314 0
1711998868 850174114 0
1711998869 177967104 0
1711998869 204772314 0
1711998870 850174114 0
1711998870 204772314 0
1711998871 177967104 0
1711998872 204772314 0
1711998872 850174114 0
1711998873 204772314 0
1711998873 177967104 0
1711998874 204772314 0
1711998874 850174114 0
1711998875 204772314 0
1711998875 177967104 0
1711998876 850174114 0
1711998876 204772314 0
1711998877 177967104 0
1711998877 204772314 0
1711998878 850174114 0
1711998879 204772314 0
1711998879 177967104 0
1711998880 204772314 0
1711998880 850174114 0
1711998881 204772314 0
1711998881 177967104 0
1711998882 204772314 0
1711998882 850174114 0
1711998883 204772314 0
1711998883 177967104 0
1711998884 850174114 0
1711998884 204772314 0
1711998885 177967104 0
1711998886 204772314 0
1711998886 850174114 0
1711998887 204772314 0
1711998887 177967104 0
1711998888 204772314 0
1711998888 850174114 0
1711998889 204772314 0
1711998889 177967104 0
1711998890 850174114 0
1711998890 204772314 0
1711998891 177967104 0
1711998891 204772314 0
1711998892 850174114 0
1711998893 204772314 0
1711998893 177967104 0
1711998894 204772314 0
1711998894 850174114 0
1711998895 204772314 0
1711998895 177967104 0
1711998896 850174114 0
1711998896 204772314 0
1711998897 177967104 0
1711998897 204772314 0
1711998898 850174114 0
1711998898 204772314 0
1711998899 177967104 0
1711998900 204772314 0
1711998900 850174114 0
1711998901 204772314 0
1711998901 177967104 0
1711998902 204772314 0
1711998902 850174114 0
1711998903 204772314 0
1711998903 177967104 0
1711998904 850174114 0
1711998904 204772314 0
1711998905 177967104 0
1711998905 204772314 0
1711998906 850174114 0
1711998907 204772314 0
1711998907 177967104 0
1711998908 204772314 0
1711998908 850174114 0
1711998909 204772314 0
1711998909 177967104 0
1711998910 204772314 0
1711998910 850174114 0
1711998911 177967104 0
1711998911 204772314 0
1711998912 850174114 0
1711998912 204772314 0
1711998913 177967104 0
1711998914 204772314 0
1711998914 850174114 0
1711998915 204772314 0
1711998915 177967104 0
1711998916 204772314 0
1711998916 850174114 0
1711998917 204772314 0
1711998917 177967104 0
1711998918 850174114 0
1711998918 204772314 0
1711998919 177967104 0
1711998919 204772314 0
1711998920 850174114 0
1711998921 204772314 0
1711998921 177967104 0
1711998922 204772314 0
1711998922 850174114 0
1711998923 204772314 0
1711998923 177967104 0
1711998924 204772314 0
1711998924 850174114 0
1711998925 204772314 0
1711998925 177967104 0
1711998926 850174114 0
1711998926 204772314 0
1711998927 177967104 0
1711998928 204772314 0
1711998928 850174114 0
1711998929 204772314 0
1711998929 177967104 0
1711998930 204772314 0
1711998930 850174114 0
1711998931 204772314 0
1711998931 177967104 0
1711998932 850174114 0
1711998932 204772314 0
1711998933 177967104 0
1711998933 204772314 0
1711998934 850174114 0
1711998935 204772314 0
1711998935 177967104 0
1711998936 204772314 0
1711998936 850174114 0
1711998937 204772314 0
1711998937 177967104 0
1711998938 204772314 0
1711998938 850174114 0
1711998939 177967104 0
1711998939 204772314 0
1711998940 850174114 0
1711998940 204772314 0
1711998941 177967104 0
1711998942 204772314 0
1711998942 850174114 0
1711998943 204772314 0
1711998943 177967104 0
1711998944 204772314 0
1711998944 850174114 0
1711998945 204772314 0
1711998945 177967104 0
1711998946 850174114 0
1711998946 204772314 0
1711998947 177967104 0
1711998948 204772314 0
1711998948 850174114 0
1711998949 204772314 0
1711998949 177967104 0
1711998950 204772314 0
1711998950 850174114 0
1711998951 204772314 0
1711998951 177967104 0
1711998952 850174114 0
1711998952 204772314 0
1711998953 177967104 0
1711998953 204772314 0
1711998954 850174114 0
1711998955 204772314 0
1711998955 177967104 0
1711998956 204772314 0
1711998956 850174114 0
1711998957 204772314 0
1711998957 177967104 0
1711998958 204772314 0
1711998958 850174114 0
1711998959 177967104 0
1711998959 204772314 0
1711998960 850174114 0
1711998960 204772314 0
1711998961 177967104 0
1711998962 204772314 0
1711998962 850174114 0
1711998963 204772314 0
1711998963 177967104 0
1711998964 204772314 0
1711998964 850174114 0
1711998965 204772314 0
1711998965 177967104 0
1711998966 850174114 0
1711998966 204772314 0
1711998967 177967104 0
1711998967 204772314 0
1711998968 850174114 0
1711998969 204772314 0
1711998969 177967104 0
1711998970 204772314 0
1711998970 850174114 0
1711998971 204772314 0
1711998971 177967104 0
1711998972 204772314 0
1711998972 850174114 0
1711998973 177967104 0
1711998973 204772314 0
1711998974 850174114 0
1711998974 204772314 0
1711998975 177967104 0
1711998976 204772314 0
1711998976 850174114 0
1711998977 204772314 0
1711998977 177967104 0
1711998978 204772314 0
1711998978 850174114 0
1711998979 204772314 0
1711998979 177967104 0
1711998980 850174114 0
1711998980 204772314 0
1711998981 177967104 0
1711998981 204772314 0
1711998982 850174114 0
1711998983 204772314 0
1711998983 177967104 0
1711998984 204772314 0
1711998984 850174114 0
1711998985 204772314 0
1711998985 177967104 0
1711998986 204772314 0
1711998986 850174114 0
1711998987 204772314 0
1711998987 177967104 0
1711998988 850174114 0
1711998988 204772314 0
1711998989 177967104 0
1711998989 204772314 0
1711998990 850174114 0
1711998991 204772314 0
1711998991 177967104 0
1711998992 204772314 0
1711998992 850174114 0
1711998993 204772314 0
1711998993 177967104 0
1711998994 204772314 0
1711998994 850174114 0
1711998995 204772314 0
1711998995 177967104 0
1711998996 850174114 0
1711998996 204772314 0
1711998997 177967104 0
1711998997 204772314 0
1711998998 850174114 0
1711998999 204772314 0
1711998999 177967104 0
1711999000 204772314 0
1711999000 850174114 0
1711999001 204772314 0
1711999001 177967104 0
1711999002 850174114 0
1711999002 204772314 0
1711999003 204772314 0
1711999003 177967104 0
1711999004 850174114 0
1711999004 204772314 0
1711999005 177967104 0
1711999006 204772314 0
1711999006 850174114 0
1711999007 204772314 0
1711999007 177967104 0
1711999008 204772314 0
1711999008 850174114 0
1711999009 204772314 0
1711999009 177967104 0
1711999010 850174114 0
1711999010 204772314 0
1711999011 177967104 0
1711999011 204772314 0
1711999012 850174114 0
1711999013 204772314 0
1711999013 177967104 0
1711999014 204772314 0
1711999014 850174114 0
1711999015 204772314 0
1711999015 177967104 0
1711999016 204772314 0
1711999016 850174114 0
1711999017 204772314 0
1711999017 177967104 0
1711999018 850174114 0
1711999018 204772314 0
1711999019 177967104 0
1711999020 204772314 0
1711999020 850174114 0
1711999021 204772314 0
1711999021 177967104 0
1711999022 204772314 0
1711999022 850174114 0
1711999023 204772314 0
1711999023 177967104 0
1711999024 850174114 0
1711999024 204772314 0
1711999025 177967104 0
1711999025 204772314 0
1711999026 850174114 0
1711999026 204772314 0
1711999027 177967104 0
1711999028 204772314 0
1711999028 850174114 0
1711999029 204772314 0
1711999029 177967104 0
1711999030 204772314 0
1711999030 850174114 0
1711999031 204772314 0
1711999031 177967104 0
1711999032 850174114 0
1711999032 204772314 0
1711999033 177967104 0
1711999033 204772314 0
1711999034 850174114 0
1711999035 204772314 0
1711999035 177967104 0
1711999036 204772314 0
1711999036 850174114 0
1711999037 204772314 0
1711999037 177967104 0
1711999038 204772314 0
1711999038 850174114 0
1711999039 204772314 0
1711999039 177967104 0
1711999040 850174114 0
1711999040 204772314 0
1711999041 177967104 0
1711999041 204772314 0
1711999042 850174114 0
1711999043 204772314 0
1711999043 177967104 0
1711999044 204772314 0
1711999044 850174114 0
1711999045 204772314 0
1711999045 177967104 0
1711999046 204772314 0
1711999046 850174114 0
1711999047 204772314 0
1711999047 177967104 0
1711999048 850174114 0
1711999048 204772314 0
1711999049 177967104 0
1711999050 204772314 0
1711999050 850174114 0
1711999051 204772314 0
1711999051 177967104 0
1711999052 204772314 0
1711999052 850174114 0
1711999053 204772314 0
1711999053 177967104 0
1711999054 850174114 0
1711999054 204772314 0
1711999055 177967104 0
1711999055 204772314 0
1711999056 850174114 0
1711999057 204772314 0
1711999057 177967104 0
1711999058 204772314 0
1711999058 850174114 0
1711999059 204772314 0
1711999059 177967104 0
1711999060 850174114 0
1711999060 204772314 0
1711999061 177967104 0
1711999061 204772314 0
1711999062 850174114 0
1711999063 204772314 0
1711999063 177967104 0
1711999064 204772314 0
1711999064 850174114 0
1711999065 204772314 0
1711999065 177967104 0
1711999066 204772314 0
1711999066 850174114 0
1711999067 204772314 0
1711999067 177967104 0
1711999068 850174114 0
1711999068 204772314 0
1711999069 177967104 0
1711999070 204772314 0
1711999070 850174114 0
1711999071 204772314 0
1711999071 177967104 0
1711999072 204772314 0
1711999072 850174114 0
1711999073 204772314 0
1711999073 177967104 0
1711999074 850174114 0
1711999074 204772314 0
1711999075 177967104 0
1711999076 204772314 0
1711999076 850174114 0
1711999077 204772314 0
1711999077 177967104 0
1711999078 204772314 0
1711999078 850174114 0
1711999079 204772314 0
1711999079 177967104 0
1711999080 850174114 0
1711999080 204772314 0
1711999081 177967104 0
1711999081 204772314 0
1711999082 850174114 0
1711999083 204772314 0
1711999083 177967104 0
1711999084 204772314 0
1711999084 850174114 0
1711999085 204772314 0
1711999085 177967104 0
1711999086 204772314 0
1711999086 850174114 0
1711999087 204772314 0
1711999087 177967104 0
1711999088 850174114 0
1711999088 204772314 0
1711999089 177967104 0
1711999089 204772314 0
1711999090 850174114 0
1711999091 204772314 0
1711999091 177967104 0
1711999092 204772314 0
1711999092 850174114 0
1711999093 204772314 0
1711999093 177967104 0
1711999094 204772314 0
1711999094 850174114 0
1711999095 177967104 0
1711999095 204772314 0
1711999096 850174114 0
1711999097 204772314 0
1711999097 177967104 0
1711999098 204772314 0
1711999098 850174114 0
1711999099 204772314 0
1711999099 177967104 0
1711999100 850174114 0
1711999100 204772314 0
1711999101 177967104 0
1711999101 204772314 0
1711999102 850174114 0
1711999103 204772314 0
1711999103 177967104 0
1711999104 204772314 0
1711999104 850174114 0
1711999105 204772314 0
1711999105 177967104 0
1711999106 204772314 0
1711999106 850174114 0
1711999107 177967104 0
1711999107 204772314 0
1711999108 850174114 0
1711999108 204772314 0
1711999109 177967104 0
1711999110 204772314 0
1711999110 850174114 0
1711999111 204772314 0
1711999111 177967104 0
1711999112 204772314 0
1711999112 850174114 0
1711999113 204772314 0
1711999113 177967104 0
1711999114 850174114 0
1711999114 204772314 0
1711999115 177967104 0
1711999115 204772314 0
1711999116 850174114 0
1711999117 204772314 0
1711999117 177967104 0
1711999118 204772314 0
1711999118 850174114 0
1711999119 204772314 0
1711999119 177967104 0
1711999120 850174114 0
1711999120 204772314 0
1711999121 177967104 0
1711999121 204772314 0
1711999122 850174114 0
1711999123 204772314 0
1711999123 177967104 0
1711999124 204772314 0
1711999124 850174114 0
1711999125 204772314 0
1711999125 177967104 0
1711999126 204772314 0
1711999126 850174114 0
1711999127 177967104 0
1711999127 204772314 0
1711999128 850174114 0
1711999129 204772314 0
1711999129 177967104 0
1711999130 204772314 0
1711999130 850174114 0
1711999131 204772314 0
1711999131 177967104 0
1711999132 204772314 0
1711999132 850174114 0
1711999133 204772314 0
1711999133 177967104 0
1711999134 850174114 0
1711999134 204772314 0
1711999135 177967104 0
1711999136 204772314 0
1711999136 850174114 0
1711999137 204772314 0
1711999137 177967104 0
1711999138 204772314 0
1711999138 850174114 0
1711999139 204772314 0
1711999139 177967104 0
1711999140 850174114 0
1711999140 204772314 0
1711999141 177967104 0
1711999141 204772314 0
1711999142 850174114 0
1711999143 204772314 0
1711999143 177967104 0
1711999144 204772314 0
1711999144 850174114 0
1711999145 204772314 0
1711999145 177967104 0
1711999146 204772314 0
1711999146 850174114 0
1711999147 204772314 0
1711999147 177967104 0
1711999148 850174114 0
1711999148 204772314 0
1711999149 177967104 0
1711999150 204772314 0
1711999150 850174114 0
1711999151 204772314 0
1711999151 177967104 0
1711999152 204772314 0
1711999152 850174114 0
1711999153 177967104 0
1711999154 204772314 0
1711999154 850174114 0
1711999155 177967104 0
1711999155 204772314 0
1711999156 850174114 0
1711999156 204772314 0
1711999157 177967104 0
1711999158 204772314 0
1711999158 850174114 0
1711999159 204772314 0
1711999159 177967104 0
1711999160 204772314 0
1711999160 850174114 0
1711999161 204772314 0
1711999161 177967104 0
1711999162 850174114 0
1711999162 204772314 0
1711999163 177967104 0
1711999163 204772314 0
1711999164 850174114 0
1711999165 204772314 0
1711999165 177967104 0
1711999166 204772314 0
1711999166 850174114 0
1711999167 204772314 0
1711999167 177967104 0
1711999168 204772314 0
1711999168 850174114 0
1711999169 204772314 0
1711999169 177967104 0
1711999170 850174114 0
1711999170 204772314 0
1711999171 177967104 0
1711999171 204772314 0
1711999172 850174114 0
1711999173 204772314 0
1711999173 177967104 0
1711999174 204772314 0
1711999174 850174114 0
1711999175 204772314 0
1711999175 177967104 0
1711999176 204772314 0
1711999176 850174114 0
1711999177 204772314 0
1711999177 177967104 0
1711999178 850174114 0
1711999178 204772314 0
1711999179 177967104 0
1711999179 204772314 0
1711999180 850174114 0
1711999181 204772314 0
1711999181 177967104 0
1711999182 204772314 0
1711999182 850174114 0
1711999183 204772314 0
1711999183 177967104 0
1711999184 850174114 0
1711999184 204772314 0
1711999185 204772314 0
1711999185 177967104 0
1711999186 850174114 0
1711999187 204772314 0
1711999187 177967104 0
1711999188 204772314 0
1711999188 850174114 0
1711999189 204772314 0
1711999189 177967104 0
1711999190 204772314 0
1711999190 850174114 0
1711999191 204772314 0
1711999191 177967104 0
1711999192 850174114 0
1711999192 204772314 0
1711999193 177967104 0
1711999194 204772314 0
1711999194 850174114 0
1711999195 204772314 0
1711999195 177967104 0
1711999196 204772314 0
1711999196 850174114 0
1711999197 204772314 0
1711999197 177967104 0
1711999198 850174114 0
1711999198 204772314 0
1711999199 177967104 0
1711999200 850174114 0
1711999201 204772314 0
1711999201 177967104 0
1711999202 204772314 0
1711999202 850174114 0
1711999203 204772314 0
1711999203 177967104 0
1711999204 204772314 0
1711999204 850174114 0
1711999205 204772314 0
1711999205 177967104 0
1711999206 850174114 0
1711999206 204772314 0
1711999207 177967104 0
1711999208 204772314 0
1711999208 850174114 0
1711999209 204772314 0
1711999209 177967104 0
1711999210 204772314 0
1711999210 850174114 0
1711999211 204772314 0
1711999211 177967104 0
1711999212 850174114 0
1711999212 204772314 0
1711999213 204772314 0
1711999213 177967104 0
1711999214 850174114 0
1711999215 204772314 0
1711999215 177967104 0
1711999216 204772314 0
1711999216 850174114 0
1711999217 204772314 0
1711999217 177967104 0
1711999218 204772314 0
1711999218 850174114 0
1711999219 204772314 0
1711999219 177967104 0
1711999220 850174114 0
1711999220 204772314 0
1711999221 177967104 0
1711999222 204772314 0
1711999222 850174114 0
1711999223 204772314 0
1711999223 177967104 0
1711999224 204772314 0
1711999224 850174114 0
1711999225 204772314 0
1711999225 177967104 0
1711999226 850174114 0
1711999226 204772314 0
1711999227 177967104 0
1711999228 204772314 0
1711999228 850174114 0
1711999229 204772314 0
1711999229 177967104 0
1711999230 204772314 0
1711999230 850174114 0
1711999231 204772314 0
1711999231 177967104 0
1711999232 850174114 0
1711999232 204772314 0
1711999233 177967104 0
1711999233 204772314 0
1711999234 850174114 0
1711999234 204772314 0
1711999235 177967104 0
1711999236 204772314 0
1711999236 850174114 0
1711999237 204772314 0
1711999237 177967104 0
1711999238 204772314 0
1711999238 850174114 0
1711999239 204772314 0
1711999239 177967104 0
1711999240 850174114 0
1711999240 204772314 0
1711999241 177967104 0
1711999242 204772314 0
1711999242 850174114 0
1711999243 204772314 0
1711999243 177967104 0
1711999244 204772314 0
1711999244 850174114 0
1711999245 495164811 0
1711999245 204772314 0
1711999245 177967104 0
1711999246 850174114 0
1711999246 204772314 0
1711999247 177967104 0
1711999248 204772314 0
1711999248 850174114 0
1711999249 204772314 0
1711999249 177967104 0
1711999250 204772314 0
1711999250 850174114 0
1711999251 204772314 0
1711999251 177967104 0
1711999252 850174114 0
1711999252 204772314 0
1711999253 177967104 0
1711999254 204772314 0
1711999254 850174114 0
1711999255 204772314 0
1711999255 177967104 0
1711999256 204772314 0
1711999256 850174114 0
1711999257 204772314 0
1711999257 177967104 0
1711999258 850174114 0
1711999258 204772314 0
1711999259 177967104 0
1711999259 204772314 0
1711999260 850174114 0
1711999260 204772314 0
1711999261 177967104 0
1711999262 204772314 0
1711999262 850174114 0
1711999263 204772314 0
1711999263 177967104 0
1711999264 204772314 0
1711999264 850174114 0
1711999265 204772314 0
1711999265 177967104 0
1711999266 850174114 0
1711999266 204772314 0
1711999267 177967104 0
1711999267 204772314 0
1711999268 850174114 0
1711999269 204772314 0
1711999269 177967104 0
1711999270 204772314 0
1711999270 850174114 0
1711999271 204772314 0
1711999271 177967104 0
1711999272 204772314 0
1711999272 850174114 0
1711999273 204772314 0
1711999273 177967104 0
1711999274 850174114 0
1711999274 204772314 0
1711999275 177967104 0
1711999275 204772314 0
1711999276 850174114 0
1711999277 204772314 0
1711999277 177967104 0
1711999278 204772314 0
1711999278 850174114 0
1711999279 204772314 0
1711999279 177967104 0
1711999280 850174114 0
1711999280 204772314 0
1711999281 177967104 0
1711999281 204772314 0
1711999282 850174114 0
1711999282 204772314 0
1711999283 177967104 0
1711999284 204772314 0
1711999284 850174114 0
1711999285 204772314 0
1711999285 177967104 0
1711999286 204772314 0
1711999286 850174114 0
1711999287 204772314 0
1711999287 177967104 0
1711999288 850174114 0
1711999288 204772314 0
1711999289 177967104 0
1711999289 204772314 0
1711999290 850174114 0
1711999291 204772314 0
1711999291 177967104 0
1711999292 204772314 0
1711999292 850174114 0
1711999293 204772314 0
1711999293 177967104 0
1711999294 850174114 0
1711999294 204772314 0
1711999295 177967104 0
1711999295 204772314 0
1711999296 850174114 0
1711999297 204772314 0
1711999297 177967104 0
1711999298 204772314 0
1711999298 850174114 0
1711999299 204772314 0
1711999299 177967104 0
1711999300 850174114 0
1711999300 204772314 0
1711999301 177967104 0
1711999301 204772314 0
1711999302 850174114 0
1711999303 177967104 0
1711999304 204772314 0
1711999304 850174114 0
1711999305 204772314 0
1711999305 177967104 0
1711999306 204772314 0
1711999306 850174114 0
1711999307 204772314 0
1711999307 177967104 0
1711999308 850174114 0
1711999308 204772314 0
1711999309 177967104 0
1711999309 204772314 0
1711999310 850174114 0
1711999311 204772314 0
1711999311 177967104 0
1711999312 204772314 0
1711999312 850174114 0
1711999313 204772314 0
1711999313 177967104 0
1711999314 204772314 0
1711999314 850174114 0
1711999315 204772314 0
1711999315 177967104 0
1711999316 850174114 0
1711999316 204772314 0
1711999317 177967104 0
1711999318 204772314 0
1711999318 850174114 0
1711999319 204772314 0
1711999319 177967104 0
1711999320 204772314 0
1711999320 850174114 0
1711999321 204772314 0
1711999321 177967104 0
1711999322 850174114 0
1711999322 204772314 0
1711999324 204772314 0
1711999324 850174114 0
1711999324 177967104 0
1711999325 204772314 0
1711999326 204772314 0
1711999326 850174114 0
1711999326 177967104 0
1711999327 204772314 0
1711999328 850174114 0
1711999328 204772314 0
1711999328 177967104 0
1711999329 204772314 0
1711999330 850174114 0
1711999330 177967104 0
1711999331 204772314 0
1711999332 204772314 0
1711999332 850174114 0
1711999332 177967104 0
1711999333 204772314 0
1711999334 204772314 0
1711999334 850174114 0
1711999334 177967104 0
1711999335 204772314 0
1711999336 850174114 0
1711999336 177967104 0
1711999336 204772314 0
1711999337 204772314 0
1711999338 850174114 0
1711999338 177967104 0
1711999339 204772314 0
1711999340 204772314 0
1711999340 850174114 0
1711999340 177967104 0
1711999341 204772314 0
1711999342 204772314 0
1711999342 850174114 0
1711999342 177967104 0
1711999343 204772314 0
1711999344 850174114 0
1711999344 177967104 0
1711999344 204772314 0
1711999345 204772314 0
1711999346 850174114 0
1711999346 177967104 0
1711999347 204772314 0
1711999348 204772314 0
1711999348 850174114 0
1711999348 177967104 0
1711999349 204772314 0
1711999350 850174114 0
1711999350 204772314 0
1711999350 177967104 0
1711999351 204772314 0
1711999352 850174114 0
1711999352 177967104 0
1711999352 204772314 0
1711999354 204772314 0
1711999354 850174114 0
1711999354 177967104 0
1711999355 204772314 0
1711999356 204772314 0
1711999356 850174114 0
1711999356 177967104 0
1711999357 204772314 0
1711999358 850174114 0
1711999358 177967104 0
1711999358 204772314 0
1711999360 204772314 0
1711999360 850174114 0
1711999360 177967104 0
1711999361 204772314 0
1711999362 204772314 0
1711999362 850174114 0
1711999362 177967104 0
1711999363 204772314 0
1711999364 850174114 0
1711999364 177967104 0
1711999364 204772314 0
1711999365 204772314 0
1711999366 850174114 0
1711999366 177967104 0
1711999367 204772314 0
1711999368 204772314 0
1711999368 850174114 0
1711999368 177967104 0
1711999369 204772314 0
1711999370 204772314 0
1711999370 850174114 0
1711999370 177967104 0
1711999371 204772314 0
1711999372 850174114 0
1711999372 177967104 0
1711999373 204772314 0
1711999374 204772314 0
1711999374 850174114 0
1711999374 177967104 0
1711999375 204772314 0
1711999376 204772314 0
1711999376 850174114 0
1711999376 177967104 0
1711999377 204772314 0
1711999378 850174114 0
1711999378 177967104 0
1711999378 204772314 0
1711999380 204772314 0
1711999380 850174114 0
1711999380 177967104 0
1711999381 204772314 0
1711999382 204772314 0
1711999382 850174114 0
1711999382 177967104 0
1711999383 204772314 0
1711999384 850174114 0
1711999384 204772314 0
1711999384 177967104 0
1711999385 204772314 0
1711999386 850174114 0
1711999386 177967104 0
1711999387 204772314 0
1711999388 204772314 0
1711999388 850174114 0
1711999388 177967104 0
1711999389 204772314 0
1711999390 204772314 0
1711999390 850174114 0
1711999390 177967104 0
1711999391 204772314 0
1711999392 850174114 0
1711999392 204772314 0
1711999392 177967104 0
1711999393 204772314 0
1711999394 850174114 0
1711999394 177967104 0
1711999395 204772314 0
1711999396 204772314 0
1711999396 850174114 0
1711999396 177967104 0
1711999397 204772314 0
1711999398 850174114 0
1711999398 204772314 0
1711999398 177967104 0
1711999399 204772314 0
1711999400 850174114 0
1711999400 177967104 0
1711999400 204772314 0
1711999402 204772314 0
1711999402 177967104 0
1711999403 204772314 0
1711999403 850174114 0
1711999404 204772314 0
1711999404 177967104 0
1711999405 204772314 0
1711999405 850174114 0
1711999406 204772314 0
1711999406 177967104 0
1711999407 850174114 0
1711999407 204772314 0
1711999408 177967104 0
1711999408 204772314 0
1711999409 850174114 0
1711999410 204772314 0
1711999410 177967104 0
1711999411 204772314 0
1711999411 850174114 0
1711999412 204772314 0
1711999412 177967104 0
1711999413 850174114 0
1711999413 204772314 0
1711999414 177967104 0
1711999414 204772314 0
1711999415 850174114 0
1711999415 204772314 0
1711999416 177967104 0
1711999417 204772314 0
1711999417 850174114 0
1711999418 204772314 0
1711999418 177967104 0
1711999419 204772314 0
1711999419 850174114 0
1711999420 204772314 0
1711999420 177967104 0
1711999421 850174114 0
1711999421 204772314 0
1711999422 177967104 0
1711999423 204772314 0
1711999423 850174114 0
1711999424 204772314 0
1711999424 177967104 0
1711999425 204772314 0
1711999425 850174114 0
1711999426 204772314 0
1711999426 177967104 0
1711999427 850174114 0
1711999427 204772314 0
1711999428 177967104 0
1711999428 204772314 0
1711999429 850174114 0
1711999429 204772314 0
1711999430 177967104 0
1711999431 204772314 0
1711999431 850174114 0
1711999432 204772314 0
1711999432 177967104 0
1711999433 204772314 0
1711999433 850174114 0
1711999434 204772314 0
1711999434 177967104 0
1711999435 850174114 0
1711999435 204772314 0
1711999436 177967104 0
1711999436 204772314 0
1711999437 850174114 0
1711999438 204772314 0
1711999438 177967104 0
1711999439 204772314 0
1711999439 850174114 0
1711999440 204772314 0
1711999440 177967104 0
1711999441 204772314 0
1711999441 850174114 0
1711999442 204772314 0
1711999442 177967104 0
1711999443 850174114 0
1711999443 204772314 0
1711999444 177967104 0
1711999444 204772314 0
1711999445 850174114 0
1711999446 204772314 0
1711999446 177967104 0
1711999447 204772314 0
1711999447 850174114 0
1711999448 204772314 0
1711999448 177967104 0
1711999449 204772314 0
1711999449 850174114 0
1711999450 177967104 0
1711999450 204772314 0
1711999451 850174114 0
1711999451 204772314 0
1711999452 747492956 0
1711999452 177967104 0
1711999452 204772314 0
1711999453 747492956 0
1711999453 850174114 0
1711999454 747492956 1
1711999454 204772314 0
1711999454 177967104 0
1711999455 747492956 1
1711999455 204772314 0
1711999455 850174114 0
1711999456 747492956 0
1711999456 204772314 0
1711999456 177967104 0
1711999457 747492956 0
1711999457 850174114 0
1711999457 204772314 0
1711999458 747492956 0
1711999458 177967104 0
1711999458 204772314 0
1711999459 850174114 0
1711999459 747492956 0
1711999460 204772314 0
1711999460 177967104 0
1711999461 747492956 0
1711999461 204772314 0
1711999461 850174114 0
1711999462 204772314 0
1711999462 747492956 0
1711999462 177967104 0
1711999463 204772314 0
1711999463 850174114 0
1711999464 204772314 0
1711999464 177967104 0
1711999465 850174114 0
1711999465 204772314 0
1711999466 177967104 0
1711999467 204772314 0
1711999467 850174114 0
1711999468 204772314 0
1711999468 177967104 0
1711999469 204772314 0
1711999469 850174114 0
1711999470 177967104 0
1711999470 204772314 0
1711999471 850174114 0
1711999471 204772314 0
1711999472 177967104 0
1711999473 204772314 0
1711999473 850174114 0
1711999474 204772314 0
1711999474 177967104 0
1711999475 204772314 0
1711999475 850174114 0
1711999476 204772314 0
1711999476 177967104 0
1711999477 850174114 0
1711999477 204772314 0
1711999478 177967104 0
1711999479 204772314 0
1711999479 850174114 0
1711999480 204772314 0
1711999480 177967104 0
1711999481 204772314 0
1711999481 850174114 0
1711999482 204772314 0
1711999482 177967104 0
1711999483 850174114 0
1711999483 204772314 0
1711999484 177967104 0
1711999484 204772314 0
1711999485 850174114 0
1711999485 204772314 0
1711999486 177967104 0
1711999487 204772314 0
1711999487 850174114 0
1711999488 204772314 0
1711999488 177967104 0
1711999489 204772314 0
1711999489 850174114 0
1711999490 204772314 0
1711999490 177967104 0
1711999491 850174114 0
1711999491 204772314 0
1711999492 177967104 0
1711999492 204772314 0
1711999493 850174114 0
1711999494 204772314 0
1711999494 177967104 0
1711999495 204772314 0
1711999495 850174114 0
1711999496 204772314 0
1711999496 177967104 0
1711999497 204772314 0
1711999497 850174114 0
1711999498 204772314 0
1711999498 177967104 0
1711999499 850174114 0
1711999499 204772314 0
1711999500 177967104 0
1711999500 204772314 0
1711999501 850174114 0
1711999502 204772314 0
1711999502 177967104 0
1711999503 204772314 0
1711999503 850174114 0
1711999504 204772314 0
1711999504 177967104 0
1711999505 850174114 0
1711999505 204772314 0
1711999506 177967104 0
1711999506 204772314 0
1711999507 850174114 0
1711999507 204772314 0
1711999508 177967104 0
1711999509 204772314 0
1711999509 850174114 0
1711999510 204772314 0
1711999510 177967104 0
1711999511 204772314 0
1711999511 850174114 0
1711999512 204772314 0
1711999512 177967104 0
1711999513 850174114 0
1711999513 204772314 0
1711999514 177967104 0
1711999514 204772314 0
1711999515 850174114 0
1711999515 204772314 0
1711999516 177967104 0
1711999517 204772314 0
1711999517 850174114 0
1711999518 204772314 0
1711999518 177967104 0
1711999519 204772314 0
1711999519 850174114 0
1711999520 204772314 0
1711999520 177967104 0
1711999521 850174114 0
1711999521 204772314 0
1711999522 177967104 0
1711999522 204772314 0
1711999523 850174114 0
1711999524 204772314 0
1711999524 177967104 0
1711999525 204772314 0
1711999525 850174114 0
1711999526 204772314 0
1711999526 177967104 0
1711999527 204772314 0
1711999527 850174114 0
1711999528 177967104 0
1711999528 204772314 0
1711999529 850174114 0
1711999529 204772314 0
1711999530 177967104 0
1711999531 204772314 0
1711999531 850174114 0
1711999532 204772314 0
1711999532 177967104 0
1711999533 204772314 0
1711999533 850174114 0
1711999534 204772314 0
1711999534 177967104 0
1711999535 850174114 0
1711999535 204772314 0
1711999536 177967104 0
1711999537 204772314 0
1711999537 850174114 0
1711999538 204772314 0
1711999538 177967104 0
1711999539 204772314 0
1711999539 850174114 0
1711999540 204772314 0
1711999540 177967104 0
1711999541 850174114 0
1711999541 204772314 0
1711999542 177967104 0
1711999542 204772314 0
1711999543 850174114 0
1711999544 204772314 0
1711999544 177967104 0
1711999545 204772314 0
1711999545 850174114 0
1711999546 204772314 0
1711999546 177967104 0
1711999547 204772314 0
1711999547 850174114 0
1711999548 204772314 0
1711999548 177967104 0
1711999549 850174114 0
1711999549 204772314 0
1711999550 177967104 0
1711999550 204772314 0
1711999551 850174114 0
1711999552 204772314 0
1711999552 177967104 0
1711999553 204772314 0
1711999553 850174114 0
1711999554 204772314 0
1711999554 177967104 0
1711999555 204772314 0
1711999555 850174114 0
1711999556 204772314 0
1711999556 177967104 0
1711999557 850174114 0
1711999557 204772314 0
1711999558 177967104 0
1711999559 204772314 0
1711999559 850174114 0
1711999560 204772314 0
1711999560 177967104 0
1711999561 204772314 0
1711999561 850174114 0
1711999562 204772314 0
1711999562 177967104 0
1711999563 850174114 0
1711999563 204772314 0
1711999564 177967104 0
1711999564 204772314 0
1711999565 850174114 0
1711999565 204772314 0
1711999566 177967104 0
1711999567 204772314 0
1711999567 850174114 0
1711999568 204772314 0
1711999568 177967104 0
1711999569 204772314 0
1711999569 850174114 0
1711999570 204772314 0
1711999570 177967104 0
1711999571 850174114 0
1711999571 204772314 0
1711999572 177967104 0
1711999572 204772314 0
1711999573 850174114 0
1711999574 204772314 0
1711999574 177967104 0
1711999575 204772314 0
1711999575 850174114 0
1711999576 204772314 0
1711999576 177967104 0
1711999577 204772314 0
1711999577 850174114 0
1711999578 204772314 0
1711999578 177967104 0
1711999579 850174114 0
1711999579 204772314 0
1711999580 177967104 0
1711999580 204772314 0
1711999581 850174114 0
1711999582 204772314 0
1711999582 177967104 0
1711999583 204772314 0
1711999583 850174114 0
1711999584 204772314 0
1711999584 177967104 0
1711999585 850174114 0
1711999585 204772314 0
1711999586 177967104 0
1711999586 204772314 0
1711999587 850174114 0
1711999588 204772314 0
1711999588 177967104 0
1711999589 204772314 0
1711999589 850174114 0
1711999590 204772314 0
1711999590 177967104 0
1711999591 204772314 0
1711999591 850174114 0
1711999592 177967104 0
1711999592 204772314 0
1711999593 850174114 0
1711999593 204772314 0
1711999594 177967104 0
1711999595 204772314 0
1711999595 850174114 0
1711999596 204772314 0
1711999596 177967104 0
1711999597 204772314 0
1711999597 850174114 0
1711999598 204772314 0
1711999598 177967104 0
1711999599 850174114 0
1711999599 204772314 0
1711999600 177967104 0
1711999600 204772314 0
1711999601 850174114 0
1711999601 204772314 0
1711999602 177967104 0
1711999603 204772314 0
1711999603 850174114 0
1711999604 204772314 0
1711999604 177967104 0
1711999605 850174114 0
1711999605 204772314 0
1711999606 177967104 0
1711999606 204772314 0
1711999607 850174114 0
1711999608 204772314 0
1711999608 177967104 0
1711999609 204772314 0
1711999609 850174114 0
1711999610 204772314 0
1711999610 177967104 0
1711999611 204772314 0
1711999611 850174114 0
1711999612 177967104 0
1711999612 204772314 0
1711999613 850174114 0
1711999613 204772314 0
1711999614 177967104 0
1711999615 204772314 0
1711999615 850174114 0
1711999616 204772314 0
1711999616 177967104 0
1711999617 204772314 0
1711999617 850174114 0
1711999618 204772314 0
1711999618 177967104 0
1711999619 850174114 0
1711999619 204772314 0
1711999620 177967104 0
1711999621 204772314 0
1711999621 850174114 0
1711999622 204772314 0
1711999622 177967104 0
1711999623 204772314 0
1711999623 850174114 0
1711999624 204772314 0
1711999624 177967104 0
1711999625 850174114 0
1711999625 204772314 0
1711999626 903580650 0
1711999626 177967104 0
1711999626 204772314 0
1711999627 903580650 0
1711999627 850174114 0
1711999628 204772314 0
1711999628 177967104 0
1711999629 903580650 0
1711999629 850174114 0
1711999629 204772314 0
1711999630 177967104 0
1711999630 204772314 0
1711999631 903580650 0
1711999631 850174114 0
1711999632 204772314 0
1711999632 177967104 0
1711999633 204772314 0
1711999633 903580650 0
1711999633 850174114 0
1711999634 204772314 0
1711999634 177967104 0
1711999635 204772314 0
1711999635 903580650 0
1711999635 850174114 0
1711999636 204772314 0
1711999636 177967104 0
1711999637 903580650 0
1711999637 850174114 0
1711999637 204772314 0
1711999638 177967104 0
1711999638 204772314 0
1711999639 903580650 0
1711999639 850174114 0
1711999640 204772314 0
1711999640 177967104 0
1711999641 204772314 0
1711999641 903580650 0
1711999641 850174114 0
1711999642 204772314 0
1711999642 177967104 0
1711999643 903580650 0
1711999643 850174114 0
1711999643 204772314 0
1711999644 177967104 0
1711999644 204772314 0
1711999645 850174114 0
1711999645 903580650 0
1711999645 204772314 0
1711999646 177967104 0
1711999647 204772314 0
1711999647 903580650 0
1711999647 850174114 0
1711999648 204772314 0
1711999648 177967104 0
1711999649 204772314 0
1711999649 903580650 0
1711999649 850174114 0
1711999650 204772314 0
1711999650 177967104 0
1711999651 903580650 0
1711999651 850174114 0
1711999651 204772314 0
1711999652 177967104 0
1711999653 204772314 0
1711999653 903580650 0
1711999653 850174114 0
1711999654 204772314 0
1711999654 177967104 0
1711999655 204772314 0
1711999655 903580650 0
1711999655 850174114 0
1711999656 204772314 0
1711999656 177967104 0
1711999657 850174114 0
1711999657 204772314 0
1711999658 177967104 0
1711999658 204772314 0
1711999659 850174114 0
1711999659 204772314 0
1711999660 177967104 0
1711999661 204772314 0
1711999661 850174114 0
1711999662 204772314 0
1711999662 177967104 0
1711999663 850174114 0
1711999664 204772314 0
1711999664 177967104 0
1711999665 850174114 0
1711999665 204772314 0
1711999666 177967104 0
1711999666 204772314 0
1711999667 850174114 0
1711999668 204772314 0
1711999668 177967104 0
1711999669 204772314 0
1711999669 850174114 0
1711999670 204772314 0
1711999670 177967104 0
1711999671 204772314 0
1711999671 850174114 0
1711999672 177967104 0
1711999672 204772314 0
1711999673 850174114 0
1711999673 204772314 0
1711999674 177967104 0
1711999675 204772314 0
1711999675 850174114 0
1711999676 204772314 0
1711999676 177967104 0
1711999677 204772314 0
1711999677 850174114 0
1711999678 204772314 0
1711999678 177967104 0
1711999679 850174114 0
1711999679 204772314 0
1711999680 177967104 0
1711999680 204772314 0
1711999681 850174114 0
1711999682 204772314 0
1711999682 177967104 0
1711999683 204772314 0
1711999683 850174114 0
1711999684 204772314 0
1711999684 177967104 0
1711999685 204772314 0
1711999685 850174114 0
1711999686 204772314 0
1711999686 177967104 0
1711999687 850174114 0
1711999687 204772314 0
1711999688 177967104 0
1711999688 204772314 0
1711999689 850174114 0
1711999690 204772314 0
1711999690 177967104 0
1711999691 204772314 0
1711999691 850174114 0
1711999692 204772314 0
1711999692 177967104 0
1711999693 204772314 0
1711999693 850174114 0
1711999694 204772314 0
1711999694 177967104 0
1711999695 850174114 0
1711999695 204772314 0
1711999696 177967104 0
1711999696 204772314 0
1711999697 850174114 0
1711999698 204772314 0
1711999698 177967104 0
1711999699 204772314 0
1711999699 850174114 0
1711999700 204772314 0
1711999700 177967104 0
1711999701 850174114 0
1711999701 204772314 0
1711999702 177967104 0
1711999702 204772314 0
1711999703 850174114 0
1711999704 204772314 0
1711999704 177967104 0
1711999705 850174114 0
1711999705 204772314 0
1711999706 177967104 0
1711999706 204772314 0
1711999707 850174114 0
1711999707 204772314 0
1711999708 177967104 0
1711999709 204772314 0
1711999709 850174114 0
1711999710 204772314 0
1711999710 177967104 0
1711999711 204772314 0
1711999711 850174114 0
1711999712 204772314 0
1711999712 177967104 0
1711999713 204772314 0
1711999713 850174114 0
1711999714 177967104 0
1711999714 204772314 0
1711999715 850174114 0
1711999716 204772314 0
1711999716 177967104 0
1711999717 204772314 0
1711999717 850174114 0
1711999718 204772314 0
1711999718 177967104 0
1711999719 850174114 0
1711999719 204772314 0
1711999720 177967104 0
1711999720 204772314 0
1711999721 850174114 0
1711999721 204772314 0
1711999722 177967104 0
1711999723 204772314 0
1711999723 850174114 0
1711999724 204772314 0
1711999724 177967104 0
1711999725 204772314 0
1711999725 850174114 0
1711999726 204772314 0
1711999726 177967104 0
1711999727 850174114 0
1711999727 204772314 0
1711999728 177967104 0
1711999728 204772314 0
1711999729 850174114 0
1711999730 204772314 0
1711999730 177967104 0
1711999731 204772314 0
1711999731 850174114 0
1711999732 204772314 0
1711999732 177967104 0
1711999733 850174114 0
1711999733 204772314 0
1711999734 177967104 0
1711999734 204772314 0
1711999735 850174114 0
1711999736 204772314 0
1711999736 177967104 0
1711999737 204772314 0
1711999737 850174114 0
1711999738 204772314 0
1711999738 177967104 0
1711999739 204772314 0
1711999739 850174114 0
1711999740 204772314 0
1711999740 177967104 0
1711999741 850174114 0
1711999741 204772314 0
1711999742 177967104 0
1711999742 204772314 0
1711999743 850174114 0
1711999744 204772314 0
1711999744 177967104 0
1711999745 204772314 0
1711999746 204772314 0
1711999746 850174114 0
1711999746 177967104 0
1711999747 204772314 0
1711999748 850174114 0
1711999748 177967104 0
1711999748 204772314 0
1711999749 204772314 0
1711999750 850174114 0
1711999750 177967104 0
1711999751 204772314 0
1711999752 204772314 0
1711999752 850174114 0
1711999752 177967104 0
1711999753 204772314 0
1711999754 204772314 0
1711999754 850174114 0
1711999754 177967104 0
1711999755 204772314 0
1711999756 850174114 0
1711999756 177967104 0
1711999757 204772314 0
1711999758 204772314 0
1711999758 850174114 0
1711999758 177967104 0
1711999759 204772314 0
1711999760 204772314 0
1711999760 850174114 0
1711999760 177967104 0
1711999761 204772314 0
1711999762 850174114 0
1711999762 204772314 0
1711999762 177967104 0
1711999763 204772314 0
1711999764 850174114 0
1711999764 177967104 0
1711999765 204772314 0
1711999766 204772314 0
1711999766 850174114 0
1711999766 177967104 0
1711999767 204772314 0
1711999768 850174114 0
1711999768 204772314 0
1711999768 177967104 0
1711999769 204772314 0
1711999770 850174114 0
1711999770 177967104 0
1711999771 204772314 0
1711999772 204772314 0
1711999772 850174114 0
1711999772 177967104 0
1711999773 204772314 0
1711999774 850174114 0
1711999774 177967104 0
1711999774 204772314 0
1711999776 204772314 0
1711999776 850174114 0
1711999776 177967104 0
1711999777 204772314 0
1711999778 204772314 0
1711999778 850174114 0
1711999778 177967104 0
1711999779 204772314 0
1711999780 850174114 0
1711999780 177967104 0
1711999780 204772314 0
1711999782 204772314 0
1711999782 850174114 0
1711999782 177967104 0
1711999783 204772314 0
1711999784 204772314 0
1711999784 850174114 0
1711999784 177967104 0
1711999785 204772314 0
1711999786 850174114 0
1711999786 177967104 0
1711999787 204772314 0
1711999788 204772314 0
1711999788 850174114 0
1711999788 177967104 0
1711999789 204772314 0
1711999790 204772314 0
1711999790 850174114 0
1711999790 177967104 0
1711999791 204772314 0
1711999792 850174114 0
1711999792 177967104 0
1711999792 204772314 0
1711999794 204772314 0
1711999794 850174114 0
1711999794 177967104 0
1711999795 204772314 0
1711999796 204772314 0
1711999796 850174114 0
1711999796 177967104 0
1711999797 204772314 0
1711999798 850174114 0
1711999798 177967104 0
1711999798 204772314 0
1711999800 204772314 0
1711999800 850174114 0
1711999800 177967104 0
1711999801 204772314 0
1711999802 204772314 0
1711999802 850174114 0
1711999802 177967104 0
1711999803 204772314 0
1711999804 850174114 0
1711999804 177967104 0
1711999804 204772314 0
1711999805 204772314 0
1711999806 850174114 0
1711999806 177967104 0
1711999807 204772314 0
1711999808 204772314 0
1711999808 850174114 0
1711999808 177967104 0
1711999809 204772314 0
1711999810 204772314 0
1711999810 850174114 0
1711999810 177967104 0
1711999811 204772314 0
1711999812 850174114 0
1711999812 177967104 0
1711999813 204772314 0
1711999814 204772314 0
1711999814 850174114 0
1711999814 177967104 0
1711999815 204772314 0
1711999816 850174114 0
1711999816 177967104 0
1711999816 204772314 0
1711999818 204772314 0
1711999818 850174114 0
1711999818 177967104 0
1711999819 204772314 0
1711999820 204772314 0
1711999820 850174114 0
1711999820 177967104 0
1711999821 204772314 0
1711999822 850174114 0
1711999822 177967104 0
1711999822 204772314 0
1711999824 204772314 0
1711999824 850174114 0
1711999824 177967104 0
1711999825 204772314 0
1711999826 204772314 0
1711999826 850174114 0
1711999826 177967104 0
1711999827 204772314 0
1711999828 850174114 0
1711999828 204772314 0
1711999828 177967104 0
1711999829 204772314 0
1711999830 850174114 0
1711999830 177967104 0
1711999831 204772314 0
1711999832 204772314 0
1711999832 850174114 0
1711999832 177967104 0
1711999833 204772314 0
1711999834 204772314 0
1711999834 850174114 0
1711999834 177967104 0
1711999835 204772314 0
1711999836 850174114 0
1711999836 177967104 0
1711999836 204772314 0
1711999838 204772314 0
1711999838 850174114 0
1711999838 177967104 0
1711999839 204772314 0
1711999840 204772314 0
1711999840 850174114 0
1711999840 177967104 0
1711999841 204772314 0
1711999842 850174114 0
1711999842 177967104 0
1711999842 204772314 0
1711999844 204772314 0
1711999844 850174114 0
1711999844 177967104 0
1711999845 204772314 0
1711999846 204772314 0
1711999846 850174114 0
1711999846 177967104 0
1711999847 204772314 0
1711999848 850174114 0
1711999848 177967104 0
1711999849 204772314 0
1711999850 204772314 0
1711999850 850174114 0
1711999850 177967104 0
1711999851 204772314 0
1711999852 204772314 0
1711999852 850174114 0
1711999852 177967104 0
1711999853 204772314 0
1711999854 850174114 0
1711999854 177967104 0
1711999854 204772314 0
1711999856 204772314 0
1711999856 850174114 0
1711999856 177967104 0
1711999857 204772314 0
1711999858 204772314 0
1711999858 850174114 0
1711999858 177967104 0
1711999859 204772314 0
1711999860 850174114 0
1711999860 204772314 0
1711999860 177967104 0
1711999861 204772314 0
1711999862 850174114 0
1711999862 177967104 0
1711999862 204772314 0
1711999864 204772314 0
1711999864 850174114 0
1711999864 177967104 0
1711999865 204772314 0
1711999866 204772314 0
1711999866 850174114 0
1711999866 177967104 0
1711999867 204772314 0
1711999868 850174114 0
1711999868 177967104 0
1711999868 204772314 0
1711999869 204772314 0
1711999870 850174114 0
1711999870 177967104 0
1711999871 204772314 0
1711999872 204772314 0
1711999872 850174114 0
1711999872 177967104 0
1711999873 204772314 0
1711999874 850174114 0
1711999874 177967104 0
1711999874 204772314 0
1711999875 204772314 0
1711999876 850174114 0
1711999876 177967104 0
1711999877 204772314 0
1711999878 204772314 0
1711999878 850174114 0
1711999878 177967104 0
1711999879 204772314 0
1711999880 204772314 0
1711999880 850174114 0
1711999880 177967104 0
1711999881 204772314 0
1711999882 850174114 0
1711999882 177967104 0
1711999882 204772314 0
1711999884 204772314 0
1711999884 850174114 0
1711999884 177967104 0
1711999885 204772314 0
1711999886 850174114 0
1711999886 177967104 0
1711999886 204772314 0
1711999887 204772314 0
1711999888 850174114 0
1711999888 177967104 0
1711999889 204772314 0
1711999890 204772314 0
1711999890 850174114 0
1711999890 177967104 0
1711999891 204772314 0
1711999892 850174114 0
1711999892 204772314 0
1711999892 177967104 0
1711999893 204772314 0
1711999894 850174114 0
1711999894 177967104 0
1711999895 204772314 0
1711999896 204772314 0
1711999896 850174114 0
1711999896 177967104 0
1711999897 204772314 0
1711999898 204772314 0
1711999898 850174114 0
1711999898 177967104 0
1711999899 204772314 0
1711999900 850174114 0
1711999900 177967104 0
1711999901 204772314 0
1711999902 204772314 0
1711999902 850174114 0
1711999902 177967104 0
1711999903 204772314 0
1711999904 850174114 0
1711999904 177967104 0
1711999904 204772314 0
1711999905 204772314 0
1711999906 850174114 0
1711999906 177967104 0
1711999907 204772314 0
1711999908 204772314 0
1711999908 850174114 0
1711999908 177967104 0
1711999909 204772314 0
1711999910 850174114 0
1711999910 177967104 0
1711999910 204772314 0
1711999911 204772314 0
1711999912 850174114 0
1711999912 177967104 0
1711999913 204772314 0
1711999914 204772314 0
1711999914 850174114 0
1711999914 177967104 0
1711999915 204772314 0
1711999916 850174114 0
1711999916 204772314 0
1711999916 177967104 0
1711999917 204772314 0
1711999918 850174114 0
1711999918 204772314 0
1711999920 204772314 0
1711999920 850174114 0
1711999921 204772314 0
1711999922 204772314 0
1711999922 850174114 0
1711999923 204772314 0
1711999924 850174114 0
1711999924 204772314 0
1711999925 204772314 0
1711999926 850174114 0
1711999927 204772314 0
1711999928 204772314 0
1711999928 850174114 0
1711999929 204772314 0
1711999930 204772314 0
1711999930 850174114 0
1711999931 204772314 0
1711999932 850174114 0
1711999932 204772314 0
1711999933 204772314 0
1711999934 850174114 0
1711999935 204772314 0
1711999936 204772314 0
1711999936 850174114 0
1711999937 204772314 0
1711999938 204772314 0
1711999938 850174114 0
1711999939 204772314 0
1711999940 850174114 0
1711999940 204772314 0
1711999942 204772314 0
1711999942 850174114 0
1711999943 204772314 0
1711999944 204772314 0
1711999944 850174114 0
1711999945 204772314 0
1711999946 850174114 0
1711999946 204772314 0
1711999947 204772314 0
1711999948 850174114 0
1711999949 204772314 0
1711999950 204772314 0
1711999950 850174114 0
1711999951 204772314 0
1711999952 204772314 0
1711999952 850174114 0
1711999953 204772314 0
1711999954 850174114 0
1711999954 204772314 0
1711999956 204772314 0
1711999956 850174114 0
1711999957 204772314 0
1711999958 204772314 0
1711999958 850174114 0
1711999959 204772314 0
1711999960 850174114 0
1711999960 204772314 0
1711999961 204772314 0
1711999962 850174114 0
1711999963 204772314 0
1711999964 204772314 0
1711999964 850174114 0
1711999965 204772314 0
1711999966 204772314 0
1711999966 850174114 0
1711999967 204772314 0
1711999968 850174114 0
1711999968 204772314 0
1711999969 204772314 0
1711999970 850174114 0
1711999971 204772314 0
1711999972 204772314 0
1711999972 850174114 0
1711999973 204772314 0
1711999974 204772314 0
1711999974 850174114 0
1711999975 204772314 0
1711999976 850174114 0
1711999976 204772314 0
1711999978 204772314 0
1711999978 850174114 0
1711999979 204772314 0
1711999980 204772314 0
1711999980 850174114 0
1711999981 204772314 0
1711999982 850174114 0
1711999982 204772314 0
1711999983 204772314 0
1711999984 850174114 0
1711999985 204772314 0
1711999986 204772314 0
1711999986 850174114 0
1711999987 204772314 0
1711999988 204772314 0
1711999988 850174114 0
1711999989 204772314 0
1711999990 850174114 0
1711999991 204772314 0
1711999992 204772314 0
1711999992 850174114 0
1711999993 204772314 0
1711999994 850174114 0
1711999994 204772314 0
1711999995 204772314 0
1711999996 850174114 0
1711999996 204772314 0
1711999998 204772314 0
1711999998 850174114 0
1711999999 204772314 0
1712000000 204772314 0
1712000000 850174114 0
1712000001 204772314 0
1712000002 850174114 0
1712000002 204772314 0
1712000004 204772314 0
1712000004 850174114 0
1712000005 204772314 0
1712000006 204772314 0
1712000006 850174114 0
1712000007 204772314 0
1712000008 850174114 0
1712000008 204772314 0
1712000010 204772314 0
1712000010 850174114 0
1712000011 204772314 0
1712000012 204772314 0
1712000012 850174114 0
1712000013 204772314 0
1712000014 850174114 0
1712000014 204772314 0
1712000016 204772314 0
1712000016 850174114 0
1712000017 204772314 0
1712000018 204772314 0
1712000018 850174114 0
1712000019 204772314 0
1712000020 850174114 0
1712000020 204772314 0
1712000021 177967104 0
1712000022 204772314 0
1712000022 850174114 0
1712000022 177967104 0
1712000023 204772314 0
1712000024 204772314 0
1712000024 850174114 0
1712000024 177967104 0
1712000025 204772314 0
1712000026 850174114 0
1712000026 177967104 0
1712000027 204772314 0
1712000028 204772314 0
1712000028 850174114 0
1712000028 177967104 0
1712000029 204772314 0
1712000030 204772314 0
1712000030 850174114 0
1712000030 177967104 0
1712000031 204772314 0
1712000032 850174114 0
1712000032 177967104 0
1712000032 204772314 0
1712000034 204772314 0
1712000034 850174114 0
1712000034 177967104 0
1712000035 204772314 0
1712000036 204772314 0
1712000036 850174114 0
1712000036 177967104 0
1712000037 204772314 0
1712000038 850174114 0
1712000038 204772314 0
1712000038 177967104 0
1712000039 204772314 0
1712000040 850174114 0
1712000040 177967104 0
1712000040 204772314 0
1712000042 204772314 0
1712000042 850174114 0
1712000042 177967104 0
1712000043 204772314 0
1712000044 204772314 0
1712000044 850174114 0
1712000044 177967104 0
1712000045 204772314 0
1712000046 850174114 0
1712000046 177967104 0
1712000046 204772314 0
1712000047 204772314 0
1712000048 850174114 0
1712000048 177967104 0
1712000049 204772314 0
1712000050 204772314 0
1712000050 850174114 0
1712000050 177967104 0
1712000051 204772314 0
1712000052 204772314 0
1712000052 850174114 0
1712000052 177967104 0
1712000053 204772314 0
1712000054 850174114 0
1712000054 177967104 0
1712000054 204772314 0
1712000056 204772314 0
1712000056 850174114 0
1712000056 177967104 0
1712000057 204772314 0
1712000058 204772314 0
1712000058 850174114 0
1712000058 177967104 0
1712000059 204772314 0
1712000060 850174114 0
1712000060 204772314 0
1712000060 177967104 0
1712000061 204772314 0
1712000062 850174114 0
1712000062 177967104 0
1712000063 204772314 0
1712000064 204772314 0
1712000064 850174114 0
1712000064 177967104 0
1712000065 204772314 0
1712000066 204772314 0
1712000066 850174114 0
1712000066 177967104 0
1712000067 204772314 0
1712000068 850174114 0
1712000068 177967104 0
1712000068 204772314 0
1712000069 204772314 0
1712000070 850174114 0
1712000070 177967104 0
1712000071 204772314 0
1712000072 204772314 0
1712000072 850174114 0
1712000072 177967104 0
1712000073 204772314 0
1712000074 204772314 0
1712000074 850174114 0
1712000074 177967104 0
1712000075 204772314 0
1712000076 850174114 0
1712000076 177967104 0
1712000076 204772314 0
1712000078 204772314 0
1712000078 850174114 0
1712000078 177967104 0
1712000079 204772314 0
1712000080 204772314 0
1712000080 850174114 0
1712000080 177967104 0
1712000081 204772314 0
1712000082 850174114 0
1712000082 204772314 0
1712000082 177967104 0
1712000083 204772314 0
1712000084 850174114 0
1712000084 177967104 0
1712000086 204772314 0
1712000086 850174114 0
1712000086 177967104 0
1712000087 204772314 0
1712000088 204772314 0
1712000088 850174114 0
1712000088 177967104 0
1712000089 204772314 0
1712000090 850174114 0
1712000090 177967104 0
1712000090 204772314 0
1712000092 204772314 0
1712000092 850174114 0
1712000092 177967104 0
1712000093 204772314 0
1712000094 204772314 0
1712000094 850174114 0
1712000094 177967104 0
1712000096 204772314 0
1712000096 850174114 0
1712000096 177967104 0
1712000097 204772314 0
1712000098 850174114 0
1712000098 177967104 0
1712000098 204772314 0
1712000100 204772314 0
1712000100 850174114 0
1712000100 177967104 0
1712000101 204772314 0
1712000102 204772314 0
1712000102 850174114 0
1712000102 177967104 0
1712000103 204772314 0
1712000104 850174114 0
1712000104 177967104 0
1712000104 204772314 0
1712000105 204772314 0
1712000106 850174114 0
1712000106 177967104 0
1712000107 204772314 0
1712000108 204772314 0
1712000108 850174114 0
1712000109 177967104 0
1712000109 204772314 0
1712000110 204772314 0
1712000110 850174114 0
1712000110 177967104 0
1712000111 204772314 0
1712000112 850174114 0
1712000112 177967104 0
1712000112 204772314 0
1712000114 204772314 0
1712000114 850174114 0
1712000114 177967104 0
1712000115 204772314 0
1712000116 204772314 0
1712000116 850174114 0
1712000116 177967104 0
1712000117 204772314 0
1712000118 204772314 0
1712000118 850174114 0
1712000118 177967104 0
1712000119 204772314 0
1712000120 850174114 0
1712000120 177967104 0
1712000121 204772314 0
1712000122 204772314 0
1712000122 177967104 0
1712000123 204772314 0
1712000123 850174114 0
1712000124 204772314 0
1712000124 177967104 0
1712000125 850174114 0
1712000125 204772314 0
1712000126 177967104 0
1712000126 204772314 0
1712000127 850174114 0
1712000128 204772314 0
1712000128 177967104 0
1712000129 204772314 0
1712000129 850174114 0
1712000130 204772314 0
1712000130 177967104 0
1712000131 204772314 0
1712000131 850174114 0
1712000132 204772314 0
1712000132 177967104 0
1712000133 850174114 0
1712000133 204772314 0
1712000134 177967104 0
1712000134 204772314 0
1712000135 850174114 0
1712000136 204772314 0
1712000136 177967104 0
1712000137 204772314 0
1712000137 850174114 0
1712000138 204772314 0
1712000138 177967104 0
1712000139 850174114 0
1712000139 204772314 0
1712000140 204772314 0
1712000141 850174114 0
1712000141 177967104 0
1712000142 204772314 0
1712000143 204772314 0
1712000143 850174114 0
1712000143 177967104 0
1712000144 204772314 0
1712000145 204772314 0
1712000145 850174114 0
1712000145 177967104 0
1712000146 204772314 0
1712000147 850174114 0
1712000147 177967104 0
1712000148 204772314 0
1712000149 204772314 0
1712000149 850174114 0
1712000149 177967104 0
1712000150 204772314 0
1712000151 204772314 0
1712000151 850174114 0
1712000151 177967104 0
1712000152 204772314 0
1712000153 850174114 0
1712000153 177967104 0
1712000153 204772314 0
1712000155 204772314 0
1712000155 850174114 0
1712000155 177967104 0
1712000156 204772314 0
1712000157 204772314 0
1712000157 850174114 0
1712000157 177967104 0
1712000158 204772314 0
1712000159 850174114 0
1712000159 204772314 0
1712000159 177967104 0
1712000160 204772314 0
1712000161 850174114 0
1712000161 177967104 0
1712000162 204772314 0
1712000163 204772314 0
1712000163 850174114 0
1712000163 177967104 0
1712000164 204772314 0
1712000165 204772314 0
1712000165 850174114 0
1712000165 177967104 0
1712000166 204772314 0
1712000167 850174114 0
1712000167 177967104 0
1712000167 204772314 0
1712000169 204772314 0
1712000169 850174114 0
1712000169 177967104 0
1712000170 204772314 0
1712000171 204772314 0
1712000171 850174114 0
1712000171 177967104 0
1712000172 204772314 0
1712000173 850174114 0
1712000173 204772314 0
1712000173 177967104 0
1712000174 204772314 0
1712000175 850174114 0
1712000175 177967104 0
1712000176 204772314 0
1712000177 204772314 0
1712000177 850174114 0
1712000177 177967104 0
1712000178 204772314 0
1712000179 850174114 0
1712000179 204772314 0
1712000179 177967104 0
1712000180 204772314 0
1712000181 850174114 0
1712000181 177967104 0
1712000181 204772314 0
1712000183 204772314 0
1712000183 850174114 0
1712000183 177967104 0
1712000184 204772314 0
1712000185 204772314 0
1712000185 850174114 0
1712000185 177967104 0
1712000186 204772314 0
1712000187 850174114 0
1712000187 177967104 0
1712000187 204772314 0
1712000188 204772314 0
1712000189 850174114 0
1712000189 177967104 0
1712000190 204772314 0
1712000191 204772314 0
1712000191 850174114 0
1712000191 177967104 0
1712000192 204772314 0
1712000193 204772314 0
1712000193 850174114 0
1712000193 177967104 0
1712000194 204772314 0
1712000195 850174114 0
1712000195 177967104 0
1712000195 204772314 0
1712000196 204772314 0
1712000197 850174114 0
1712000197 177967104 0
1712000198 204772314 0
1712000199 204772314 0
1712000199 850174114 0
1712000199 177967104 0
1712000200 204772314 0
1712000201 850174114 0
1712000201 177967104 0
1712000201 204772314 0
1712000202 204772314 0
1712000203 850174114 0
1712000203 177967104 0
1712000204 204772314 0
1712000205 204772314 0
1712000205 850174114 0
1712000205 177967104 0
1712000206 204772314 0
1712000207 204772314 0
1712000207 850174114 0
1712000207 177967104 0
1712000208 204772314 0
1712000208 177967104 1
1712000209 850174114 0
1712000210 204772314 0
1712000211 177967104 1
1712000211 204772314 0
1712000211 177967104 1
1712000211 850174114 0
1712000212 204772314 0
1712000212 177967104 1
1712000213 850174114 0
1712000213 204772314 0
1712000214 177967104 0
1712000214 204772314 0
1712000215 850174114 0
1712000216 204772314 0
1712000216 177967104 0
1712000217 204772314 0
1712000217 850174114 0
1712000218 204772314 0
1712000218 177967104 0
1712000219 850174114 0
1712000219 204772314 0
1712000220 177967104 0
1712000221 204772314 0
1712000221 850174114 0
1712000222 204772314 0
1712000222 177967104 0
1712000223 204772314 0
1712000223 850174114 0
1712000224 204772314 0
1712000224 177967104 0
1712000225 850174114 0
1712000225 204772314 0
1712000226 177967104 0
1712000226 204772314 0
1712000227 850174114 0
1712000228 204772314 0
1712000228 177967104 0
1712000229 204772314 0
1712000229 850174114 0
1712000230 204772314 0
1712000230 177967104 0
1712000231 850174114 0
1712000231 204772314 0
1712000232 177967104 0
1712000233 204772314 0
1712000233 850174114 0
1712000234 204772314 0
1712000234 177967104 0
1712000235 204772314 0
1712000235 850174114 0
1712000236 177967104 0
1712000236 204772314 0
1712000237 850174114 0
1712000237 204772314 0
1712000238 177967104 0
1712000239 204772314 0
1712000239 850174114 0
1712000240 204772314 0
1712000240 177967104 0
1712000241 204772314 0
1712000241 850174114 0
1712000242 204772314 0
1712000242 177967104 0
1712000243 850174114 0
1712000243 204772314 0
1712000244 177967104 0
1712000244 204772314 0
1712000245 850174114 0
1712000246 204772314 0
1712000246 177967104 0
1712000247 204772314 0
1712000247 850174114 0
1712000248 204772314 0
1712000248 177967104 0
1712000249 204772314 0
1712000249 850174114 0
1712000250 204772314 0
1712000250 177967104 0
1712000251 850174114 0
1712000251 204772314 0
1712000252 177967104 0
1712000253 204772314 0
1712000253 850174114 0
1712000254 204772314 0
1712000254 177967104 0
1712000255 204772314 0
1712000255 850174114 0
1712000256 204772314 0
1712000256 177967104 0
1712000257 850174114 0
1712000257 204772314 0
1712000258 177967104 0
1712000258 204772314 0
1712000259 850174114 0
1712000260 204772314 0
1712000260 177967104 0
1712000261 204772314 0
1712000261 850174114 0
1712000262 204772314 0
1712000262 177967104 0
1712000263 204772314 0
1712000263 850174114 0
1712000264 204772314 0
1712000264 177967104 0
1712000265 204772314 0
1712000266 850174114 0
1712000266 177967104 0
1712000267 204772314 0
1712000268 204772314 0
1712000268 850174114 0
1712000268 177967104 0
1712000269 204772314 0
1712000270 850174114 0
1712000270 204772314 0
1712000270 177967104 0
1712000271 204772314 0
1712000272 850174114 0
1712000272 177967104 0
1712000272 204772314 0
1712000274 204772314 0
1712000274 850174114 0
1712000274 177967104 0
1712000275 204772314 0
1712000276 204772314 0
1712000276 850174114 0
1712000276 177967104 0
1712000277 204772314 0
1712000278 850174114 0
1712000278 204772314 0
1712000278 177967104 0
1712000279 204772314 0
1712000280 850174114 0
1712000280 177967104 0
1712000281 204772314 0
1712000282 204772314 0
1712000282 850174114 0
1712000282 177967104 0
1712000283 204772314 0
1712000284 204772314 0
1712000284 850174114 0
1712000284 177967104 0
1712000286 850174114 0
1712000286 204772314 0
1712000286 177967104 0
1712000287 204772314 0
1712000288 850174114 0
1712000288 177967104 0
1712000288 204772314 0
1712000290 204772314 0
1712000290 850174114 0
1712000290 177967104 0
1712000291 204772314 0
1712000292 850174114 0
1712000292 177967104 0
1712000293 204772314 0
1712000294 850174114 0
1712000294 204772314 0
1712000294 177967104 0
1712000295 204772314 0
1712000296 850174114 0
1712000296 177967104 0
1712000296 204772314 0
1712000298 204772314 0
1712000298 850174114 0
1712000298 177967104 0
1712000299 204772314 0
1712000300 204772314 0
1712000300 850174114 0
1712000300 177967104 0
1712000301 204772314 0
1712000302 850174114 0
1712000302 177967104 0
1712000302 204772314 0
1712000304 204772314 0
1712000304 850174114 0
1712000304 177967104 0
1712000305 204772314 0
1712000306 204772314 0
1712000306 850174114 0
1712000306 177967104 0
1712000307 204772314 0
1712000308 850174114 0
1712000308 204772314 0
1712000308 177967104 0
1712000309 204772314 0
1712000310 850174114 0
1712000310 177967104 0
1712000310 204772314 0
1712000312 204772314 0
1712000312 850174114 0
1712000312 177967104 0
1712000313 204772314 0
1712000314 204772314 0
1712000314 850174114 0
1712000314 177967104 0
1712000315 204772314 0
1712000316 850174114 0
1712000316 204772314 0
1712000316 177967104 0
1712000317 204772314 0
1712000318 850174114 0
1712000318 177967104 0
1712000318 204772314 0
1712000320 204772314 0
1712000320 850174114 0
1712000320 177967104 0
1712000321 204772314 0
1712000322 204772314 0
1712000322 850174114 0
1712000322 177967104 0
1712000323 204772314 0
1712000324 850174114 0
1712000324 177967104 0
1712000324 204772314 0
1712000325 204772314 0
1712000326 850174114 0
1712000326 177967104 0
1712000327 204772314 0
1712000328 204772314 0
1712000328 850174114 0
1712000328 177967104 0
1712000329 204772314 0
1712000330 204772314 0
1712000330 850174114 0
1712000330 177967104 0
1712000331 204772314 0
1712000332 850174114 0
1712000332 177967104 0
1712000332 204772314 0
1712000334 204772314 0
1712000334 850174114 0
1712000334 177967104 0
1712000335 204772314 0
1712000336 204772314 0
1712000336 850174114 0
1712000336 177967104 0
1712000337 204772314 0
1712000338 850174114 0
1712000338 177967104 0
1712000338 204772314 0
1712000339 204772314 0
1712000340 850174114 0
1712000340 177967104 0
1712000341 204772314 0
1712000342 204772314 0
1712000342 850174114 0
1712000342 177967104 0
1712000343 204772314 0
1712000344 850174114 0
1712000344 204772314 0
1712000344 177967104 0
1712000345 204772314 0
1712000346 850174114 0
1712000346 177967104 0
1712000347 204772314 0
1712000348 204772314 0
1712000348 850174114 0
1712000348 177967104 0
1712000349 204772314 0
1712000350 850174114 0
1712000350 177967104 0
1712000350 204772314 0
1712000351 204772314 0
1712000352 850174114 0
1712000352 177967104 0
1712000353 204772314 0
1712000354 204772314 0
1712000354 850174114 0
1712000354 177967104 0
1712000355 204772314 0
1712000356 204772314 0
1712000356 850174114 0
1712000356 177967104 0
1712000357 204772314 0
1712000358 850174114 0
1712000358 177967104 0
1712000359 204772314 0
1712000360 204772314 0
1712000360 850174114 0
1712000360 177967104 0
1712000361 204772314 0
1712000362 204772314 0
1712000362 850174114 0
1712000362 177967104 0
1712000363 204772314 0
1712000364 850174114 0
1712000364 177967104 0
1712000364 204772314 0
1712000366 204772314 0
1712000366 850174114 0
1712000366 177967104 0
1712000367 204772314 0
1712000368 204772314 0
1712000368 850174114 0
1712000368 177967104 0
1712000369 204772314 0
1712000370 850174114 0
1712000370 177967104 0
1712000370 204772314 0
1712000372 204772314 0
1712000372 850174114 0
1712000372 177967104 0
1712000373 204772314 0
1712000373 177967104 1
1712000374 204772314 0
1712000374 850174114 0
1712000375 204772314 0
1712000376 204772314 0
1712000376 850174114 0
1712000377 204772314 0
1712000378 850174114 0
1712000379 204772314 0
1712000380 204772314 0
1712000380 850174114 0
1712000381 204772314 0
1712000382 204772314 0
1712000382 850174114 0
1712000383 204772314 0
1712000384 850174114 0
1712000384 204772314 0
1712000386 204772314 0
1712000386 850174114 0
1712000387 204772314 0
1712000388 204772314 0
1712000388 850174114 0
1712000389 204772314 0
1712000390 850174114 0
1712000390 204772314 0
1712000392 204772314 0
1712000392 850174114 0
1712000393 204772314 0
1712000394 204772314 0
1712000394 850174114 0
1712000395 204772314 0
1712000396 850174114 0
1712000396 204772314 0
1712000397 204772314 0
1712000398 850174114 0
1712000399 204772314 0
1712000400 204772314 0
1712000400 850174114 0
1712000401 204772314 0
1712000402 204772314 0
1712000402 850174114 0
1712000403 204772314 0
1712000404 850174114 0
1712000404 204772314 0
1712000406 204772314 0
1712000406 850174114 0
1712000407 204772314 0
1712000408 204772314 0
1712000408 850174114 0
1712000409 204772314 0
1712000410 850174114 0
1712000410 204772314 0
1712000411 204772314 0
1712000412 850174114 0
1712000413 204772314 0
1712000414 204772314 0
1712000414 850174114 0
1712000415 204772314 0
1712000416 850174114 0
1712000416 204772314 0
1712000417 204772314 0
1712000418 850174114 0
1712000419 204772314 0
1712000420 204772314 0
1712000420 850174114 0
1712000421 204772314 0
1712000422 850174114 0
1712000422 204772314 0
1712000423 204772314 0
1712000424 850174114 0
1712000424 204772314 0
1712000426 204772314 0
1712000426 850174114 0
1712000427 204772314 0
1712000428 204772314 0
1712000428 850174114 0
1712000429 204772314 0
1712000430 850174114 0
1712000430 204772314 0
1712000432 204772314 0
1712000432 850174114 0
1712000433 204772314 0
1712000434 204772314 0
1712000434 850174114 0
1712000435 204772314 0
1712000436 850174114 0
1712000437 204772314 0
1712000438 204772314 0
1712000438 850174114 0
1712000439 204772314 0
1712000440 850174114 0
1712000440 204772314 0
1712000442 204772314 0
1712000442 850174114 0
1712000443 204772314 0
1712000444 204772314 0
1712000444 850174114 0
1712000445 204772314 0
1712000446 850174114 0
1712000446 204772314 0
1712000448 204772314 0
1712000448 850174114 0
1712000449 204772314 0
1712000450 850174114 0
1712000450 204772314 0
1712000452 204772314 0
1712000452 850174114 0
1712000454 204772314 0
1712000454 850174114 0
1712000455 204772314 0
1712000456 850174114 0
1712000456 204772314 0
1712000458 204772314 0
1712000458 850174114 0
1712000459 204772314 0
1712000460 204772314 0
1712000460 850174114 0
1712000462 204772314 0
1712000462 850174114 0
1712000463 204772314 0
1712000464 204772314 0
1712000464 850174114 0
1712000465 204772314 0
1712000466 850174114 0
1712000467 204772314 0
1712000468 204772314 0
1712000468 850174114 0
1712000469 204772314 0
1712000470 850174114 0
1712000470 204772314 0
1712000471 204772314 0
1712000472 850174114 0
1712000473 204772314 0
1712000474 204772314 0
1712000474 850174114 0
1712000475 204772314 0
1712000476 204772314 0
1712000476 850174114 0
1712000477 204772314 0
1712000478 850174114 0
1712000478 204772314 0
1712000480 204772314 0
1712000480 850174114 0
1712000481 204772314 0
1712000482 204772314 0
1712000482 850174114 0
1712000483 204772314 0
1712000484 850174114 0
1712000484 204772314 0
1712000485 204772314 0
1712000486 850174114 0
1712000486 204772314 0
1712000488 204772314 0
1712000488 850174114 0
1712000489 204772314 0
1712000490 204772314 0
1712000490 850174114 0
1712000491 204772314 0
1712000492 850174114 0
1712000492 204772314 0
1712000494 204772314 0
1712000494 850174114 0
1712000495 204772314 0
1712000496 850174114 0
1712000496 204772314 0
1712000497 204772314 0
1712000498 850174114 0
1712000499 204772314 0
1712000500 204772314 0
1712000500 850174114 0
1712000501 204772314 0
1712000502 850174114 0
1712000502 204772314 0
1712000503 204772314 0
1712000504 850174114 0
1712000505 204772314 0
1712000506 204772314 0
1712000506 850174114 0
1712000507 204772314 0
1712000508 204772314 0
1712000508 850174114 0
1712000509 204772314 0
1712000510 850174114 0
1712000511 204772314 0
1712000512 204772314 0
1712000512 850174114 0
1712000513 204772314 0
1712000514 850174114 0
1712000514 204772314 0
1712000515 204772314 0
1712000516 850174114 0
1712000516 204772314 0
1712000518 204772314 0
1712000518 850174114 0
1712000519 204772314 0
1712000520 204772314 0
1712000520 850174114 0
1712000521 204772314 0
1712000522 850174114 0
1712000522 204772314 0
1712000524 204772314 0
1712000524 850174114 0
1712000525 204772314 0
1712000526 204772314 0
1712000526 850174114 0
1712000527 204772314 0
1712000528 850174114 0
1712000528 204772314 0
1712000529 204772314 0
1712000530 850174114 0
1712000531 204772314 0
1712000532 204772314 0
1712000532 850174114 0
1712000533 204772314 0
1712000534 850174114 0
1712000534 204772314 0
1712000536 204772314 0
1712000536 850174114 0
1712000537 204772314 0
1712000538 204772314 0
1712000539 850174114 0
1712000539 204772314 0
1712000541 204772314 0
1712000541 850174114 0
1712000542 204772314 0
1712000543 204772314 0
1712000543 850174114 0
1712000544 204772314 0
1712000545 850174114 0
1712000545 204772314 0
1712000547 204772314 0
1712000547 850174114 0
1712000548 204772314 0
1712000549 204772314 0
1712000549 850174114 0
1712000550 204772314 0
1712000551 850174114 0
1712000551 204772314 0
1712000553 204772314 0
1712000553 850174114 0
1712000554 204772314 0
1712000555 204772314 0
1712000555 850174114 0
1712000556 204772314 0
1712000557 850174114 0
1712000557 204772314 0
1712000558 204772314 0
1712000559 850174114 0
1712000560 204772314 0
1712000561 204772314 0
1712000561 850174114 0
1712000562 204772314 0
1712000563 204772314 0
1712000563 850174114 0
1712000564 204772314 0
1712000565 850174114 0
1712000566 204772314 0
1712000567 204772314 0
1712000567 850174114 0
1712000568 204772314 0
1712000569 204772314 0
1712000569 850174114 0
1712000570 204772314 0
1712000571 850174114 0
1712000571 204772314 0
1712000573 204772314 0
1712000573 850174114 0
1712000574 204772314 0
1712000575 204772314 0
1712000575 850174114 0
1712000576 204772314 0
1712000577 850174114 0
1712000577 204772314 0
1712000578 204772314 0
1712000579 850174114 0
1712000580 204772314 0
1712000581 204772314 0
1712000581 850174114 0
1712000582 204772314 0
1712000583 850174114 0
1712000583 204772314 0
1712000584 204772314 0
1712000585 850174114 0
1712000585 204772314 0
1712000587 204772314 0
1712000587 850174114 0
1712000588 204772314 0
1712000589 204772314 0
1712000589 850174114 0
1712000590 204772314 0
1712000591 850174114 0
1712000591 204772314 0
1712000593 204772314 0
1712000593 850174114 0
1712000594 204772314 0
1712000595 204772314 0
1712000595 850174114 0
1712000596 204772314 0
1712000597 850174114 0
1712000598 204772314 0
1712000599 204772314 0
1712000599 850174114 0
1712000600 204772314 0
1712000601 850174114 0
1712000601 204772314 0
1712000602 204772314 0
1712000603 850174114 0
1712000604 204772314 0
1712000605 204772314 0
1712000605 850174114 0
1712000606 204772314 0
1712000607 204772314 0
1712000607 850174114 0
1712000608 204772314 0
1712000609 850174114 0
1712000609 204772314 0
1712000611 204772314 0
1712000611 850174114 0
1712000612 204772314 0
1712000613 204772314 0
1712000613 850174114 0
1712000614 204772314 0
1712000615 850174114 0
1712000616 204772314 0
1712000617 204772314 0
1712000617 850174114 0
1712000618 204772314 0
1712000619 850174114 0
1712000619 204772314 0
1712000620 204772314 0
1712000621 850174114 0
1712000621 204772314 0
1712000623 204772314 0
1712000623 850174114 0
1712000624 204772314 0
1712000625 204772314 0
1712000625 850174114 0
1712000627 204772314 0
1712000627 850174114 0
1712000628 204772314 0
1712000629 204772314 0
1712000629 850174114 0
1712000630 204772314 0
1712000631 850174114 0
1712000631 204772314 0
1712000632 204772314 0
1712000633 850174114 0
1712000634 204772314 0
1712000635 204772314 0
1712000635 850174114 0
1712000636 204772314 0
1712000637 850174114 0
1712000637 204772314 0
1712000638 204772314 0
1712000639 850174114 0
1712000640 204772314 0
1712000641 204772314 0
1712000641 850174114 0
1712000642 204772314 0
1712000643 850174114 0
1712000643 204772314 0
1712000644 204772314 0
1712000645 850174114 0
1712000645 204772314 0
1712000647 204772314 0
1712000647 850174114 0
1712000648 204772314 0
1712000649 204772314 0
1712000649 850174114 0
1712000650 204772314 0
1712000651 850174114 0
1712000651 204772314 0
1712000652 204772314 0
1712000653 850174114 0
1712000654 204772314 0
1712000655 204772314 0
1712000655 850174114 0
1712000656 204772314 0
1712000657 204772314 0
1712000657 850174114 0
1712000659 850174114 0
1712000659 204772314 0
1712000660 204772314 0
1712000661 850174114 0
1712000662 204772314 0
1712000663 204772314 0
1712000663 850174114 0
1712000664 204772314 0
1712000665 204772314 0
1712000665 850174114 0
1712000666 204772314 0
1712000667 850174114 0
1712000667 204772314 0
1712000669 204772314 0
1712000669 850174114 0
1712000670 204772314 0
1712000671 204772314 0
1712000671 850174114 0
1712000672 204772314 0
1712000673 850174114 0
1712000673 204772314 0
1712000674 204772314 0
1712000675 850174114 0
1712000677 204772314 0
1712000677 204772314 0
1712000677 850174114 0
1712000678 204772314 0
1712000679 204772314 0
1712000679 850174114 0
1712000680 204772314 0
1712000681 850174114 0
1712000682 204772314 0
1712000683 204772314 0
1712000683 850174114 0
1712000684 204772314 0
1712000685 204772314 0
1712000685 850174114 0
1712000686 204772314 0
1712000687 850174114 0
1712000687 204772314 0
1712000688 204772314 0
1712000689 850174114 0
1712000690 204772314 0
1712000691 204772314 0
1712000691 850174114 0
1712000692 204772314 0
1712000693 204772314 0
1712000693 850174114 0
1712000694 204772314 0
1712000695 850174114 0
1712000695 204772314 0
1712000697 204772314 0
1712000697 850174114 0
1712000698 204772314 0
1712000699 204772314 0
1712000699 850174114 0
1712000700 204772314 0
1712000701 850174114 0
1712000701 204772314 0
1712000702 204772314 0
1712000703 850174114 0
1712000703 204772314 0
1712000705 204772314 0
1712000705 850174114 0
1712000706 204772314 0
1712000707 204772314 0
1712000707 850174114 0
1712000708 204772314 0
1712000709 850174114 0
1712000709 204772314 0
1712000710 204772314 0
1712000711 850174114 0
1712000712 204772314 0
1712000713 204772314 0
1712000713 850174114 0
1712000714 204772314 0
1712000715 204772314 0
1712000715 850174114 0
1712000716 204772314 0
1712000717 850174114 0
1712000717 204772314 0
1712000719 204772314 0
1712000719 850174114 0
1712000720 204772314 0
1712000721 204772314 0
1712000721 850174114 0
1712000722 204772314 0
1712000723 850174114 0
1712000723 204772314 0
1712000724 204772314 0
1712000725 850174114 0
1712000726 204772314 0
1712000727 204772314 0
1712000727 850174114 0
1712000728 204772314 0
1712000729 204772314 0
1712000729 850174114 0
1712000730 204772314 0
1712000731 850174114 0
1712000731 204772314 0
1712000733 204772314 0
1712000733 850174114 0
1712000734 204772314 0
1712000735 204772314 0
1712000735 850174114 0
1712000736 204772314 0
1712000737 850174114 0
1712000737 204772314 0
1712000739 204772314 0
1712000739 850174114 0
1712000740 204772314 0
1712000741 204772314 0
1712000741 850174114 0
1712000742 204772314 0
1712000743 850174114 0
1712000743 204772314 0
1712000744 204772314 0
1712000745 850174114 0
1712000746 204772314 0
1712000747 204772314 0
1712000747 850174114 0
1712000748 204772314 0
1712000749 204772314 0
1712000749 850174114 0
1712000750 204772314 0
1712000751 850174114 0
1712000751 204772314 0
1712000753 204772314 0
1712000753 850174114 0
1712000754 204772314 0
1712000755 204772314 0
1712000755 850174114 0
1712000756 204772314 0
1712000757 204772314 0
1712000757 850174114 0
1712000758 204772314 0
1712000759 850174114 0
1712000760 204772314 0
1712000761 204772314 0
1712000761 850174114 0
1712000762 204772314 0
1712000763 204772314 0
1712000763 850174114 0
1712000764 204772314 0
1712000765 850174114 0
1712000765 204772314 0
1712000767 204772314 0
1712000767 850174114 0
1712000768 204772314 0
1712000769 204772314 0
1712000769 850174114 0
1712000770 204772314 0
1712000771 850174114 0
1712000772 204772314 0
1712000773 850174114 0
1712000773 204772314 0
1712000775 204772314 0
1712000775 850174114 0
1712000776 204772314 0
1712000777 204772314 0
1712000777 850174114 0
1712000778 204772314 0
1712000779 850174114 0
1712000779 204772314 0
1712000780 204772314 0
1712000781 850174114 0
1712000782 204772314 0
1712000783 204772314 0
1712000783 850174114 0
1712000784 204772314 0
1712000785 850174114 0
1712000785 204772314 0
1712000786 204772314 0
1712000787 850174114 0
1712000787 204772314 0
1712000789 204772314 0
1712000789 850174114 0
1712000790 204772314 0
1712000791 204772314 0
1712000791 850174114 0
1712000792 204772314 0
1712000793 850174114 0
1712000793 204772314 0
1712000794 204772314 0
1712000795 850174114 0
1712000796 204772314 0
1712000797 850174114 0
1712000797 204772314 0
1712000799 850174114 0
1712000799 204772314 0
1712000800 204772314 0
1712000801 850174114 0
1712000802 204772314 0
1712000803 204772314 0
1712000803 850174114 0
1712000804 204772314 0
1712000805 204772314 0
1712000805 850174114 0
1712000806 204772314 0
1712000807 850174114 0
1712000807 204772314 0
1712000809 204772314 0
1712000809 850174114 0
1712000810 204772314 0
1712000811 204772314 0
1712000811 850174114 0
1712000812 204772314 0
1712000813 850174114 0
1712000813 204772314 0
1712000815 204772314 0
1712000815 850174114 0
1712000816 204772314 0
1712000817 850174114 0
1712000817 204772314 0
1712000818 204772314 0
1712000819 850174114 0
1712000819 204772314 0
1712000821 204772314 0
1712000821 850174114 0
1712000822 204772314 0
1712000823 204772314 0
1712000823 850174114 0
1712000824 204772314 0
1712000825 850174114 0
1712000825 204772314 0
1712000827 204772314 0
1712000827 850174114 0
1712000828 204772314 0
1712000829 204772314 0
1712000829 850174114 0
1712000830 204772314 0
1712000831 204772314 0
1712000831 850174114 0
1712000832 204772314 0
1712000833 850174114 0
1712000833 204772314 0
1712000835 204772314 0
1712000835 850174114 0
1712000836 204772314 0
1712000837 204772314 0
1712000837 850174114 0
1712000838 204772314 0
1712000839 850174114 0
1712000839 204772314 0
1712000840 204772314 0
1712000841 850174114 0
1712000842 204772314 0
1712000843 204772314 0
1712000843 850174114 0
1712000844 204772314 0
1712000845 850174114 0
1712000846 204772314 0
1712000847 204772314 0
1712000847 850174114 0
1712000848 204772314 0
1712000849 850174114 0
1712000849 204772314 0
1712000850 204772314 0
1712000851 850174114 0
1712000852 204772314 0
1712000853 204772314 0
1712000853 850174114 0
1712000854 204772314 0
1712000855 204772314 0
1712000855 850174114 0
1712000856 204772314 0
1712000857 850174114 0
1712000857 204772314 0
1712000859 204772314 0
1712000859 850174114 0
1712000860 204772314 0
1712000861 204772314 0
1712000861 850174114 0
1712000862 204772314 0
1712000863 850174114 0
1712000863 204772314 0
1712000864 204772314 0
1712000865 850174114 0
1712000866 204772314 0
1712000867 204772314 0
1712000867 850174114 0
1712000868 204772314 0
1712000869 850174114 0
1712000869 204772314 0
1712000870 204772314 0
1712000871 850174114 0
1712000872 204772314 0
1712000873 204772314 0
1712000873 850174114 0
1712000874 204772314 0
1712000875 850174114 0
1712000875 204772314 0
1712000876 204772314 0
1712000877 850174114 0
1712000878 204772314 0
1712000879 204772314 0
1712000879 850174114 0
1712000880 204772314 0
1712000881 204772314 0
1712000881 850174114 0
1712000882 204772314 0
1712000883 850174114 0
1712000883 204772314 0
1712000885 204772314 0
1712000885 850174114 0
1712000886 204772314 0
1712000887 204772314 0
1712000887 850174114 0
1712000888 204772314 0
1712000889 850174114 0
1712000889 204772314 0
1712000891 204772314 0
1712000891 850174114 0
1712000892 204772314 0
1712000893 204772314 0
1712000893 850174114 0
1712000894 204772314 0
1712000895 850174114 0
1712000895 204772314 0
1712000896 204772314 0
1712000897 850174114 0
1712000898 204772314 0
1712000899 204772314 0
1712000899 850174114 0
1712000900 204772314 0
1712000901 850174114 0
1712000901 204772314 0
1712000902 204772314 0
1712000903 850174114 0
1712000904 204772314 0
1712000905 204772314 0
1712000905 850174114 0
1712000906 204772314 0
1712000907 850174114 0
1712000907 204772314 0
1712000908 204772314 0
1712000909 850174114 0
1712000909 204772314 0
1712000911 204772314 0
1712000911 850174114 0
1712000912 204772314 0
1712000913 204772314 0
1712000913 850174114 0
1712000914 204772314 0
1712000915 850174114 0
1712000915 204772314 0
1712000917 204772314 0
1712000917 850174114 0
1712000918 204772314 0
1712000919 204772314 0
1712000919 850174114 0
1712000920 204772314 0
1712000921 850174114 0
1712000921 204772314 0
1712000923 204772314 0
1712000923 850174114 0
1712000924 204772314 0
1712000925 204772314 0
1712000925 850174114 0
1712000926 204772314 0
1712000927 850174114 0
1712000927 204772314 0
1712000928 204772314 0
1712000929 850174114 0
1712000930 204772314 0
1712000931 204772314 0
1712000931 850174114 0
1712000932 204772314 0
1712000933 204772314 0
1712000933 850174114 0
1712000934 204772314 0
1712000935 850174114 0
1712000935 204772314 0
1712000937 204772314 0
1712000937 850174114 0
1712000938 204772314 0
1712000939 204772314 0
1712000939 850174114 0
1712000940 204772314 0
1712000941 850174114 0
1712000942 204772314 0
1712000943 850174114 0
1712000943 204772314 0
1712000944 204772314 0
1712000945 850174114 0
1712000946 204772314 0
1712000947 204772314 0
1712000947 850174114 0
1712000948 204772314 0
1712000949 204772314 0
1712000949 850174114 0
1712000950 204772314 0
1712000951 850174114 0
1712000951 204772314 0
1712000953 204772314 0
1712000953 850174114 0
1712000954 204772314 0
1712000955 204772314 0
1712000955 850174114 0
1712000956 204772314 0
1712000957 850174114 0
1712000957 204772314 0
1712000958 204772314 0
1712000959 850174114 0
1712000960 204772314 0
1712000961 204772314 0
1712000961 850174114 0
1712000962 204772314 0
1712000963 204772314 0
1712000963 850174114 0
1712000964 204772314 0
1712000965 850174114 0
1712000965 204772314 0
1712000967 204772314 0
1712000967 850174114 0
1712000968 204772314 0
1712000969 204772314 0
1712000969 850174114 0
1712000970 204772314 0
1712000971 850174114 0
1712000971 204772314 0
1712000972 204772314 0
1712000973 850174114 0
1712000974 204772314 0
1712000975 204772314 0
1712000975 850174114 0
1712000976 204772314 0
1712000977 204772314 0
1712000977 850174114 0
1712000978 204772314 0
1712000979 850174114 0
1712000979 204772314 0
1712000981 204772314 0
1712000981 850174114 0
1712000982 204772314 0
1712000983 204772314 0
1712000983 850174114 0
1712000984 204772314 0
1712000985 850174114 0
1712000985 204772314 0
1712000987 204772314 0
1712000987 850174114 0
1712000988 204772314 0
1712000989 204772314 0
1712000989 850174114 0
1712000990 204772314 0
1712000991 850174114 0
1712000992 204772314 0
1712000993 204772314 0
1712000993 850174114 0
1712000994 204772314 0
1712000995 204772314 0
1712000995 850174114 0
1712000996 204772314 0
1712000997 850174114 0
1712000997 204772314 0
1712000999 204772314 0
1712000999 850174114 0
1712001000 204772314 0
1712001001 204772314 0
1712001001 850174114 0
1712001002 204772314 0
1712001003 850174114 0
1712001003 204772314 0
1712001005 204772314 0
1712001005 850174114 0
1712001006 204772314 0
1712001007 204772314 0
1712001007 850174114 0
1712001008 204772314 0
1712001009 850174114 0
1712001009 204772314 0
1712001011 204772314 0
1712001011 850174114 0
1712001012 204772314 0
1712001013 850174114 0
1712001013 204772314 0
1712001015 204772314 0
1712001015 850174114 0
1712001016 204772314 0
1712001017 204772314 0
1712001017 850174114 0
1712001018 204772314 0
1712001019 850174114 0
1712001019 204772314 0
1712001021 204772314 0
1712001021 850174114 0
1712001022 204772314 0
1712001023 204772314 0
1712001023 850174114 0
1712001024 204772314 0
1712001025 850174114 0
1712001025 204772314 0
1712001026 204772314 0
1712001027 850174114 0
1712001028 204772314 0
1712001029 204772314 0
1712001029 850174114 0
1712001030 204772314 0
1712001031 204772314 0
1712001031 850174114 0
1712001032 204772314 0
1712001033 850174114 0
1712001033 204772314 0
1712001035 204772314 0
1712001035 850174114 0
1712001036 204772314 0
1712001037 204772314 0
1712001037 850174114 0
1712001038 204772314 0
1712001039 850174114 0
1712001039 204772314 0
1712001040 204772314 0
1712001041 850174114 0
1712001042 204772314 0
1712001043 204772314 0
1712001043 850174114 0
1712001044 204772314 0
1712001045 850174114 0
1712001045 204772314 0
1712001046 204772314 0
1712001047 850174114 0
1712001047 204772314 0
1712001049 204772314 0
1712001049 850174114 0
1712001050 204772314 0
1712001051 850174114 0
1712001051 204772314 0
1712001052 204772314 0
1712001053 850174114 0
1712001054 204772314 0
1712001055 204772314 0
1712001055 850174114 0
1712001056 204772314 0
1712001057 850174114 0
1712001057 204772314 0
1712001058 204772314 0
1712001059 850174114 0
1712001060 204772314 0
1712001061 850174114 0
1712001063 204772314 0
1712001063 850174114 0
1712001064 204772314 0
1712001065 204772314 0
1712001065 850174114 0
1712001066 204772314 0
1712001067 850174114 0
1712001067 204772314 0
1712001069 204772314 0
1712001069 850174114 0
1712001070 204772314 0
1712001071 850174114 0
1712001071 204772314 0
1712001072 204772314 0
1712001073 850174114 0
1712001073 204772314 0
1712001075 204772314 0
1712001075 850174114 0
1712001076 204772314 0
1712001077 204772314 0
1712001077 850174114 0
1712001078 204772314 0
1712001079 850174114 0
1712001079 204772314 0
1712001081 204772314 0
1712001081 850174114 0
1712001082 204772314 0
1712001083 204772314 0
1712001083 850174114 0
1712001084 204772314 0
1712001085 850174114 0
1712001085 204772314 0
1712001086 204772314 0
1712001087 850174114 0
1712001088 204772314 0
1712001089 204772314 0
1712001089 850174114 0
1712001090 204772314 0
1712001091 850174114 0
1712001091 204772314 0
1712001092 204772314 0
1712001093 850174114 0
1712001094 204772314 0
1712001095 204772314 0
1712001095 850174114 0
1712001096 204772314 0
1712001097 850174114 0
1712001097 204772314 0
1712001098 204772314 0
1712001099 850174114 0
1712001100 204772314 0
1712001101 204772314 0
1712001101 850174114 0
1712001102 204772314 0
1712001103 204772314 0
1712001103 850174114 0
1712001104 204772314 0
1712001105 850174114 0
1712001105 204772314 0
1712001107 204772314 0
1712001107 850174114 0
1712001108 204772314 0
1712001109 204772314 0
1712001110 850174114 0
1712001111 204772314 0
1712001112 204772314 0
1712001112 850174114 0
1712001113 204772314 0
1712001114 204772314 0
1712001114 850174114 0
1712001115 204772314 0
1712001116 850174114 0
1712001116 204772314 0
1712001118 204772314 0
1712001118 850174114 0
1712001119 204772314 0
1712001120 204772314 0
1712001120 850174114 0
1712001121 204772314 0
1712001122 850174114 0
1712001122 204772314 0
1712001123 204772314 0
1712001124 850174114 0
1712001125 204772314 0
1712001126 204772314 0
1712001126 850174114 0
1712001127 204772314 0
1712001128 204772314 0
1712001128 850174114 0
1712001129 204772314 0
1712001130 850174114 0
1712001130 204772314 0
1712001131 204772314 0
1712001132 850174114 0
1712001133 204772314 0
1712001134 204772314 0
1712001134 850174114 0
1712001135 204772314 0
1712001136 204772314 0
1712001136 850174114 0
1712001137 204772314 0
1712001138 850174114 0
1712001139 204772314 0
1712001140 204772314 0
1712001140 850174114 0
1712001141 204772314 0
1712001142 204772314 0
1712001142 850174114 0
1712001143 204772314 0
1712001144 850174114 0
1712001145 204772314 0
1712001146 204772314 0
1712001146 850174114 0
1712001147 204772314 0
1712001148 850174114 0
1712001148 204772314 0
1712001149 204772314 0
1712001150 850174114 0
1712001151 204772314 0
1712001152 204772314 0
1712001152 850174114 0
1712001153 204772314 0
1712001154 850174114 0
1712001154 204772314 0
1712001156 204772314 0
1712001156 850174114 0
1712001157 204772314 0
1712001158 204772314 0
1712001158 850174114 0
1712001159 204772314 0
1712001160 850174114 0
1712001161 204772314 0
1712001162 204772314 0
1712001162 850174114 0
1712001163 204772314 0
1712001164 204772314 0
1712001164 850174114 0
1712001165 204772314 0
1712001166 850174114 0
1712001166 204772314 0
1712001168 204772314 0
1712001168 850174114 0
1712001169 204772314 0
1712001170 204772314 0
1712001170 850174114 0
1712001171 204772314 0
1712001172 850174114 0
1712001172 204772314 0
1712001173 204772314 0
1712001174 850174114 0
1712001175 204772314 0
1712001176 204772314 0
1712001176 850174114 0
1712001177 204772314 0
1712001178 850174114 0
1712001178 204772314 0
1712001180 204772314 0
1712001180 850174114 0
1712001181 204772314 0
1712001182 204772314 0
1712001182 850174114 0
1712001183 204772314 0
1712001184 850174114 0
1712001184 204772314 0
1712001186 204772314 0
1712001186 850174114 0
1712001187 204772314 0
1712001188 850174114 0
1712001188 204772314 0
1712001189 204772314 0
1712001190 850174114 0
1712001191 204772314 0
1712001192 204772314 0
1712001192 850174114 0
1712001193 204772314 0
1712001194 850174114 0
1712001194 204772314 0
1712001195 204772314 0
1712001196 850174114 0
1712001196 204772314 0
1712001198 204772314 0
1712001198 850174114 0
1712001199 204772314 0
1712001200 204772314 0
1712001200 850174114 0
1712001201 204772314 0
1712001202 850174114 0
1712001202 204772314 0
1712001204 204772314 0
1712001204 850174114 0
1712001205 204772314 0
1712001206 204772314 0
1712001206 850174114 0
1712001207 204772314 0
1712001208 850174114 0
1712001208 204772314 0
1712001210 204772314 0
1712001210 850174114 0
1712001211 204772314 0
1712001212 204772314 0
1712001212 850174114 0
1712001213 204772314 0
1712001214 850174114 0
1712001214 204772314 0
1712001215 204772314 0
1712001216 850174114 0
1712001217 204772314 0
1712001218 204772314 0
1712001219 850174114 0
1712001219 204772314 0
1712001220 204772314 0
1712001221 850174114 0
1712001221 204772314 0
1712001223 204772314 0
1712001223 850174114 0
1712001224 204772314 0
1712001225 204772314 0
1712001226 850174114 0
1712001227 204772314 0
1712001228 204772314 0
1712001228 850174114 0
1712001229 204772314 0
1712001230 204772314 0
1712001230 850174114 0
1712001231 204772314 0
1712001233 204772314 0
1712001233 850174114 0
1712001234 204772314 0
1712001235 204772314 0
1712001235 850174114 0
1712001236 204772314 0
1712001237 850174114 0
1712001237 204772314 0
1712001239 204772314 0
1712001239 850174114 0
1712001240 204772314 0
1712001241 204772314 0
1712001241 850174114 0
1712001242 204772314 0
1712001243 850174114 0
1712001244 204772314 0
1712001245 204772314 0
1712001245 850174114 0
1712001245 903580650 0
1712001246 204772314 0
1712001247 903580650 0
1712001247 204772314 0
1712001247 850174114 0
1712001248 204772314 0
1712001249 903580650 0
1712001249 850174114 0
1712001249 204772314 0
1712001251 204772314 0
1712001251 903580650 0
1712001251 850174114 0
1712001252 204772314 0
1712001253 204772314 0
1712001253 903580650 0
1712001253 850174114 0
1712001254 204772314 0
1712001255 903580650 0
1712001255 850174114 0
1712001255 204772314 0
1712001256 204772314 0
1712001257 903580650 0
1712001257 850174114 0
1712001258 204772314 0
1712001259 204772314 0
1712001259 903580650 0
1712001259 850174114 0
1712001260 204772314 0
1712001261 903580650 0
1712001261 204772314 0
1712001261 850174114 0
1712001262 204772314 0
1712001263 903580650 0
1712001263 850174114 0
1712001263 204772314 0
1712001265 204772314 0
1712001265 903580650 0
1712001265 850174114 0
1712001266 204772314 0
1712001267 903580650 0
1712001267 204772314 0
1712001267 850174114 0
1712001268 204772314 0
1712001269 903580650 0
1712001269 850174114 0
1712001269 204772314 0
1712001271 204772314 0
1712001271 903580650 0
1712001271 850174114 0
1712001272 204772314 0
1712001273 204772314 0
1712001273 903580650 0
1712001273 850174114 0
1712001274 204772314 0
1712001275 903580650 0
1712001275 850174114 0
1712001275 204772314 0
1712001276 204772314 0
1712001277 903580650 0
1712001277 850174114 0
1712001278 204772314 0
1712001279 204772314 0
1712001279 903580650 0
1712001279 850174114 0
1712001280 204772314 0
1712001281 903580650 0
1712001281 204772314 0
1712001281 850174114 0
1712001282 204772314 0
1712001283 903580650 0
1712001283 850174114 0
1712001284 204772314 0
1712001285 204772314 0
1712001285 850174114 0
1712001285 903580650 0
1712001286 204772314 0
1712001287 903580650 0
1712001287 850174114 0
1712001287 204772314 0
1712001288 204772314 0
1712001289 903580650 0
1712001289 850174114 0
1712001290 204772314 0
1712001291 903580650 0
1712001291 204772314 0
1712001291 850174114 0
1712001292 204772314 0
1712001293 903580650 0
1712001293 850174114 0
1712001293 204772314 0
1712001294 204772314 0
1712001295 903580650 0
1712001295 850174114 0
1712001296 204772314 0
1712001297 204772314 0
1712001297 850174114 0
1712001298 204772314 0
1712001299 850174114 0
1712001299 204772314 0
1712001300 204772314 0
1712001301 850174114 0
1712001302 204772314 0
1712001303 204772314 0
1712001303 850174114 0
1712001304 204772314 0
1712001305 204772314 0
1712001305 850174114 0
1712001306 204772314 0
1712001307 850174114 0
1712001307 204772314 0
1712001309 204772314 0
1712001309 850174114 0
1712001310 204772314 0
1712001311 204772314 0
1712001311 850174114 0
1712001312 204772314 0
1712001313 850174114 0
1712001313 204772314 0
1712001315 850174114 0
1712001316 204772314 0
1712001317 204772314 0
1712001317 850174114 0
1712001318 204772314 0
1712001319 204772314 0
1712001319 850174114 0
1712001320 204772314 0
1712001321 850174114 0
1712001321 204772314 0
1712001323 204772314 0
1712001323 850174114 0
1712001324 204772314 0
1712001325 204772314 0
1712001325 850174114 0
1712001326 204772314 0
1712001327 850174114 0
1712001328 204772314 0
1712001329 204772314 0
1712001329 850174114 0
1712001330 204772314 0
1712001331 850174114 0
1712001331 204772314 0
1712001333 204772314 0
1712001333 850174114 0
1712001334 204772314 0
1712001335 204772314 0
1712001335 850174114 0
1712001336 204772314 0
1712001337 850174114 0
1712001337 204772314 0
1712001339 204772314 0
1712001339 850174114 0
1712001341 204772314 0
1712001341 850174114 0
1712001342 204772314 0
1712001343 204772314 0
1712001343 850174114 0
1712001344 204772314 0
1712001345 850174114 0
1712001345 204772314 0
1712001347 204772314 0
1712001347 850174114 0
1712001348 204772314 0
1712001349 204772314 0
1712001349 850174114 0
1712001350 204772314 0
1712001351 850174114 0
1712001351 204772314 0
1712001352 204772314 0
1712001353 850174114 0
1712001354 204772314 0
1712001355 204772314 0
1712001355 850174114 0
1712001356 204772314 0
1712001357 204772314 0
1712001357 850174114 0
1712001358 204772314 0
1712001359 850174114 0
1712001360 204772314 0
1712001361 204772314 0
1712001361 850174114 0
1712001362 204772314 0
1712001363 850174114 0
1712001363 204772314 0
1712001365 204772314 0
1712001365 850174114 0
1712001366 204772314 0
1712001367 850174114 0
1712001367 204772314 0
1712001368 204772314 0
1712001369 850174114 0
1712001370 204772314 0
1712001371 204772314 0
1712001371 850174114 0
1712001372 204772314 0
1712001373 850174114 0
1712001373 204772314 0
1712001374 204772314 0
1712001375 850174114 0
1712001376 204772314 0
1712001377 204772314 0
1712001377 850174114 0
1712001378 204772314 0
1712001379 850174114 0
1712001379 204772314 0
1712001380 204772314 0
1712001381 850174114 0
1712001382 204772314 0
1712001383 204772314 0
1712001383 850174114 0
1712001384 204772314 0
1712001385 204772314 0
1712001385 850174114 0
1712001386 204772314 0
1712001387 850174114 0
1712001387 204772314 0
1712001389 204772314 0
1712001389 850174114 0
1712001390 204772314 0
1712001391 204772314 0
1712001391 850174114 0
1712001392 204772314 0
1712001393 850174114 0
1712001393 204772314 0
1712001395 204772314 0
1712001395 850174114 0
1712001396 204772314 0
1712001397 850174114 0
1712001397 204772314 0
1712001399 204772314 0
1712001399 850174114 0
1712001400 204772314 0
1712001401 204772314 0
1712001401 850174114 0
1712001402 204772314 0
1712001403 850174114 0
1712001403 204772314 0
1712001405 204772314 0
1712001405 850174114 0
1712001406 204772314 0
1712001407 204772314 0
1712001407 850174114 0
1712001408 204772314 0
1712001409 850174114 0
1712001409 204772314 0
1712001410 204772314 0
1712001411 850174114 0
1712001412 204772314 0
1712001413 204772314 0
1712001413 850174114 0
1712001414 204772314 0
1712001415 204772314 0
1712001415 850174114 0
1712001416 204772314 0
1712001417 850174114 0
1712001417 204772314 0
1712001419 204772314 0
1712001419 850174114 0
1712001420 204772314 0
1712001421 204772314 0
1712001421 850174114 0
1712001422 204772314 0
1712001423 850174114 0
1712001423 204772314 0
1712001425 204772314 0
1712001425 850174114 0
1712001426 204772314 0
1712001427 204772314 0
1712001427 850174114 0
1712001428 204772314 0
1712001429 850174114 0
1712001429 204772314 0
1712001430 204772314 0
1712001432 204772314 0
1712001432 850174114 0
1712001433 204772314 0
1712001434 204772314 0
1712001434 850174114 0
1712001435 204772314 0
1712001436 850174114 0
1712001436 204772314 0
1712001437 204772314 0
1712001438 850174114 0
1712001439 204772314 0
1712001440 204772314 0
1712001440 850174114 0
1712001441 204772314 0
1712001442 850174114 0
1712001442 204772314 0
1712001444 204772314 0
1712001444 850174114 0
1712001445 204772314 0
1712001446 850174114 0
1712001446 204772314 0
1712001448 204772314 0
1712001448 850174114 0
1712001449 204772314 0
1712001450 204772314 0
1712001450 850174114 0
1712001451 204772314 0
1712001452 850174114 0
1712001452 204772314 0
1712001454 204772314 0
1712001454 850174114 0
1712001455 204772314 0
1712001456 204772314 0
1712001456 850174114 0
1712001457 204772314 0
1712001458 850174114 0
1712001458 204772314 0
1712001460 204772314 0
1712001460 850174114 0
1712001461 204772314 0
1712001462 204772314 0
1712001462 850174114 0
1712001463 204772314 0
1712001464 850174114 0
1712001465 204772314 0
1712001466 204772314 0
1712001466 850174114 0
1712001467 204772314 0
1712001468 850174114 0
1712001468 204772314 0
1712001469 204772314 0
1712001470 850174114 0
1712001471 204772314 0
1712001472 204772314 0
1712001472 850174114 0
1712001473 204772314 0
1712001474 204772314 0
1712001475 850174114 0
1712001476 204772314 0
1712001477 850174114 0
1712001477 204772314 0
1712001478 204772314 0
1712001479 850174114 0
1712001480 204772314 0
1712001481 204772314 0
1712001481 850174114 0
1712001482 204772314 0
1712001483 850174114 0
1712001483 204772314 0
1712001484 204772314 0
1712001485 850174114 0
1712001485 204772314 0
1712001487 204772314 0
1712001487 850174114 0
1712001488 204772314 0
1712001489 204772314 0
1712001489 850174114 0
1712001490 204772314 0
1712001491 850174114 0
1712001491 204772314 0
1712001492 204772314 0
1712001493 850174114 0
1712001494 204772314 0
1712001495 204772314 0
1712001495 850174114 0
1712001496 204772314 0
1712001497 850174114 0
1712001497 204772314 0
1712001498 204772314 0
1712001499 850174114 0
1712001500 204772314 0
1712001501 204772314 0
1712001501 850174114 0
1712001502 204772314 0
1712001503 850174114 0
1712001503 204772314 0
1712001504 204772314 0
1712001505 850174114 0
1712001506 204772314 0
1712001507 204772314 0
1712001507 850174114 0
1712001508 204772314 0
1712001509 204772314 0
1712001509 850174114 0
1712001510 204772314 0
1712001511 850174114 0
1712001511 204772314 0
1712001513 204772314 0
1712001513 850174114 0
1712001514 204772314 0
1712001515 204772314 0
1712001515 850174114 0
1712001516 204772314 0
1712001517 850174114 0
1712001517 204772314 0
1712001518 204772314 0
1712001519 850174114 0
1712001520 204772314 0
1712001521 204772314 0
1712001521 850174114 0
1712001522 204772314 0
1712001523 850174114 0
1712001523 204772314 0
1712001524 204772314 0
1712001525 850174114 0
1712001526 204772314 0
1712001527 204772314 0
1712001527 850174114 0
1712001528 204772314 0
1712001529 204772314 0
1712001529 850174114 0
1712001530 204772314 0
1712001531 850174114 0
1712001532 204772314 0
1712001533 204772314 0
1712001533 850174114 0
1712001534 204772314 0
1712001535 850174114 0
1712001535 204772314 0
1712001537 204772314 0
1712001537 850174114 0
1712001538 204772314 0
1712001539 204772314 0
1712001539 850174114 0
1712001540 204772314 0
1712001541 850174114 0
1712001541 204772314 0
1712001542 204772314 0
1712001543 850174114 0
1712001544 204772314 0
1712001545 204772314 0
1712001545 850174114 0
1712001546 204772314 0
1712001547 204772314 0
1712001547 850174114 0
1712001548 204772314 0
1712001549 850174114 0
1712001549 204772314 0
1712001551 204772314 0
1712001551 850174114 0
1712001552 204772314 0
1712001553 204772314 0
1712001553 850174114 0
1712001554 204772314 0
1712001555 850174114 0
1712001555 204772314 0
1712001557 204772314 0
1712001557 850174114 0
1712001558 204772314 0
1712001559 204772314 0
1712001559 850174114 0
1712001560 204772314 0
1712001561 850174114 0
1712001561 204772314 0
1712001562 204772314 0
1712001563 850174114 0
1712001564 204772314 0
1712001565 204772314 0
1712001565 850174114 0
1712001566 204772314 0
1712001567 204772314 0
1712001567 850174114 0
1712001568 204772314 0
1712001569 850174114 0
1712001569 204772314 0
1712001571 204772314 0
1712001571 850174114 0
1712001572 204772314 0
1712001573 850174114 0
1712001573 204772314 0
1712001574 204772314 0
1712001575 850174114 0
1712001575 204772314 0
1712001577 204772314 0
1712001577 850174114 0
1712001578 204772314 0
1712001579 204772314 0
1712001579 850174114 0
1712001580 204772314 0
1712001581 850174114 0
1712001581 204772314 0
1712001583 204772314 0
1712001583 850174114 0
1712001584 204772314 0
1712001585 204772314 0
1712001585 850174114 0
1712001587 204772314 0
1712001587 850174114 0
1712001588 204772314 0
1712001589 204772314 0
1712001589 850174114 0
1712001590 204772314 0
1712001591 850174114 0
1712001591 204772314 0
1712001592 204772314 0
1712001593 850174114 0
1712001594 204772314 0
1712001595 204772314 0
1712001595 850174114 0
1712001596 204772314 0
1712001597 204772314 0
1712001597 850174114 0
1712001598 204772314 0
1712001599 850174114 0
1712001599 204772314 0
1712001601 204772314 0
1712001601 850174114 0
1712001602 204772314 0
1712001603 204772314 0
1712001603 850174114 0
1712001604 204772314 0
1712001605 850174114 0
1712001605 204772314 0
1712001607 204772314 0
1712001607 850174114 0
1712001608 204772314 0
1712001609 204772314 0
1712001609 850174114 0
1712001610 204772314 0
1712001611 850174114 0
1712001611 204772314 0
1712001613 204772314 0
1712001613 850174114 0
1712001614 204772314 0
1712001615 204772314 0
1712001615 850174114 0
1712001616 204772314 0
1712001617 850174114 0
1712001617 204772314 0
1712001618 204772314 0
1712001619 850174114 0
1712001620 204772314 0
1712001621 204772314 0
1712001621 850174114 0
1712001622 204772314 0
1712001623 850174114 0
1712001623 204772314 0
1712001624 204772314 0
1712001625 850174114 0
1712001625 204772314 0
1712001627 204772314 0
1712001627 850174114 0
1712001628 204772314 0
1712001629 204772314 0
1712001629 850174114 0
1712001630 204772314 0
1712001631 850174114 0
1712001631 204772314 0
1712001633 204772314 0
1712001633 850174114 0
1712001634 204772314 0
1712001635 204772314 0
1712001635 850174114 0
1712001636 204772314 0
1712001637 204772314 0
1712001639 204772314 0
1712001640 204772314 0
1712001641 204772314 0
1712001642 204772314 0
1712001643 204772314 0
1712001644 204772314 0
1712001646 204772314 0
1712001647 204772314 0
1712001648 204772314 0
1712001649 204772314 0
1712001650 204772314 0
1712001651 204772314 0
1712001653 204772314 0
1712001654 204772314 0
1712001655 204772314 0
1712001656 204772314 0
1712001657 204772314 0
1712001658 204772314 0
1712001660 204772314 0
1712001661 204772314 0
1712001662 204772314 0
1712001663 204772314 0
1712001665 204772314 0
1712001666 204772314 0
1712001667 204772314 0
1712001668 204772314 0
1712001669 204772314 0
1712001671 204772314 0
1712001672 204772314 0
1712001675 204772314 0
1712001677 204772314 0
1712001679 204772314 0
1712001680 204772314 0
1712001681 204772314 0
1712001682 204772314 0
1712001683 204772314 0
1712001685 204772314 0
1712001686 204772314 0
1712001687 204772314 0
1712001688 204772314 0
1712001689 204772314 0
1712001690 204772314 0
1712001692 204772314 0
1712001693 204772314 0
1712001694 204772314 0
1712001694 850174114 0
1712001695 204772314 0
1712001696 850174114 0
1712001696 204772314 0
1712001698 204772314 0
1712001698 850174114 0
1712001699 204772314 0
1712001700 204772314 0
1712001700 850174114 0
1712001701 204772314 0
1712001702 204772314 0
1712001704 204772314 0
1712001705 204772314 0
1712001706 204772314 0
1712001707 204772314 0
1712001708 204772314 0
1712001710 204772314 0
1712001711 204772314 0
1712001712 204772314 0
1712001713 204772314 0
1712001714 204772314 0
1712001716 204772314 0
1712001717 204772314 0
1712001718 204772314 0
1712001719 204772314 0
1712001721 204772314 0
1712001722 204772314 0
1712001723 204772314 0
1712001724 204772314 0
1712001725 204772314 0
1712001726 204772314 0
1712001727 204772314 0
1712001729 204772314 0
1712001730 204772314 0
1712001731 204772314 0
1712001732 204772314 0
1712001733 204772314 0
1712001735 204772314 0
1712001736 204772314 0
1712001737 204772314 0
1712001738 204772314 0
1712001739 204772314 0
1712001741 204772314 0
1712001742 204772314 0
1712001743 204772314 0
1712001744 204772314 0
1712001745 204772314 0
1712001747 204772314 0
1712001748 204772314 0
1712001749 204772314 0
1712001750 204772314 0
1712001752 204772314 0
1712001753 204772314 0
1712001754 204772314 0
1712001756 204772314 0
1712001757 204772314 0
1712001758 204772314 0
1712001759 204772314 0
1712001760 204772314 0
1712001762 204772314 0
1712001763 204772314 0
1712001764 204772314 0
1712001765 204772314 0
1712001766 204772314 0
1712001768 204772314 0
1712001769 204772314 0
1712001771 204772314 0
1712001772 204772314 0
1712001773 204772314 0
1712001775 204772314 0
1712001776 204772314 0
1712001777 204772314 0
1712001778 204772314 0
1712001780 204772314 0
1712001781 204772314 0
1712001782 204772314 0
1712001783 204772314 0
1712001784 204772314 0
1712001785 204772314 0
1712001787 204772314 0
1712001788 204772314 0
1712001789 204772314 0
1712001790 204772314 0
1712001792 204772314 0
1712001793 204772314 0
1712001794 204772314 0
1712001795 204772314 0
1712001796 204772314 0
1712001798 204772314 0
1712001799 204772314 0
1712001800 204772314 0
1712001801 204772314 0
1712001802 204772314 0
1712001804 204772314 0
1712001805 204772314 0
1712001806 204772314 0
1712001807 204772314 0
1712001808 204772314 0
1712001809 204772314 0
1712001811 204772314 0
1712001812 204772314 0
1712001813 204772314 0
1712001814 204772314 0
1712001815 204772314 0
1712001817 204772314 0
1712001818 204772314 0
1712001819 204772314 0
1712001820 204772314 0
1712001822 204772314 0
1712001823 204772314 0
1712001824 204772314 0
1712001825 204772314 0
1712001827 204772314 0
1712001828 204772314 0
1712001829 204772314 0
1712001830 204772314 0
1712001831 204772314 0
1712001833 204772314 0
1712001834 204772314 0
1712001835 204772314 0
1712001836 204772314 0
1712001838 204772314 0
1712001840 204772314 0
1712001841 204772314 0
1712001842 204772314 0
1712001843 204772314 0
1712001844 204772314 0
1712001846 204772314 0
1712001847 204772314 0
1712001848 204772314 0
1712001849 204772314 0
1712001850 204772314 0
1712001852 204772314 0
1712001853 204772314 0
1712001854 204772314 0
1712001855 204772314 0
1712001856 204772314 0
1712001857 204772314 0
1712001859 204772314 0
1712001860 204772314 0
1712001861 204772314 0
1712001862 204772314 0
1712001864 204772314 0
1712001865 204772314 0
1712001866 204772314 0
1712001867 204772314 0
1712001869 204772314 0
1712001870 204772314 0
1712001871 850174114 0
1712001871 204772314 0
1712001872 204772314 0
1712001873 850174114 0
1712001873 204772314 0
1712001875 850174114 0
1712001875 204772314 0
1712001876 204772314 0
1712001877 850174114 0
1712001877 204772314 0
1712001879 204772314 0
1712001879 850174114 0
1712001880 204772314 0
1712001881 850174114 0
1712001881 204772314 0
1712001882 204772314 0
1712001883 204772314 0
1712001884 850174114 0
1712001885 204772314 0
1712001886 850174114 0
1712001886 204772314 0
1712001887 204772314 0
1712001888 850174114 0
1712001888 204772314 0
1712001889 204772314 0
1712001890 850174114 0
1712001891 204772314 0
1712001892 850174114 0
1712001892 204772314 0
1712001893 204772314 0
1712001894 850174114 0
1712001895 204772314 0
1712001896 850174114 0
1712001896 204772314 0
1712001897 204772314 0
1712001898 850174114 0
1712001898 204772314 0
1712001899 204772314 0
1712001900 850174114 0
1712001901 204772314 0
1712001902 850174114 0
1712001902 204772314 0
1712001903 204772314 0
1712001904 850174114 0
1712001904 204772314 0
1712001906 204772314 0
1712001906 850174114 0
1712001907 204772314 0
1712001908 850174114 0
1712001908 204772314 0
1712001909 204772314 0
1712001910 850174114 0
1712001910 204772314 0
1712001912 850174114 0
1712001912 204772314 0
1712001914 850174114 0
1712001914 204772314 0
1712001915 204772314 0
1712001916 850174114 0
1712001916 204772314 0
1712001917 204772314 0
1712001918 850174114 0
1712001918 204772314 0
1712001920 850174114 0
1712001920 204772314 0
1712001921 204772314 0
1712001922 850174114 0
1712001922 204772314 0
1712001923 204772314 0
1712001924 850174114 0
1712001924 204772314 0
1712001926 204772314 0
1712001926 850174114 0
1712001927 204772314 0
1712001928 850174114 0
1712001928 204772314 0
1712001930 850174114 0
1712001930 204772314 0
1712001931 204772314 0
1712001932 850174114 0
1712001932 204772314 0
1712001933 204772314 0
1712001934 850174114 0
1712001934 204772314 0
1712001936 850174114 0
1712001936 204772314 0
1712001937 204772314 0
1712001938 850174114 0
1712001938 204772314 0
1712001939 204772314 0
1712001940 850174114 0
1712001941 204772314 0
1712001942 850174114 0
1712001942 204772314 0
1712001943 204772314 0
1712001944 204772314 0
1712001945 850174114 0
1712001946 204772314 0
1712001947 850174114 0
1712001947 204772314 0
1712001948 204772314 0
1712001949 850174114 0
1712001949 204772314 0
1712001951 204772314 0
1712001951 850174114 0
1712001952 204772314 0
1712001953 850174114 0
1712001953 204772314 0
1712001954 204772314 0
1712001955 850174114 0
1712001955 204772314 0
1712001957 204772314 0
1712001957 850174114 0
1712001958 204772314 0
1712001959 850174114 0
1712001959 204772314 0
1712001960 204772314 0
1712001961 850174114 0
1712001961 204772314 0
1712001962 204772314 0
1712001963 850174114 0
1712001964 204772314 0
1712001965 850174114 0
1712001965 204772314 0
1712001966 204772314 0
1712001967 850174114 0
1712001967 204772314 0
1712001969 204772314 0
1712001969 850174114 0
1712001970 204772314 0
1712001971 850174114 0
1712001971 204772314 0
1712001972 204772314 0
1712001973 850174114 0
1712001974 204772314 0
1712001975 850174114 0
1712001975 204772314 0
1712001976 204772314 0
1712001977 850174114 0
1712001977 204772314 0
1712001978 204772314 0
1712001979 850174114 0
1712001980 204772314 0
1712001981 850174114 0
1712001981 204772314 0
1712001982 204772314 0
1712001983 850174114 0
1712001983 204772314 0
1712001984 204772314 0
1712001985 850174114 0
1712001986 204772314 0
1712001987 850174114 0
1712001987 204772314 0
1712001988 204772314 0
1712001989 850174114 0
1712001989 204772314 0
1712001991 204772314 0
1712001991 850174114 0
1712001992 204772314 0
1712001993 850174114 0
1712001993 204772314 0
1712001994 204772314 0
1712001995 850174114 0
1712001995 204772314 0
1712001997 204772314 0
1712001997 850174114 0
1712001998 204772314 0
1712001999 850174114 0
1712001999 204772314 0
1712002001 204772314 0
1712002001 850174114 0
1712002002 204772314 0
1712002003 850174114 0
1712002003 204772314 0
1712002004 204772314 0
1712002005 850174114 0
1712002006 204772314 0
1712002007 850174114 0
1712002007 204772314 0
1712002008 204772314 0
1712002009 850174114 0
1712002009 204772314 0
1712002010 204772314 0
1712002011 850174114 0
1712002011 204772314 0
1712002013 850174114 0
1712002013 204772314 0
1712002014 204772314 0
1712002015 850174114 0
1712002015 204772314 0
1712002016 204772314 0
1712002017 850174114 0
1712002017 204772314 0
1712002019 850174114 0
1712002019 204772314 0
1712002020 204772314 0
1712002021 850174114 0
1712002021 204772314 0
1712002022 204772314 0
1712002023 850174114 0
1712002023 204772314 0
1712002025 850174114 0
1712002025 204772314 0
1712002026 204772314 0
1712002027 850174114 0
1712002027 204772314 0
1712002028 204772314 0
1712002029 850174114 0
1712002030 204772314 0
1712002031 850174114 0
1712002031 204772314 0
1712002032 204772314 0
1712002033 850174114 0
1712002034 204772314 0
1712002035 850174114 0
1712002035 204772314 0
1712002036 204772314 0
1712002037 850174114 0
1712002037 204772314 0
1712002038 204772314 0
1712002039 850174114 0
1712002040 204772314 0
1712002041 850174114 0
1712002041 204772314 0
1712002042 204772314 0
1712002043 850174114 0
1712002043 204772314 0
1712002044 204772314 0
1712002045 850174114 0
1712002045 204772314 0
1712002046 204772314 0
1712002047 850174114 0
1712002048 204772314 0
1712002049 850174114 0
1712002049 204772314 0
1712002050 204772314 0
1712002051 850174114 0
1712002051 204772314 0
1712002052 204772314 0
1712002053 850174114 0
1712002053 204772314 0
1712002055 850174114 0
1712002055 204772314 0
1712002056 204772314 0
1712002057 850174114 0
1712002057 204772314 0
1712002058 204772314 0
1712002059 850174114 0
1712002059 204772314 0
1712002061 204772314 0
1712002061 850174114 0
1712002062 204772314 0
1712002063 850174114 0
1712002063 204772314 0
1712002064 204772314 0
1712002065 850174114 0
1712002065 204772314 0
1712002067 850174114 0
1712002067 204772314 0
1712002068 204772314 0
1712002069 850174114 0
1712002069 204772314 0
1712002070 204772314 0
1712002071 850174114 0
1712002071 204772314 0
1712002073 850174114 0
1712002073 204772314 0
1712002074 204772314 0
1712002075 850174114 0
1712002075 204772314 0
1712002076 204772314 0
1712002077 850174114 0
1712002077 204772314 0
1712002078 204772314 0
1712002079 850174114 0
1712002080 204772314 0
1712002081 204772314 0
1712002082 850174114 0
1712002082 204772314 0
1712002084 850174114 0
1712002084 204772314 0
1712002085 204772314 0
1712002086 850174114 0
1712002086 204772314 0
1712002087 204772314 0
1712002088 850174114 0
1712002088 204772314 0
1712002090 204772314 0
1712002090 850174114 0
1712002091 204772314 0
1712002092 850174114 0
1712002092 204772314 0
1712002093 204772314 0
1712002094 850174114 0
1712002095 204772314 0
1712002096 850174114 0
1712002096 204772314 0
1712002097 204772314 0
1712002098 850174114 0
1712002098 204772314 0
1712002099 204772314 0
1712002100 850174114 0
1712002101 204772314 0
1712002102 850174114 0
1712002102 204772314 0
1712002103 204772314 0
1712002104 850174114 0
1712002104 204772314 0
1712002105 204772314 0
1712002106 850174114 0
1712002106 204772314 0
1712002108 204772314 0
1712002108 850174114 0
1712002109 204772314 0
1712002110 850174114 0
1712002110 204772314 0
1712002111 204772314 0
1712002112 850174114 0
1712002112 204772314 0
1712002113 204772314 0
1712002114 850174114 0
1712002115 204772314 0
1712002116 850174114 0
1712002116 204772314 0
1712002117 204772314 0
1712002118 850174114 0
1712002118 204772314 0
1712002119 204772314 0
1712002120 850174114 0
1712002121 204772314 0
1712002122 850174114 0
1712002122 204772314 0
1712002123 204772314 0
1712002124 850174114 0
1712002124 204772314 0
1712002126 204772314 0
1712002126 850174114 0
1712002127 204772314 0
1712002128 850174114 0
1712002128 204772314 0
1712002129 204772314 0
1712002130 850174114 0
1712002130 204772314 0
1712002131 204772314 0
1712002132 850174114 0
1712002132 204772314 0
1712002134 850174114 0
1712002134 204772314 0
1712002135 204772314 0
1712002136 850174114 0
1712002136 204772314 0
1712002137 204772314 0
1712002138 850174114 0
1712002139 204772314 0
1712002140 850174114 0
1712002140 204772314 0
1712002141 204772314 0
1712002142 850174114 0
1712002142 204772314 0
1712002143 204772314 0
1712002144 850174114 0
1712002144 204772314 0
1712002146 204772314 0
1712002146 850174114 0
1712002147 204772314 0
1712002148 850174114 0
1712002148 204772314 0
1712002149 204772314 0
1712002150 850174114 0
1712002150 204772314 0
1712002151 204772314 0
1712002152 850174114 0
1712002153 204772314 0
1712002154 850174114 0
1712002154 204772314 0
1712002155 204772314 0
1712002156 850174114 0
1712002156 204772314 0
1712002157 204772314 0
1712002158 850174114 0
1712002159 204772314 0
1712002160 850174114 0
1712002160 204772314 0
1712002161 204772314 0
1712002162 850174114 0
1712002162 204772314 0
1712002163 204772314 0
1712002164 850174114 0
1712002165 204772314 0
1712002166 850174114 0
1712002167 204772314 0
1712002168 850174114 0
1712002168 204772314 0
1712002169 204772314 0
1712002170 850174114 0
1712002170 204772314 0
1712002172 850174114 0
1712002172 204772314 0
1712002173 204772314 0
1712002174 850174114 0
1712002174 204772314 0
1712002175 204772314 0
1712002176 850174114 0
1712002176 204772314 0
1712002178 850174114 0
1712002178 204772314 0
1712002179 204772314 0
1712002180 850174114 0
1712002180 204772314 0
1712002181 204772314 0
1712002182 850174114 0
1712002182 204772314 0
1712002184 850174114 0
1712002184 204772314 0
1712002185 204772314 0
1712002186 850174114 0
1712002186 204772314 0
1712002187 204772314 0
1712002188 850174114 0
1712002188 204772314 0
1712002190 850174114 0
1712002190 204772314 0
1712002191 204772314 0
1712002192 850174114 0
1712002192 204772314 0
1712002193 204772314 0
1712002194 850174114 0
1712002194 204772314 0
1712002195 204772314 0
1712002196 850174114 0
1712002197 204772314 0
1712002198 850174114 0
1712002198 204772314 0
1712002199 204772314 0
1712002200 850174114 0
1712002200 204772314 0
1712002201 204772314 0
1712002202 850174114 0
1712002203 204772314 0
1712002204 850174114 0
1712002204 204772314 0
1712002205 204772314 0
1712002206 850174114 0
1712002206 204772314 0
1712002207 204772314 0
1712002208 850174114 0
1712002208 204772314 0
1712002210 204772314 0
1712002210 850174114 0
1712002211 204772314 0
1712002212 850174114 0
1712002212 204772314 0
1712002213 204772314 0
1712002214 850174114 0
1712002214 204772314 0
1712002215 204772314 0
1712002216 850174114 0
1712002216 204772314 0
1712002218 850174114 0
1712002218 204772314 0
1712002219 204772314 0
1712002220 850174114 0
1712002220 204772314 0
1712002221 204772314 0
1712002222 850174114 0
1712002222 204772314 0
1712002223 903580650 0
1712002223 204772314 0
1712002224 850174114 0
1712002225 903580650 0
1712002225 204772314 0
1712002226 204772314 0
1712002227 903580650 0
1712002227 850174114 0
1712002227 204772314 0
1712002228 204772314 0
1712002229 903580650 0
1712002229 850174114 0
1712002229 204772314 0
1712002231 903580650 0
1712002231 850174114 0
1712002231 204772314 0
1712002232 204772314 0
1712002233 903580650 0
1712002233 850174114 0
1712002233 204772314 0
1712002234 204772314 0
1712002235 903580650 0
1712002235 850174114 0
1712002235 204772314 0
1712002236 204772314 0
1712002237 850174114 0
1712002237 903580650 0
1712002238 204772314 0
1712002239 903580650 0
1712002239 850174114 0
1712002239 204772314 0
1712002240 204772314 0
1712002241 903580650 0
1712002241 850174114 0
1712002241 204772314 0
1712002243 204772314 0
1712002243 903580650 0
1712002243 850174114 0
1712002244 204772314 0
1712002245 850174114 0
1712002245 903580650 0
1712002245 204772314 0
1712002246 204772314 0
1712002247 903580650 0
1712002247 850174114 0
1712002248 204772314 0
1712002249 903580650 0
1712002249 850174114 0
1712002249 204772314 0
1712002250 204772314 0
1712002251 903580650 0
1712002251 850174114 0
1712002251 204772314 0
1712002253 204772314 0
1712002253 903580650 0
1712002253 850174114 0
1712002254 204772314 0
1712002255 903580650 0
1712002255 850174114 0
1712002255 204772314 0
1712002256 204772314 0
1712002257 903580650 0
1712002257 850174114 0
1712002257 204772314 0
1712002258 204772314 0
1712002259 903580650 0
1712002259 850174114 0
1712002260 204772314 0
1712002261 903580650 0
1712002261 850174114 0
1712002261 204772314 0
1712002262 204772314 0
1712002263 903580650 0
1712002263 850174114 0
1712002263 204772314 0
1712002264 204772314 0
1712002265 903580650 0
1712002265 850174114 0
1712002265 204772314 0
1712002267 903580650 0
1712002267 850174114 0
1712002267 204772314 0
1712002268 204772314 0
1712002269 850174114 0
1712002269 903580650 0
1712002269 204772314 0
1712002270 204772314 0
1712002271 850174114 0
1712002271 204772314 0
1712002273 204772314 0
1712002273 850174114 0
1712002274 204772314 0
1712002275 850174114 0
1712002275 204772314 0
1712002276 204772314 0
1712002277 850174114 0
1712002277 204772314 0
1712002279 204772314 0
1712002279 850174114 0
1712002280 204772314 0
1712002281 850174114 0
1712002282 204772314 0
1712002283 850174114 0
1712002283 204772314 0
1712002285 204772314 0
1712002285 850174114 0
1712002286 204772314 0
1712002287 850174114 0
1712002287 204772314 0
1712002288 204772314 0
1712002289 850174114 0
1712002289 204772314 0
1712002290 204772314 0
1712002291 850174114 0
1712002292 204772314 0
1712002293 850174114 0
1712002293 204772314 0
1712002294 204772314 0
1712002295 850174114 0
1712002295 204772314 0
1712002296 204772314 0
1712002297 850174114 0
1712002297 204772314 0
1712002299 850174114 0
1712002299 204772314 0
1712002300 204772314 0
1712002301 850174114 0
1712002301 204772314 0
1712002302 204772314 0
1712002303 850174114 0
1712002303 204772314 0
1712002304 204772314 0
1712002305 850174114 0
1712002306 204772314 0
1712002307 850174114 0
1712002307 204772314 0
1712002308 204772314 0
1712002309 850174114 0
1712002309 204772314 0
1712002310 204772314 0
1712002311 850174114 0
1712002312 204772314 0
1712002313 850174114 0
1712002313 204772314 0
1712002314 204772314 0
1712002315 850174114 0
1712002315 204772314 0
1712002317 204772314 0
1712002317 850174114 0
1712002318 204772314 0
1712002319 850174114 0
1712002319 204772314 0
1712002321 850174114 0
1712002321 204772314 0
1712002322 204772314 0
1712002323 850174114 0
1712002324 204772314 0
1712002325 850174114 0
1712002325 204772314 0
1712002326 204772314 0
1712002327 850174114 0
1712002327 204772314 0
1712002328 204772314 0
1712002329 850174114 0
1712002330 204772314 0
1712002331 850174114 0
1712002331 204772314 0
1712002332 204772314 0
1712002333 850174114 0
1712002333 204772314 0
1712002334 204772314 0
1712002335 850174114 0
1712002335 204772314 0
1712002337 850174114 0
1712002337 204772314 0
1712002338 204772314 0
1712002339 850174114 0
1712002339 204772314 0
1712002340 204772314 0
1712002341 850174114 0
1712002341 204772314 0
1712002343 850174114 0
1712002343 204772314 0
1712002344 204772314 0
1712002345 850174114 0
1712002345 204772314 0
1712002347 850174114 0
1712002348 204772314 0
1712002349 850174114 0
1712002349 204772314 0
1712002350 204772314 0
1712002351 850174114 0
1712002351 204772314 0
1712002353 850174114 0
1712002353 204772314 0
1712002355 850174114 0
1712002355 204772314 0
1712002356 204772314 0
1712002357 850174114 0
1712002357 204772314 0
1712002358 204772314 0
1712002359 850174114 0
1712002359 204772314 0
1712002361 850174114 0
1712002361 204772314 0
1712002362 204772314 0
1712002363 850174114 0
1712002363 204772314 0
1712002364 204772314 0
1712002365 850174114 0
1712002365 204772314 0
1712002367 850174114 0
1712002367 204772314 0
1712002368 204772314 0
1712002369 850174114 0
1712002369 204772314 0
1712002370 204772314 0
1712002371 850174114 0
1712002371 204772314 0
1712002372 204772314 0
1712002373 850174114 0
1712002374 204772314 0
1712002375 850174114 0
1712002375 204772314 0
1712002376 204772314 0
1712002377 850174114 0
1712002377 204772314 0
1712002379 204772314 0
1712002379 850174114 0
1712002380 204772314 0
1712002381 850174114 0
1712002381 204772314 0
1712002382 204772314 0
1712002383 850174114 0
1712002383 204772314 0
1712002385 850174114 0
1712002385 204772314 0
1712002386 204772314 0
1712002387 850174114 0
1712002387 204772314 0
1712002388 204772314 0
1712002389 850174114 0
1712002389 204772314 0
1712002390 204772314 0
1712002391 850174114 0
1712002392 204772314 0
1712002393 850174114 0
1712002393 204772314 0
1712002394 204772314 0
1712002395 850174114 0
1712002395 204772314 0
1712002396 204772314 0
1712002397 850174114 0
1712002397 204772314 0
1712002399 850174114 0
1712002399 204772314 0
1712002400 204772314 0
1712002401 850174114 0
1712002401 204772314 0
1712002402 204772314 0
1712002403 850174114 0
1712002403 204772314 0
1712002404 204772314 0
1712002405 850174114 0
1712002406 204772314 0
1712002407 850174114 0
1712002407 204772314 0
1712002408 204772314 0
1712002409 850174114 0
1712002409 204772314 0
1712002410 204772314 0
1712002411 850174114 0
1712002412 204772314 0
1712002413 850174114 0
1712002413 204772314 0
1712002414 204772314 0
1712002415 850174114 0
1712002415 204772314 0
1712002416 204772314 0
1712002417 850174114 0
1712002418 204772314 0
1712002419 850174114 0
1712002419 204772314 0
1712002420 204772314 0
1712002421 850174114 0
1712002421 204772314 0
1712002422 204772314 0
1712002423 850174114 0
1712002424 204772314 0
1712002425 850174114 0
1712002425 204772314 0
1712002426 204772314 0
1712002427 850174114 0
1712002427 204772314 0
1712002428 204772314 0
1712002429 850174114 0
1712002430 204772314 0
1712002431 850174114 0
1712002431 204772314 0
1712002432 204772314 0
1712002433 850174114 0
1712002433 204772314 0
1712002434 204772314 0
1712002435 850174114 0
1712002436 204772314 0
1712002437 850174114 0
1712002437 204772314 0
1712002438 204772314 0
1712002439 850174114 0
1712002439 204772314 0
1712002440 204772314 0
1712002441 850174114 0
1712002441 204772314 0
1712002443 204772314 0
1712002443 850174114 0
1712002444 204772314 0
1712002445 850174114 0
1712002445 204772314 0
1712002446 204772314 0
1712002447 850174114 0
1712002447 204772314 0
1712002449 850174114 0
1712002449 204772314 0
1712002450 204772314 0
1712002451 850174114 0
1712002451 204772314 0
1712002452 204772314 0
1712002453 850174114 0
1712002453 204772314 0
1712002454 204772314 0
1712002455 850174114 0
1712002456 204772314 0
1712002457 850174114 0
1712002457 204772314 0
1712002458 204772314 0
1712002459 850174114 0
1712002459 204772314 0
1712002460 204772314 0
1712002461 850174114 0
1712002461 204772314 0
1712002463 850174114 0
1712002463 204772314 0
1712002464 204772314 0
1712002465 850174114 0
1712002465 204772314 0
1712002466 204772314 0
1712002467 850174114 0
1712002468 204772314 0
1712002469 850174114 0
1712002469 204772314 0
1712002470 204772314 0
1712002471 850174114 0
1712002471 204772314 0
1712002472 204772314 0
1712002473 204772314 0
1712002474 850174114 0
1712002474 204772314 0
1712002476 850174114 0
1712002476 204772314 0
1712002477 204772314 0
1712002478 850174114 0
1712002478 204772314 0
1712002479 204772314 0
1712002480 850174114 0
1712002480 204772314 0
1712002482 204772314 0
1712002482 850174114 0
1712002483 204772314 0
1712002484 850174114 0
1712002484 204772314 0
1712002485 204772314 0
1712002486 850174114 0
1712002486 204772314 0
1712002487 204772314 0
1712002488 850174114 0
1712002489 204772314 0
1712002490 850174114 0
1712002490 204772314 0
1712002491 204772314 0
1712002492 850174114 0
1712002493 204772314 0
1712002494 850174114 0
1712002494 204772314 0
1712002496 204772314 0
1712002496 850174114 0
1712002497 204772314 0
1712002498 850174114 0
1712002498 204772314 0
1712002499 204772314 0
1712002500 850174114 0
1712002500 204772314 0
1712002501 204772314 0
1712002502 850174114 0
1712002502 204772314 0
1712002504 850174114 0
1712002504 204772314 0
1712002505 204772314 0
1712002506 850174114 0
1712002506 204772314 0
1712002507 204772314 0
1712002508 850174114 0
1712002508 204772314 0
1712002510 204772314 0
1712002510 850174114 0
1712002511 204772314 0
1712002512 850174114 0
1712002512 204772314 0
1712002513 204772314 0
1712002514 850174114 0
1712002514 204772314 0
1712002516 204772314 0
1712002516 850174114 0
1712002517 204772314 0
1712002518 850174114 0
1712002519 204772314 0
1712002520 850174114 0
1712002520 204772314 0
1712002521 204772314 0
1712002522 850174114 0
1712002523 204772314 0
1712002524 850174114 0
1712002524 204772314 0
1712002525 204772314 0
1712002526 850174114 0
1712002526 204772314 0
1712002527 204772314 0
1712002528 850174114 0
1712002529 204772314 0
1712002530 850174114 0
1712002530 204772314 0
1712002531 204772314 0
1712002532 850174114 0
1712002532 204772314 0
1712002533 204772314 0
1712002534 850174114 0
1712002534 204772314 0
1712002536 850174114 0
1712002536 204772314 0
1712002537 204772314 0
1712002538 850174114 0
1712002538 204772314 0
1712002539 204772314 0
1712002540 850174114 0
1712002541 204772314 0
1712002542 850174114 0
1712002542 204772314 0
1712002543 204772314 0
1712002544 850174114 0
1712002544 204772314 0
1712002545 204772314 0
1712002546 850174114 0
1712002547 204772314 0
1712002548 850174114 0
1712002548 204772314 0
1712002549 204772314 0
1712002550 850174114 0
1712002550 204772314 0
1712002551 204772314 0
1712002552 850174114 0
1712002552 204772314 0
1712002554 850174114 0
1712002554 204772314 0
1712002555 204772314 0
1712002556 850174114 0
1712002556 204772314 0
1712002557 204772314 0
1712002558 850174114 0
1712002558 204772314 0
1712002560 204772314 0
1712002560 850174114 0
1712002562 204772314 0
1712002562 850174114 0
1712002562 204772314 0
1712002563 204772314 0
1712002564 850174114 0
1712002564 204772314 0
1712002566 850174114 0
1712002566 204772314 0
1712002567 204772314 0
1712002568 850174114 0
1712002569 204772314 0
1712002570 850174114 0
1712002570 204772314 0
1712002572 204772314 0
1712002572 850174114 0
1712002573 204772314 0
1712002574 850174114 0
1712002574 204772314 0
1712002575 204772314 0
1712002576 850174114 0
1712002576 204772314 0
1712002578 850174114 0
1712002578 204772314 0
1712002579 204772314 0
1712002580 850174114 0
1712002580 204772314 0
1712002581 204772314 0
1712002582 850174114 0
1712002582 204772314 0
1712002583 204772314 0
1712002584 850174114 0
1712002585 204772314 0
1712002586 850174114 0
1712002586 204772314 0
1712002587 204772314 0
1712002588 850174114 0
1712002588 204772314 0
1712002589 204772314 0
1712002590 850174114 0
1712002591 204772314 0
1712002592 850174114 0
1712002592 204772314 0
1712002593 204772314 0
1712002594 850174114 0
1712002594 204772314 0
1712002595 204772314 0
1712002596 850174114 0
1712002596 204772314 0
1712002598 204772314 0
1712002598 850174114 0
1712002599 204772314 0
1712002600 850174114 0
1712002600 204772314 0
1712002601 204772314 0
1712002602 850174114 0
1712002602 204772314 0
1712002603 204772314 0
1712002604 850174114 0
1712002604 204772314 0
1712002606 850174114 0
1712002606 204772314 0
1712002607 204772314 0
1712002608 850174114 0
1712002608 204772314 0
1712002609 204772314 0
1712002610 850174114 0
1712002610 204772314 0
1712002611 204772314 0
1712002612 850174114 0
1712002613 204772314 0
1712002614 850174114 0
1712002614 204772314 0
1712002615 204772314 0
1712002616 850174114 0
1712002616 204772314 0
1712002618 204772314 0
1712002618 850174114 0
1712002619 204772314 0
1712002620 850174114 0
1712002620 204772314 0
1712002621 204772314 0
1712002622 850174114 0
1712002622 204772314 0
1712002624 850174114 0
1712002624 204772314 0
1712002625 204772314 0
1712002626 204772314 0
1712002627 850174114 0
1712002627 204772314 0
1712002629 204772314 0
1712002629 850174114 0
1712002630 204772314 0
1712002631 850174114 0
1712002631 204772314 0
1712002632 204772314 0
1712002633 850174114 0
1712002633 204772314 0
1712002635 204772314 0
1712002635 850174114 0
1712002636 204772314 0
1712002637 850174114 0
1712002637 204772314 0
1712002638 204772314 0
1712002639 850174114 0
1712002639 204772314 0
1712002641 204772314 0
1712002641 850174114 0
1712002642 204772314 0
1712002643 850174114 0
1712002643 204772314 0
1712002644 204772314 0
1712002645 850174114 0
1712002645 204772314 0
1712002646 204772314 0
1712002647 850174114 0
1712002648 204772314 0
1712002649 850174114 0
1712002649 204772314 0
1712002650 204772314 0
1712002651 850174114 0
1712002651 204772314 0
1712002652 204772314 0
1712002653 850174114 0
1712002654 204772314 0
1712002655 850174114 0
1712002655 204772314 0
1712002656 204772314 0
1712002657 850174114 0
1712002657 204772314 0
1712002658 204772314 0
1712002659 850174114 0
1712002660 204772314 0
1712002661 850174114 0
1712002661 204772314 0
1712002662 204772314 0
1712002663 850174114 0
1712002663 204772314 0
1712002664 204772314 0
1712002665 850174114 0
1712002666 204772314 0
1712002667 850174114 0
1712002667 204772314 0
1712002668 204772314 0
1712002669 850174114 0
1712002669 204772314 0
1712002670 204772314 0
1712002671 850174114 0
1712002671 204772314 0
1712002673 850174114 0
1712002673 204772314 0
1712002674 204772314 0
1712002675 850174114 0
1712002675 204772314 0
1712002676 204772314 0
1712002677 850174114 0
1712002677 204772314 0
1712002679 850174114 0
1712002679 204772314 0
1712002680 204772314 0
1712002681 850174114 0
1712002681 204772314 0
1712002682 204772314 0
1712002683 850174114 0
1712002683 204772314 0
1712002685 850174114 0
1712002685 204772314 0
1712002686 204772314 0
1712002687 850174114 0
1712002687 204772314 0
1712002688 204772314 0
1712002689 850174114 0
1712002689 204772314 0
1712002691 204772314 0
1712002691 850174114 0
1712002692 204772314 0
1712002693 850174114 0
1712002693 204772314 0
1712002694 204772314 0
1712002695 850174114 0
1712002695 204772314 0
1712002697 204772314 0
1712002697 850174114 0
1712002698 204772314 0
1712002699 850174114 0
1712002699 204772314 0
1712002700 204772314 0
1712002701 850174114 0
1712002701 204772314 0
1712002702 204772314 0
1712002703 850174114 0
1712002703 204772314 0
1712002705 850174114 0
1712002705 204772314 0
1712002706 204772314 0
1712002707 850174114 0
1712002707 204772314 0
1712002708 204772314 0
1712002709 850174114 0
1712002709 204772314 0
1712002711 850174114 0
1712002711 204772314 0
1712002712 204772314 0
1712002713 850174114 0
1712002713 204772314 0
1712002714 204772314 0
1712002715 850174114 0
1712002716 204772314 0
1712002717 850174114 0
1712002717 204772314 0
1712002718 204772314 0
1712002719 850174114 0
1712002719 204772314 0
1712002720 204772314 0
1712002721 850174114 0
1712002722 204772314 0
1712002723 850174114 0
1712002723 204772314 0
1712002724 204772314 0
1712002725 850174114 0
1712002725 204772314 0
1712002726 204772314 0
1712002727 850174114 0
1712002728 204772314 0
1712002729 850174114 0
1712002729 204772314 0
1712002730 204772314 0
1712002731 850174114 0
1712002731 204772314 0
1712002732 204772314 0
1712002733 850174114 0
1712002734 204772314 0
1712002735 850174114 0
1712002735 204772314 0
1712002736 204772314 0
1712002737 850174114 0
1712002737 204772314 0
1712002738 204772314 0
1712002739 850174114 0
1712002740 204772314 0
1712002741 850174114 0
1712002741 204772314 0
1712002742 204772314 0
1712002743 850174114 0
1712002743 204772314 0
1712002744 204772314 0
1712002745 850174114 0
1712002745 204772314 0
1712002747 204772314 0
1712002747 850174114 0
1712002748 204772314 0
1712002749 850174114 0
1712002749 204772314 0
1712002750 204772314 0
1712002751 850174114 0
1712002751 204772314 0
1712002752 204772314 0
1712002753 850174114 0
1712002754 204772314 0
1712002755 850174114 0
1712002755 204772314 0
1712002756 204772314 0
1712002757 850174114 0
1712002757 204772314 0
1712002758 204772314 0
1712002759 850174114 0
1712002759 204772314 0
1712002761 204772314 0
1712002761 850174114 0
1712002762 204772314 0
1712002763 850174114 0
1712002763 204772314 0
1712002764 204772314 0
1712002765 850174114 0
1712002765 204772314 0
1712002766 204772314 0
1712002767 850174114 0
1712002767 204772314 0
1712002769 850174114 0
1712002769 204772314 0
1712002771 850174114 0
1712002771 204772314 0
1712002772 204772314 0
1712002773 850174114 0
1712002773 204772314 0
1712002774 204772314 0
1712002775 850174114 0
1712002776 204772314 0
1712002777 850174114 0
1712002777 204772314 0
1712002778 204772314 0
1712002779 850174114 0
1712002779 204772314 0
1712002780 204772314 0
1712002781 850174114 0
1712002781 204772314 0
1712002783 850174114 0
1712002783 204772314 0
1712002784 204772314 0
1712002785 850174114 0
1712002785 204772314 0
1712002786 204772314 0
1712002787 850174114 0
1712002787 204772314 0
1712002788 204772314 0
1712002789 850174114 0
1712002790 204772314 0
1712002791 850174114 0
1712002791 204772314 0
1712002792 204772314 0
1712002793 850174114 0
1712002793 204772314 0
1712002794 204772314 0
1712002795 850174114 0
1712002795 204772314 0
1712002797 204772314 0
1712002797 850174114 0
1712002798 204772314 0
1712002799 850174114 0
1712002799 204772314 0
1712002800 204772314 0
1712002801 850174114 0
1712002802 204772314 0
1712002803 850174114 0
1712002803 204772314 0
1712002804 204772314 0
1712002805 850174114 0
1712002805 204772314 0
1712002806 204772314 0
1712002807 850174114 0
1712002807 204772314 0
1712002809 850174114 0
1712002809 204772314 0
1712002810 204772314 0
1712002811 850174114 0
1712002811 204772314 0
1712002812 204772314 0
1712002813 850174114 0
1712002813 204772314 0
1712002815 204772314 0
1712002815 850174114 0
1712002816 204772314 0
1712002817 850174114 0
1712002817 204772314 0
1712002818 204772314 0
1712002819 850174114 0
1712002819 204772314 0
1712002820 204772314 0
1712002821 850174114 0
1712002822 204772314 0
1712002823 850174114 0
1712002823 204772314 0
1712002824 204772314 0
1712002825 850174114 0
1712002825 204772314 0
1712002826 204772314 0
1712002827 850174114 0
1712002827 204772314 0
1712002829 850174114 0
1712002829 204772314 0
1712002830 204772314 0
1712002831 850174114 0
1712002831 204772314 0
1712002832 204772314 0
1712002833 850174114 0
1712002833 204772314 0
1712002835 850174114 0
1712002835 204772314 0
1712002836 204772314 0
1712002837 850174114 0
1712002837 204772314 0
1712002839 850174114 0
1712002840 204772314 0
1712002841 850174114 0
1712002841 204772314 0
1712002843 850174114 0
1712002843 204772314 0
1712002845 850174114 0
1712002845 204772314 0
1712002847 850174114 0
1712002847 204772314 0
1712002849 850174114 0
1712002849 204772314 0
1712002851 850174114 0
1712002851 204772314 0
1712002853 850174114 0
1712002853 204772314 0
1712002855 850174114 0
1712002855 204772314 0
1712002857 850174114 0
1712002857 204772314 0
1712002859 850174114 0
1712002860 204772314 0
1712002861 850174114 0
1712002861 204772314 0
1712002863 850174114 0
1712002863 204772314 0
1712002865 850174114 0
1712002865 204772314 0
1712002867 850174114 0
1712002867 204772314 0
1712002869 850174114 0
1712002869 204772314 0
1712002871 850174114 0
1712002871 204772314 0
1712002873 850174114 0
1712002873 204772314 0
1712002875 850174114 0
1712002875 204772314 0
1712002877 850174114 0
1712002877 204772314 0
1712002879 850174114 0
1712002880 204772314 0
1712002881 850174114 0
1712002881 204772314 0
1712002883 850174114 0
1712002883 204772314 0
1712002885 850174114 0
1712002885 204772314 0
1712002887 850174114 0
1712002888 204772314 0
1712002889 850174114 0
1712002890 204772314 0
1712002891 850174114 0
1712002892 204772314 0
1712002893 850174114 0
1712002893 204772314 0
1712002894 243846335 0
1712002895 850174114 0
1712002896 204772314 0
1712002896 243846335 0
1712002897 850174114 0
1712002897 204772314 0
1712002898 243846335 0
1712002899 850174114 0
1712002899 204772314 0
1712002900 243846335 0
1712002901 850174114 0
1712002902 204772314 0
1712002902 243846335 0
1712002903 850174114 0
1712002904 204772314 0
1712002905 204772314 0
1712002906 850174114 0
1712002907 204772314 0
1712002908 850174114 0
1712002910 204772314 0
1712002910 850174114 0
1712002911 204772314 0
1712002912 850174114 0
1712002913 204772314 0
1712002914 850174114 0
1712002915 204772314 0
1712002916 850174114 0
1712002918 204772314 0
1712002918 850174114 0
1712002919 204772314 0
1712002920 850174114 0
1712002921 204772314 0
1712002922 850174114 0
1712002923 204772314 0
1712002924 850174114 0
1712002926 204772314 0
1712002926 850174114 0
1712002927 204772314 0
1712002928 850174114 0
1712002930 204772314 0
1712002930 850174114 0
1712002931 204772314 0
1712002932 850174114 0
1712002933 204772314 0
1712002934 850174114 0
1712002935 204772314 0
1712002936 850174114 0
1712002938 204772314 0
1712002938 850174114 0
1712002940 204772314 0
1712002940 850174114 0
1712002942 204772314 0
1712002942 850174114 0
1712002944 204772314 0
1712002944 850174114 0
1712002945 204772314 0
1712002946 850174114 0
1712002948 204772314 0
1712002948 850174114 0
1712002949 204772314 0
1712002950 850174114 0
1712002951 204772314 0
1712002952 850174114 0
1712002953 204772314 0
1712002954 850174114 0
1712002955 204772314 0
1712002956 850174114 0
1712002958 204772314 0
1712002958 850174114 0
1712002959 204772314 0
1712002960 850174114 0
1712002962 204772314 0
1712002962 850174114 0
1712002964 204772314 0
1712002964 850174114 0
1712002966 204772314 0
1712002966 850174114 0
1712002968 204772314 0
1712002968 850174114 0
1712002970 204772314 0
1712002970 850174114 0
1712002971 204772314 0
1712002972 850174114 0
1712002974 204772314 0
1712002974 850174114 0
1712002975 204772314 0
1712002976 850174114 0
1712002977 204772314 0
1712002978 850174114 0
1712002980 204772314 0
1712002980 850174114 0
1712002981 204772314 0
1712002982 850174114 0
1712002983 204772314 0
1712002984 850174114 0
1712002986 204772314 0
1712002987 850174114 0
1712002988 204772314 0
1712002989 850174114 0
1712002990 204772314 0
1712002991 850174114 0
1712002992 204772314 0
1712002993 850174114 0
1712002993 204772314 0
1712002995 850174114 0
1712002996 204772314 0
1712002997 850174114 0
1712002999 204772314 0
1712003000 850174114 0
1712003000 204772314 0
1712003002 850174114 0
1712003003 204772314 0
1712003004 850174114 0
1712003004 204772314 0
1712003006 850174114 0
1712003006 204772314 0
1712003008 850174114 0
1712003009 204772314 0
1712003010 850174114 0
1712003011 204772314 0
1712003012 850174114 0
1712003013 204772314 0
1712003014 850174114 0
1712003015 204772314 0
1712003016 850174114 0
1712003016 204772314 0
1712003018 850174114 0
1712003018 204772314 0
1712003020 850174114 0
1712003021 204772314 0
1712003022 850174114 0
1712003022 204772314 0
1712003024 850174114 0
1712003024 204772314 0
1712003026 850174114 0
1712003026 204772314 0
1712003028 850174114 0
1712003028 204772314 0
1712003030 850174114 0
1712003030 204772314 0
1712003032 850174114 0
1712003033 204772314 0
1712003034 850174114 0
1712003034 204772314 0
1712003036 850174114 0
1712003037 204772314 0
1712003038 850174114 0
1712003039 204772314 0
1712003040 850174114 0
1712003040 204772314 0
1712003042 850174114 0
1712003042 204772314 0
1712003044 850174114 0
1712003044 204772314 0
1712003046 850174114 0
1712003046 204772314 0
1712003048 850174114 0
1712003048 204772314 0
1712003050 850174114 0
1712003050 204772314 0
1712003052 850174114 0
1712003052 204772314 0
1712003054 850174114 0
1712003054 204772314 0
1712003056 850174114 0
1712003057 204772314 0
1712003058 850174114 0
1712003058 204772314 0
1712003060 850174114 0
1712003060 204772314 0
1712003062 850174114 0
1712003062 204772314 0
1712003064 850174114 0
1712003065 204772314 0
1712003066 850174114 0
1712003066 204772314 0
1712003068 850174114 0
1712003068 204772314 0
1712003070 850174114 0
1712003070 204772314 0
1712003072 850174114 0
1712003072 204772314 0
1712003074 850174114 0
1712003074 204772314 0
1712003076 850174114 0
1712003076 204772314 0
1712003078 850174114 0
1712003078 204772314 0
1712003080 850174114 0
1712003080 204772314 0
1712003082 850174114 0
1712003082 204772314 0
1712003084 850174114 0
1712003085 204772314 0
1712003086 850174114 0
1712003086 204772314 0
1712003088 850174114 0
1712003089 204772314 0
1712003090 850174114 0
1712003090 204772314 0
1712003092 850174114 0
1712003092 204772314 0
1712003094 850174114 0
1712003094 204772314 0
1712003096 850174114 0
1712003096 204772314 0
1712003098 850174114 0
1712003098 204772314 0
1712003100 850174114 0
1712003101 204772314 0
1712003102 850174114 0
1712003102 204772314 0
1712003104 850174114 0
1712003104 204772314 0
1712003106 850174114 0
1712003106 204772314 0
1712003108 850174114 0
1712003108 204772314 0
1712003110 850174114 0
1712003110 204772314 0
1712003112 850174114 0
1712003112 204772314 0
1712003114 850174114 0
1712003114 204772314 0
1712003116 850174114 0
1712003116 204772314 0
1712003118 850174114 0
1712003118 204772314 0
1712003120 850174114 0
1712003120 204772314 0
1712003122 850174114 0
1712003122 204772314 0
1712003124 850174114 0
1712003124 204772314 0
1712003126 850174114 0
1712003126 204772314 0
1712003128 850174114 0
1712003128 204772314 0
1712003130 850174114 0
1712003130 204772314 0
1712003132 850174114 0
1712003132 204772314 0
1712003134 850174114 0
1712003134 204772314 0
1712003136 850174114 0
1712003136 204772314 0
1712003138 850174114 0
1712003139 204772314 0
1712003140 850174114 0
1712003141 204772314 0
1712003142 850174114 0
1712003142 204772314 0
1712003144 850174114 0
1712003145 204772314 0
1712003146 850174114 0
1712003146 204772314 0
1712003148 850174114 0
1712003148 204772314 0
1712003150 850174114 0
1712003150 204772314 0
1712003152 850174114 0
1712003152 204772314 0
1712003154 850174114 0
1712003154 204772314 0
1712003156 850174114 0
1712003156 204772314 0
1712003158 850174114 0
1712003159 204772314 0
1712003160 850174114 0
1712003161 204772314 0
1712003162 850174114 0
1712003162 204772314 0
1712003164 850174114 0
1712003164 204772314 0
1712003166 850174114 0
1712003166 204772314 0
1712003168 850174114 0
1712003168 204772314 0
1712003170 850174114 0
1712003170 204772314 0
1712003172 850174114 0
1712003172 204772314 0
1712003174 850174114 0
1712003174 204772314 0
1712003176 850174114 0
1712003176 204772314 0
1712003178 850174114 0
1712003178 204772314 0
1712003180 850174114 0
1712003181 204772314 0
1712003182 850174114 0
1712003182 204772314 0
1712003184 850174114 0
1712003184 204772314 0
1712003186 850174114 0
1712003186 204772314 0
1712003188 850174114 0
1712003189 204772314 0
1712003190 850174114 0
1712003190 204772314 0
1712003192 850174114 0
1712003192 204772314 0
1712003194 850174114 0
1712003194 204772314 0
1712003196 850174114 0
1712003197 204772314 0
1712003198 850174114 0
1712003198 204772314 0
1712003200 850174114 0
1712003200 204772314 0
1712003202 850174114 0
1712003202 204772314 0
1712003204 850174114 0
1712003204 204772314 0
1712003206 850174114 0
1712003206 204772314 0
1712003208 850174114 0
1712003208 204772314 0
1712003210 850174114 0
1712003210 204772314 0
1712003211 204772314 0
1712003212 850174114 0
1712003212 204772314 0
1712003214 850174114 0
1712003214 204772314 0
1712003216 850174114 0
1712003217 204772314 0
1712003218 850174114 0
1712003219 204772314 0
1712003220 850174114 0
1712003220 204772314 0
1712003222 850174114 0
1712003222 204772314 0
1712003224 850174114 0
1712003224 204772314 0
1712003226 850174114 0
1712003226 204772314 0
1712003228 850174114 0
1712003228 204772314 0
1712003230 850174114 0
1712003230 204772314 0
1712003232 850174114 0
1712003232 204772314 0
1712003234 850174114 0
1712003234 204772314 0
1712003235 204772314 0
1712003236 850174114 0
1712003236 204772314 0
1712003238 850174114 0
1712003238 204772314 0
1712003240 850174114 0
1712003240 204772314 0
1712003242 850174114 0
1712003242 204772314 0
1712003244 850174114 0
1712003245 204772314 0
1712003246 850174114 0
1712003246 204772314 0
1712003248 850174114 0
1712003248 204772314 0
1712003250 850174114 0
1712003250 204772314 0
1712003252 850174114 0
1712003252 204772314 0
1712003254 850174114 0
1712003254 204772314 0
1712003256 850174114 0
1712003256 204772314 0
1712003258 850174114 0
1712003258 204772314 0
1712003260 850174114 0
1712003260 204772314 0
1712003262 850174114 0
1712003262 204772314 0
1712003264 850174114 0
1712003264 204772314 0
1712003266 850174114 0
1712003266 204772314 0
1712003268 850174114 0
1712003268 204772314 0
1712003270 850174114 0
1712003270 204772314 0
1712003272 850174114 0
1712003272 204772314 0
1712003274 850174114 0
1712003274 204772314 0
1712003275 903580650 0
1712003276 850174114 0
1712003277 204772314 0
1712003277 903580650 0
1712003278 850174114 0
1712003278 204772314 0
1712003279 903580650 0
1712003280 850174114 0
1712003280 204772314 0
1712003281 903580650 0
1712003282 850174114 0
1712003283 204772314 0
1712003283 903580650 0
1712003284 850174114 0
1712003284 204772314 0
1712003285 903580650 0
1712003286 850174114 0
1712003286 204772314 0
1712003287 903580650 0
1712003288 850174114 0
1712003289 204772314 0
1712003289 903580650 0
1712003290 850174114 0
1712003291 204772314 0
1712003291 903580650 0
1712003292 850174114 0
1712003292 204772314 0
1712003293 903580650 0
1712003294 850174114 0
1712003294 204772314 0
1712003295 903580650 0
1712003296 850174114 0
1712003296 204772314 0
1712003297 903580650 0
1712003298 850174114 0
1712003298 204772314 0
1712003299 903580650 0
1712003300 850174114 0
1712003300 204772314 0
1712003301 903580650 0
1712003302 850174114 0
1712003302 204772314 0
1712003303 903580650 0
1712003304 850174114 0
1712003304 204772314 0
1712003305 903580650 0
1712003306 850174114 0
1712003306 204772314 0
1712003307 903580650 0
1712003308 850174114 0
1712003308 204772314 0
1712003309 903580650 0
1712003310 850174114 0
1712003310 204772314 0
1712003311 903580650 0
1712003312 850174114 0
1712003312 204772314 0
1712003313 903580650 0
1712003314 850174114 0
1712003314 204772314 0
1712003315 903580650 0
1712003316 850174114 0
1712003316 204772314 0
1712003317 903580650 0
1712003318 850174114 0
1712003318 204772314 0
1712003319 903580650 0
1712003320 850174114 0
1712003321 204772314 0
1712003321 903580650 0
1712003322 850174114 0
1712003322 204772314 0
1712003323 903580650 0
1712003324 850174114 0
1712003325 204772314 0
1712003325 903580650 0
1712003326 850174114 0
1712003327 204772314 0
1712003327 903580650 0
1712003328 850174114 0
1712003328 204772314 0
1712003329 903580650 0
1712003330 850174114 0
1712003330 204772314 0
1712003331 903580650 0
1712003332 850174114 0
1712003333 204772314 0
1712003333 903580650 0
1712003334 850174114 0
1712003334 204772314 0
1712003335 903580650 0
1712003336 850174114 0
1712003336 204772314 0
1712003337 903580650 0
1712003338 850174114 0
1712003338 204772314 0
1712003339 903580650 0
1712003340 850174114 0
1712003340 204772314 0
1712003341 903580650 0
1712003342 850174114 0
1712003342 204772314 0
1712003343 903580650 0
1712003344 850174114 0
1712003344 204772314 0
1712003345 903580650 0
1712003346 850174114 0
1712003346 204772314 0
1712003347 903580650 0
1712003348 850174114 0
1712003349 204772314 0
1712003349 903580650 0
1712003350 850174114 0
1712003350 204772314 0
1712003351 903580650 0
1712003352 850174114 0
1712003352 204772314 0
1712003353 903580650 0
1712003354 850174114 0
1712003354 204772314 0
1712003355 903580650 0
1712003356 850174114 0
1712003356 204772314 0
1712003357 903580650 0
1712003358 850174114 0
1712003358 204772314 0
1712003359 903580650 0
1712003360 850174114 0
1712003361 204772314 0
1712003361 903580650 0
1712003362 850174114 0
1712003362 204772314 0
1712003363 903580650 0
1712003364 850174114 0
1712003364 204772314 0
1712003365 903580650 0
1712003366 850174114 0
1712003366 204772314 0
1712003367 903580650 0
1712003368 850174114 0
1712003368 204772314 0
1712003369 903580650 0
1712003370 850174114 0
1712003370 204772314 0
1712003371 903580650 0
1712003372 850174114 0
1712003372 204772314 0
1712003373 903580650 0
1712003374 850174114 0
1712003374 204772314 0
1712003375 903580650 0
1712003376 850174114 0
1712003376 204772314 0
1712003377 903580650 0
1712003378 850174114 0
1712003378 204772314 0
1712003379 903580650 0
1712003380 850174114 0
1712003380 204772314 0
1712003381 903580650 0
1712003382 850174114 0
1712003382 204772314 0
1712003383 903580650 0
1712003384 850174114 0
1712003384 204772314 0
1712003385 903580650 0
1712003386 850174114 0
1712003386 204772314 0
1712003387 903580650 0
1712003388 850174114 0
1712003388 204772314 0
1712003389 903580650 0
1712003390 850174114 0
1712003390 204772314 0
1712003391 903580650 0
1712003392 850174114 0
1712003392 204772314 0
1712003393 903580650 0
1712003394 850174114 0
1712003394 204772314 0
1712003395 903580650 0
1712003396 850174114 0
1712003396 204772314 0
1712003397 903580650 0
1712003398 850174114 0
1712003399 204772314 0
1712003399 903580650 0
1712003400 850174114 0
1712003400 204772314 0
1712003401 903580650 0
1712003402 850174114 0
1712003402 204772314 0
1712003403 903580650 0
1712003404 850174114 0
1712003405 204772314 0
1712003405 903580650 0
1712003406 850174114 0
1712003406 204772314 0
1712003407 903580650 0
1712003408 850174114 0
1712003408 204772314 0
1712003409 903580650 0
1712003410 850174114 0
1712003410 204772314 0
1712003411 903580650 0
1712003412 850174114 0
1712003412 204772314 0
1712003413 903580650 0
1712003414 850174114 0
1712003414 204772314 0
1712003415 903580650 0
1712003416 850174114 0
1712003417 204772314 0
1712003417 903580650 0
1712003418 850174114 0
1712003418 204772314 0
1712003419 903580650 0
1712003420 850174114 0
1712003421 204772314 0
1712003421 903580650 0
1712003422 850174114 0
1712003422 204772314 0
1712003423 903580650 0
1712003424 850174114 0
1712003424 204772314 0
1712003425 903580650 0
1712003426 850174114 0
1712003426 204772314 0
1712003427 903580650 0
1712003428 850174114 0
1712003428 204772314 0
1712003429 903580650 0
1712003430 850174114 0
1712003430 204772314 0
1712003431 903580650 0
1712003432 850174114 0
1712003433 204772314 0
1712003433 903580650 0
1712003434 850174114 0
1712003434 204772314 0
1712003435 903580650 0
1712003436 850174114 0
1712003436 204772314 0
1712003437 903580650 0
1712003438 850174114 0
1712003439 204772314 0
1712003439 903580650 0
1712003440 850174114 0
1712003440 204772314 0
1712003441 903580650 0
1712003442 850174114 0
1712003443 204772314 0
1712003443 903580650 0
1712003444 850174114 0
1712003444 204772314 0
1712003445 903580650 0
1712003446 850174114 0
1712003446 204772314 0
1712003447 903580650 0
1712003448 850174114 0
1712003448 204772314 0
1712003449 903580650 0
1712003450 850174114 0
1712003451 204772314 0
1712003451 903580650 0
1712003452 850174114 0
1712003453 204772314 0
1712003453 903580650 0
1712003454 850174114 0
1712003454 204772314 0
1712003455 903580650 0
1712003456 850174114 0
1712003456 204772314 0
1712003457 903580650 0
1712003458 850174114 0
1712003458 204772314 0
1712003459 903580650 0
1712003460 850174114 0
1712003460 204772314 0
1712003461 903580650 0
1712003462 850174114 0
1712003462 204772314 0
1712003463 903580650 0
1712003464 850174114 0
1712003465 204772314 0
1712003465 903580650 0
1712003466 850174114 0
1712003467 204772314 0
1712003467 903580650 0
1712003468 850174114 0
1712003468 204772314 0
1712003469 903580650 0
1712003470 850174114 0
1712003470 204772314 0
1712003471 903580650 0
1712003472 850174114 0
1712003473 204772314 0
1712003473 903580650 0
1712003474 850174114 0
1712003474 204772314 0
1712003475 903580650 0
1712003476 850174114 0
1712003476 204772314 0
1712003477 903580650 0
1712003478 850174114 0
1712003479 204772314 0
1712003479 903580650 0
1712003480 850174114 0
1712003480 204772314 0
1712003481 903580650 0
1712003482 850174114 0
1712003483 204772314 0
1712003483 903580650 0
1712003484 850174114 0
1712003484 204772314 0
1712003485 903580650 0
1712003486 850174114 0
1712003486 204772314 0
1712003487 903580650 0
1712003488 850174114 0
1712003488 204772314 0
1712003489 903580650 0
1712003490 850174114 0
1712003490 204772314 0
1712003491 903580650 0
1712003492 850174114 0
1712003493 204772314 0
1712003493 903580650 0
1712003494 850174114 0
1712003494 204772314 0
1712003495 903580650 0
1712003496 850174114 0
1712003496 204772314 0
1712003497 903580650 0
1712003498 850174114 0
1712003499 204772314 0
1712003499 903580650 0
1712003500 850174114 0
1712003500 204772314 0
1712003501 903580650 0
1712003502 850174114 0
1712003502 204772314 0
1712003503 903580650 0
1712003504 850174114 0
1712003504 204772314 0
1712003505 903580650 0
1712003506 850174114 0
1712003507 204772314 0
1712003507 903580650 0
1712003508 850174114 0
1712003509 204772314 0
1712003509 903580650 0
1712003510 850174114 0
1712003510 204772314 0
1712003511 903580650 0
1712003512 850174114 0
1712003512 204772314 0
1712003513 903580650 0
1712003514 850174114 0
1712003514 204772314 0
1712003515 903580650 0
1712003516 850174114 0
1712003517 204772314 0
1712003517 903580650 0
1712003518 850174114 0
1712003519 204772314 0
1712003519 903580650 0
1712003520 850174114 0
1712003520 204772314 0
1712003521 903580650 0
1712003522 850174114 0
1712003522 204772314 0
1712003523 903580650 0
1712003524 850174114 0
1712003524 204772314 0
1712003525 903580650 0
1712003526 850174114 0
1712003526 204772314 0
1712003527 903580650 0
1712003528 850174114 0
1712003528 204772314 0
1712003529 903580650 0
1712003530 850174114 0
1712003530 204772314 0
1712003531 903580650 0
1712003532 850174114 0
1712003533 204772314 0
1712003533 903580650 0
1712003534 850174114 0
1712003534 204772314 0
1712003535 903580650 0
1712003536 850174114 0
1712003536 204772314 0
1712003537 903580650 0
1712003538 850174114 0
1712003538 204772314 0
1712003539 903580650 0
1712003540 850174114 0
1712003540 204772314 0
1712003541 903580650 0
1712003542 850174114 0
1712003543 204772314 0
1712003543 903580650 0
1712003544 850174114 0
1712003544 204772314 0
1712003545 903580650 0
1712003546 850174114 0
1712003547 204772314 0
1712003547 903580650 0
1712003548 850174114 0
1712003549 204772314 0
1712003549 903580650 0
1712003550 850174114 0
1712003550 204772314 0
1712003551 903580650 0
1712003552 850174114 0
1712003552 204772314 0
1712003553 903580650 0
1712003554 850174114 0
1712003554 204772314 0
1712003555 903580650 0
1712003556 850174114 0
1712003556 204772314 0
1712003557 903580650 0
1712003558 850174114 0
1712003558 204772314 0
1712003559 903580650 0
1712003560 850174114 0
1712003561 204772314 0
1712003561 903580650 0
1712003562 850174114 0
1712003562 204772314 0
1712003563 903580650 0
1712003564 850174114 0
1712003565 204772314 0
1712003565 903580650 0
1712003566 850174114 0
1712003567 204772314 0
1712003567 903580650 0
1712003568 850174114 0
1712003569 204772314 0
1712003569 903580650 0
1712003570 850174114 0
1712003570 204772314 0
1712003571 903580650 0
1712003572 850174114 0
1712003572 204772314 0
1712003573 903580650 0
1712003574 850174114 0
1712003574 204772314 0
1712003575 903580650 0
1712003576 850174114 0
1712003577 204772314 0
1712003577 903580650 0
1712003578 850174114 0
1712003579 204772314 0
1712003579 903580650 0
1712003580 850174114 0
1712003580 204772314 0
1712003581 903580650 0
1712003582 850174114 0
1712003582 204772314 0
1712003583 903580650 0
1712003584 850174114 0
1712003585 204772314 0
1712003585 903580650 0
1712003586 850174114 0
1712003587 204772314 0
1712003587 903580650 0
1712003588 850174114 0
1712003588 204772314 0
1712003589 903580650 0
1712003590 850174114 0
1712003591 204772314 0
1712003591 903580650 0
1712003592 850174114 0
1712003593 204772314 0
1712003593 903580650 0
1712003594 850174114 0
1712003595 204772314 0
1712003595 903580650 0
1712003596 850174114 0
1712003597 204772314 0
1712003598 850174114 0
1712003598 903580650 0
1712003599 204772314 0
1712003600 850174114 0
1712003600 204772314 0
1712003602 850174114 0
1712003603 204772314 0
1712003604 850174114 0
1712003604 204772314 0
1712003606 850174114 0
1712003606 204772314 0
1712003608 850174114 0
1712003608 204772314 0
1712003610 850174114 0
1712003611 204772314 0
1712003612 850174114 0
1712003612 204772314 0
1712003614 850174114 0
1712003615 204772314 0
1712003616 850174114 0
1712003616 204772314 0
1712003618 850174114 0
1712003618 204772314 0
1712003620 850174114 0
1712003621 204772314 0
1712003622 850174114 0
1712003623 204772314 0
1712003624 850174114 0
1712003624 204772314 0
1712003626 850174114 0
1712003627 204772314 0
1712003628 850174114 0
1712003628 204772314 0
1712003630 850174114 0
1712003630 204772314 0
1712003632 850174114 0
1712003632 204772314 0
1712003634 850174114 0
1712003634 204772314 0
1712003636 850174114 0
1712003636 204772314 0
1712003638 850174114 0
1712003638 204772314 0
1712003640 850174114 0
1712003641 204772314 0
1712003642 850174114 0
1712003642 204772314 0
1712003644 850174114 0
1712003645 204772314 0
1712003646 850174114 0
1712003646 204772314 0
1712003648 850174114 0
1712003648 204772314 0
1712003650 850174114 0
1712003650 204772314 0
1712003652 850174114 0
1712003652 204772314 0
1712003654 850174114 0
1712003654 204772314 0
1712003656 850174114 0
1712003656 204772314 0
1712003658 850174114 0
1712003658 204772314 0
1712003660 850174114 0
1712003660 903580650 0
1712003661 204772314 0
1712003662 850174114 0
1712003662 903580650 0
1712003663 204772314 0
1712003664 850174114 0
1712003664 903580650 0
1712003665 204772314 0
1712003666 850174114 0
1712003666 903580650 0
1712003666 204772314 0
1712003668 850174114 0
1712003668 903580650 0
1712003668 204772314 0
1712003670 850174114 0
1712003670 903580650 0
1712003671 204772314 0
1712003672 850174114 0
1712003672 903580650 0
1712003672 204772314 0
1712003674 850174114 0
1712003674 903580650 0
1712003674 204772314 0
1712003676 850174114 0
1712003676 903580650 0
1712003676 204772314 0
1712003678 850174114 0
1712003678 903580650 0
1712003678 204772314 0
1712003680 850174114 0
1712003680 903580650 0
1712003681 204772314 0
1712003682 850174114 0
1712003682 903580650 0
1712003682 204772314 0
1712003684 850174114 0
1712003684 903580650 0
1712003684 204772314 0
1712003686 850174114 0
1712003686 903580650 0
1712003686 204772314 0
1712003688 850174114 0
1712003688 903580650 0
1712003688 204772314 0
1712003690 850174114 0
1712003690 903580650 0
1712003690 204772314 0
1712003692 850174114 0
1712003692 903580650 0
1712003692 204772314 0
1712003694 850174114 0
1712003694 903580650 0
1712003694 204772314 0
1712003696 850174114 0
1712003696 903580650 0
1712003696 204772314 0
1712003698 850174114 0
1712003698 903580650 0
1712003699 204772314 0
1712003700 850174114 0
1712003700 903580650 0
1712003700 204772314 0
1712003702 850174114 0
1712003702 903580650 0
1712003702 204772314 0
1712003704 850174114 0
1712003704 903580650 0
1712003705 204772314 0
1712003706 850174114 0
1712003706 903580650 0
1712003707 204772314 0
1712003708 850174114 0
1712003708 903580650 0
1712003709 204772314 0
1712003710 850174114 0
1712003710 903580650 0
1712003711 204772314 0
1712003712 850174114 0
1712003712 903580650 0
1712003712 204772314 0
1712003714 850174114 0
1712003714 903580650 0
1712003714 204772314 0
1712003716 850174114 0
1712003716 903580650 0
1712003716 204772314 0
1712003718 850174114 0
1712003718 903580650 0
1712003718 204772314 0
1712003720 850174114 0
1712003720 903580650 0
1712003721 204772314 0
1712003722 850174114 0
1712003722 903580650 0
1712003722 204772314 0
1712003724 850174114 0
1712003724 903580650 0
1712003725 204772314 0
1712003726 850174114 0
1712003726 903580650 0
1712003726 204772314 0
1712003728 850174114 0
1712003728 903580650 0
1712003729 204772314 0
1712003730 850174114 0
1712003730 903580650 0
1712003731 204772314 0
1712003732 850174114 0
1712003732 903580650 0
1712003733 204772314 0
1712003734 850174114 0
1712003734 903580650 0
1712003735 204772314 0
1712003736 850174114 0
1712003736 903580650 0
1712003737 204772314 0
1712003738 850174114 0
1712003738 903580650 0
1712003739 204772314 0
1712003740 850174114 0
1712003740 903580650 0
1712003741 204772314 0
1712003742 850174114 0
1712003742 903580650 0
1712003743 204772314 0
1712003744 850174114 0
1712003744 903580650 0
1712003744 204772314 0
1712003746 850174114 0
1712003746 903580650 0
1712003746 204772314 0
1712003748 850174114 0
1712003748 903580650 0
1712003749 204772314 0
1712003750 850174114 0
1712003750 903580650 0
1712003750 204772314 0
1712003752 850174114 0
1712003752 903580650 0
1712003752 204772314 0
1712003754 850174114 0
1712003754 903580650 0
1712003755 204772314 0
1712003756 850174114 0
1712003756 903580650 0
1712003757 204772314 0
1712003758 850174114 0
1712003758 903580650 0
1712003758 204772314 0
1712003760 850174114 0
1712003760 903580650 0
1712003761 204772314 0
1712003762 850174114 0
1712003762 903580650 0
1712003762 204772314 0
1712003764 850174114 0
1712003764 903580650 0
1712003764 204772314 0
1712003766 850174114 0
1712003766 903580650 0
1712003766 204772314 0
1712003768 850174114 0
1712003768 903580650 0
1712003768 204772314 0
1712003770 850174114 0
1712003770 903580650 0
1712003771 204772314 0
1712003772 850174114 0
1712003772 903580650 0
1712003772 204772314 0
1712003774 850174114 0
1712003774 903580650 0
1712003774 204772314 0
1712003776 850174114 0
1712003776 903580650 0
1712003777 204772314 0
1712003778 850174114 0
1712003778 903580650 0
1712003778 204772314 0
1712003780 850174114 0
1712003780 903580650 0
1712003780 204772314 0
1712003782 850174114 0
1712003782 903580650 0
1712003782 204772314 0
1712003784 850174114 0
1712003784 903580650 0
1712003785 204772314 0
1712003786 850174114 0
1712003786 903580650 0
1712003787 204772314 0
1712003788 850174114 0
1712003788 903580650 0
1712003788 204772314 0
1712003790 850174114 0
1712003790 903580650 0
1712003791 204772314 0
1712003792 850174114 0
1712003792 903580650 0
1712003793 204772314 0
1712003794 850174114 0
1712003794 903580650 0
1712003795 204772314 0
1712003796 850174114 0
1712003796 903580650 0
1712003796 204772314 0
1712003798 850174114 0
1712003798 903580650 0
1712003799 204772314 0
1712003800 850174114 0
1712003800 903580650 0
1712003800 204772314 0
1712003802 850174114 0
1712003802 903580650 0
1712003802 204772314 0
1712003804 850174114 0
1712003804 903580650 0
1712003804 204772314 0
1712003806 850174114 0
1712003806 903580650 0
1712003806 204772314 0
1712003808 850174114 0
1712003808 903580650 0
1712003809 204772314 0
1712003810 850174114 0
1712003810 903580650 0
1712003810 204772314 0
1712003812 850174114 0
1712003812 903580650 0
1712003813 204772314 0
1712003814 850174114 0
1712003814 903580650 0
1712003814 204772314 0
1712003816 850174114 0
1712003816 903580650 0
1712003817 204772314 0
1712003818 850174114 0
1712003818 903580650 0
1712003819 204772314 0
1712003820 850174114 0
1712003820 903580650 0
1712003820 204772314 0
1712003822 850174114 0
1712003822 903580650 0
1712003823 204772314 0
1712003824 850174114 0
1712003824 903580650 0
1712003825 204772314 0
1712003826 850174114 0
1712003826 903580650 0
1712003827 204772314 0
1712003828 850174114 0
1712003828 903580650 0
1712003828 204772314 0
1712003830 850174114 0
1712003830 903580650 0
1712003831 204772314 0
1712003832 850174114 0
1712003832 903580650 0
1712003833 204772314 0
1712003834 850174114 0
1712003834 903580650 0
1712003834 204772314 0
1712003836 850174114 0
1712003836 903580650 0
1712003837 204772314 0
1712003838 850174114 0
1712003838 903580650 0
1712003839 204772314 0
1712003840 850174114 0
1712003840 903580650 0
1712003840 204772314 0
1712003842 850174114 0
1712003842 903580650 0
1712003842 204772314 0
1712003844 850174114 0
1712003844 903580650 0
1712003844 204772314 0
1712003846 852643128 0
1712003846 850174114 0
1712003846 903580650 0
1712003847 204772314 0
1712003847 852643128 1
1712003848 850174114 0
1712003848 903580650 0
1712003849 204772314 0
1712003850 850174114 0
1712003850 903580650 0
1712003851 204772314 0
1712003852 850174114 0
1712003852 903580650 0
1712003853 204772314 0
1712003854 850174114 0
1712003854 903580650 0
1712003855 204772314 0
1712003856 850174114 0
1712003856 903580650 0
1712003857 204772314 0
1712003858 850174114 0
1712003858 903580650 0
1712003859 204772314 0
1712003860 850174114 0
1712003860 903580650 0
1712003861 204772314 0
1712003862 850174114 0
1712003862 903580650 0
1712003863 204772314 0
1712003864 850174114 0
1712003864 903580650 0
1712003865 204772314 0
1712003866 850174114 0
1712003866 903580650 0
1712003867 204772314 0
1712003868 850174114 0
1712003868 903580650 0
1712003868 204772314 0
1712003870 850174114 0
1712003870 903580650 0
1712003871 204772314 0
1712003872 850174114 0
1712003872 903580650 0
1712003872 204772314 0
1712003874 850174114 0
1712003874 903580650 0
1712003874 204772314 0
1712003876 850174114 0
1712003876 903580650 0
1712003877 204772314 0
1712003878 850174114 0
1712003878 903580650 0
1712003879 204772314 0
1712003880 850174114 0
1712003880 903580650 0
1712003881 204772314 0
1712003882 850174114 0
1712003882 903580650 0
1712003883 204772314 0
1712003884 850174114 0
1712003884 903580650 0
1712003885 204772314 0
1712003886 850174114 0
1712003886 903580650 0
1712003886 204772314 0
1712003888 850174114 0
1712003888 903580650 0
1712003888 204772314 0
1712003890 850174114 0
1712003890 903580650 0
1712003890 204772314 0
1712003892 850174114 0
1712003892 903580650 0
1712003892 204772314 0
1712003894 850174114 0
1712003894 903580650 0
1712003894 204772314 0
1712003896 850174114 0
1712003896 903580650 0
1712003896 204772314 0
1712003898 850174114 0
1712003898 903580650 0
1712003899 204772314 0
1712003900 850174114 0
1712003900 903580650 0
1712003901 204772314 0
1712003902 850174114 0
1712003902 903580650 0
1712003903 204772314 0
1712003904 850174114 0
1712003904 903580650 0
1712003905 204772314 0
1712003906 850174114 0
1712003906 903580650 0
1712003906 204772314 0
1712003908 850174114 0
1712003908 903580650 0
1712003909 204772314 0
1712003910 850174114 0
1712003910 903580650 0
1712003911 204772314 0
1712003912 850174114 0
1712003912 903580650 0
1712003912 204772314 0
1712003914 850174114 0
1712003914 903580650 0
1712003915 204772314 0
1712003916 850174114 0
1712003916 903580650 0
1712003917 204772314 0
1712003918 850174114 0
1712003918 903580650 0
1712003919 204772314 0
1712003920 850174114 0
1712003920 903580650 0
1712003921 204772314 0
1712003922 850174114 0
1712003922 903580650 0
1712003923 204772314 0
1712003924 850174114 0
1712003924 903580650 0
1712003925 204772314 0
1712003926 850174114 0
1712003926 903580650 0
1712003926 204772314 0
1712003928 850174114 0
1712003928 903580650 0
1712003928 204772314 0
1712003930 850174114 0
1712003930 903580650 0
1712003931 204772314 0
1712003932 850174114 0
1712003932 903580650 0
1712003933 204772314 0
1712003934 850174114 0
1712003934 903580650 0
1712003934 204772314 0
1712003936 850174114 0
1712003936 903580650 0
1712003937 204772314 0
1712003938 850174114 0
1712003938 903580650 0
1712003939 204772314 0
1712003940 850174114 0
1712003940 903580650 0
1712003940 204772314 0
1712003942 850174114 0
1712003942 903580650 0
1712003942 204772314 0
1712003944 850174114 0
1712003944 903580650 0
1712003945 204772314 0
1712003946 850174114 0
1712003946 903580650 0
1712003947 204772314 0
1712003948 850174114 0
1712003948 903580650 0
1712003949 204772314 0
1712003950 850174114 0
1712003950 903580650 0
1712003951 204772314 0
1712003952 850174114 0
1712003952 903580650 0
1712003953 204772314 0
1712003954 850174114 0
1712003954 903580650 0
1712003955 204772314 0
1712003956 850174114 0
1712003956 903580650 0
1712003957 204772314 0
1712003958 850174114 0
1712003958 903580650 0
1712003959 204772314 0
1712003960 850174114 0
1712003960 903580650 0
1712003961 204772314 0
1712003962 850174114 0
1712003962 903580650 0
1712003963 204772314 0
1712003964 850174114 0
1712003964 903580650 0
1712003964 204772314 0
1712003966 850174114 0
1712003966 903580650 0
1712003967 204772314 0
1712003968 850174114 0
1712003968 903580650 0
1712003969 204772314 0
1712003970 850174114 0
1712003970 903580650 0
1712003971 204772314 0
1712003972 850174114 0
1712003972 903580650 0
1712003973 204772314 0
1712003974 850174114 0
1712003974 903580650 0
1712003975 204772314 0
1712003976 850174114 0
1712003976 903580650 0
1712003977 204772314 0
1712003978 850174114 0
1712003978 903580650 0
1712003979 204772314 0
1712003980 850174114 0
1712003980 903580650 0
1712003981 204772314 0
1712003982 850174114 0
1712003982 903580650 0
1712003982 204772314 0
1712003984 850174114 0
1712003984 903580650 0
1712003985 204772314 0
1712003986 850174114 0
1712003986 903580650 0
1712003987 204772314 0
1712003988 850174114 0
1712003988 903580650 0
1712003989 204772314 0
1712003990 850174114 0
1712003990 903580650 0
1712003991 204772314 0
1712003992 850174114 0
1712003992 903580650 0
1712003993 204772314 0
1712003994 850174114 0
1712003994 903580650 0
1712003995 204772314 0
1712003996 850174114 0
1712003996 903580650 0
1712003997 204772314 0
1712003998 850174114 0
1712003998 903580650 0
1712003999 204772314 0
1712004000 850174114 0
1712004000 903580650 0
1712004001 204772314 0
1712004002 850174114 0
1712004002 903580650 0
1712004003 204772314 0
1712004004 850174114 0
1712004004 903580650 0
1712004005 204772314 0
1712004006 850174114 0
1712004006 903580650 0
1712004007 204772314 0
1712004008 850174114 0
1712004008 903580650 0
1712004008 204772314 0
1712004010 850174114 0
1712004010 903580650 0
1712004011 204772314 0
1712004012 850174114 0
1712004012 903580650 0
1712004013 204772314 0
1712004014 850174114 0
1712004014 903580650 0
1712004015 204772314 0
1712004016 850174114 0
1712004016 903580650 0
1712004016 204772314 0
1712004018 850174114 0
1712004018 903580650 0
1712004019 204772314 0
1712004020 850174114 0
1712004020 903580650 0
1712004021 204772314 0
1712004022 850174114 0
1712004022 903580650 0
1712004023 204772314 0
1712004024 850174114 0
1712004024 903580650 0
1712004024 204772314 0
1712004026 850174114 0
1712004026 903580650 0
1712004027 204772314 0
1712004028 850174114 0
1712004028 903580650 0
1712004029 204772314 0
1712004030 850174114 0
1712004030 903580650 0
1712004031 204772314 0
1712004032 850174114 0
1712004032 903580650 0
1712004033 204772314 0
1712004034 850174114 0
1712004034 903580650 0
1712004035 204772314 0
1712004036 850174114 0
1712004036 903580650 0
1712004037 204772314 0
1712004038 850174114 0
1712004038 903580650 0
1712004039 204772314 0
1712004040 850174114 0
1712004040 903580650 0
1712004041 204772314 0
1712004042 850174114 0
1712004042 903580650 0
1712004043 204772314 0
1712004044 850174114 0
1712004044 903580650 0
1712004044 204772314 0
1712004046 850174114 0
1712004046 903580650 0
1712004047 204772314 0
1712004048 850174114 0
1712004048 903580650 0
1712004049 204772314 0
1712004050 850174114 0
1712004050 903580650 0
1712004051 204772314 0
1712004052 850174114 0
1712004052 903580650 0
1712004053 204772314 0
1712004054 850174114 0
1712004054 903580650 0
1712004055 204772314 0
1712004056 850174114 0
1712004056 903580650 0
1712004057 204772314 0
1712004058 850174114 0
1712004058 903580650 0
1712004059 204772314 0
1712004060 850174114 0
1712004060 903580650 0
1712004061 204772314 0
1712004062 850174114 0
1712004062 903580650 0
1712004064 204772314 0
1712004064 850174114 0
1712004064 903580650 0
1712004066 204772314 0
1712004066 850174114 0
1712004066 903580650 0
1712004068 204772314 0
1712004068 850174114 0
1712004068 903580650 0
1712004070 204772314 0
1712004070 850174114 0
1712004070 903580650 0
1712004072 204772314 0
1712004072 850174114 0
1712004072 903580650 0
1712004074 204772314 0
1712004074 850174114 0
1712004074 903580650 0
1712004076 204772314 0
1712004076 850174114 0
1712004076 903580650 0
1712004078 204772314 0
1712004078 850174114 0
1712004078 903580650 0
1712004080 204772314 0
1712004080 850174114 0
1712004080 903580650 0
1712004082 204772314 0
1712004082 850174114 0
1712004082 903580650 0
1712004084 204772314 0
1712004084 850174114 0
1712004084 903580650 0
1712004086 204772314 0
1712004086 850174114 0
1712004086 903580650 0
1712004088 204772314 0
1712004088 850174114 0
1712004088 903580650 0
1712004090 204772314 0
1712004090 850174114 0
1712004090 903580650 0
1712004092 204772314 0
1712004092 850174114 0
1712004092 903580650 0
1712004094 204772314 0
1712004094 850174114 0
1712004094 903580650 0
1712004096 204772314 0
1712004096 850174114 0
1712004096 903580650 0
1712004098 204772314 0
1712004098 850174114 0
1712004098 903580650 0
1712004100 204772314 0
1712004100 850174114 0
1712004100 903580650 0
1712004102 204772314 0
1712004102 850174114 0
1712004102 903580650 0
1712004104 204772314 0
1712004104 850174114 0
1712004104 903580650 0
1712004106 204772314 0
1712004106 850174114 0
1712004106 903580650 0
1712004108 204772314 0
1712004108 850174114 0
1712004108 903580650 0
1712004110 204772314 0
1712004110 850174114 0
1712004110 903580650 0
1712004112 204772314 0
1712004112 850174114 0
1712004112 903580650 0
1712004114 204772314 0
1712004114 850174114 0
1712004114 903580650 0
1712004116 204772314 0
1712004116 850174114 0
1712004116 903580650 0
1712004118 204772314 0
1712004118 850174114 0
1712004118 903580650 0
1712004120 204772314 0
1712004120 850174114 0
1712004120 903580650 0
1712004122 204772314 0
1712004122 850174114 0
1712004122 903580650 0
1712004124 204772314 0
1712004124 850174114 0
1712004124 903580650 0
1712004126 204772314 0
1712004126 850174114 0
1712004126 903580650 0
1712004128 204772314 0
1712004128 850174114 0
1712004128 903580650 0
1712004130 204772314 0
1712004130 850174114 0
1712004130 903580650 0
1712004132 204772314 0
1712004132 850174114 0
1712004132 903580650 0
1712004134 204772314 0
1712004134 850174114 0
1712004134 903580650 0
1712004136 204772314 0
1712004136 850174114 0
1712004136 903580650 0
1712004138 204772314 0
1712004138 903580650 0
1712004139 850174114 0
1712004140 204772314 0
1712004140 903580650 0
1712004141 850174114 0
1712004142 204772314 0
1712004142 903580650 0
1712004143 850174114 0
1712004144 204772314 0
1712004144 903580650 0
1712004145 850174114 0
1712004146 204772314 0
1712004146 903580650 0
1712004147 850174114 0
1712004148 204772314 0
1712004148 903580650 0
1712004149 850174114 0
1712004150 204772314 0
1712004150 903580650 0
1712004151 850174114 0
1712004152 204772314 0
1712004152 903580650 0
1712004153 850174114 0
1712004154 204772314 0
1712004154 903580650 0
1712004155 850174114 0
1712004156 204772314 0
1712004156 903580650 0
1712004157 850174114 0
1712004158 204772314 0
1712004158 903580650 0
1712004159 850174114 0
1712004160 204772314 0
1712004160 903580650 0
1712004161 850174114 0
1712004162 204772314 0
1712004162 903580650 0
1712004163 850174114 0
1712004164 204772314 0
1712004164 903580650 0
1712004165 850174114 0
1712004166 204772314 0
1712004166 903580650 0
1712004167 850174114 0
1712004168 204772314 0
1712004168 903580650 0
1712004169 850174114 0
1712004170 204772314 0
1712004170 903580650 0
1712004171 850174114 0
1712004172 204772314 0
1712004172 903580650 0
1712004173 850174114 0
1712004174 204772314 0
1712004174 903580650 0
1712004175 850174114 0
1712004176 204772314 0
1712004176 903580650 0
1712004177 850174114 0
1712004178 204772314 0
1712004178 903580650 0
1712004179 850174114 0
1712004180 204772314 0
1712004180 903580650 0
1712004181 850174114 0
1712004182 204772314 0
1712004182 903580650 0
1712004183 850174114 0
1712004184 204772314 0
1712004184 903580650 0
1712004185 850174114 0
1712004186 204772314 0
1712004186 903580650 0
1712004187 850174114 0
1712004188 204772314 0
1712004188 903580650 0
1712004189 850174114 0
1712004190 204772314 0
1712004190 903580650 0
1712004191 850174114 0
1712004192 204772314 0
1712004192 903580650 0
1712004193 850174114 0
1712004194 204772314 0
1712004194 903580650 0
1712004195 850174114 0
1712004196 204772314 0
1712004196 903580650 0
1712004197 850174114 0
1712004198 204772314 0
1712004198 903580650 0
1712004199 850174114 0
1712004200 204772314 0
1712004200 903580650 0
1712004201 850174114 0
1712004202 204772314 0
1712004202 903580650 0
1712004203 850174114 0
1712004204 204772314 0
1712004204 903580650 0
1712004205 850174114 0
1712004206 204772314 0
1712004206 903580650 0
1712004207 850174114 0
1712004208 204772314 0
1712004208 903580650 0
1712004209 850174114 0
1712004210 204772314 0
1712004210 903580650 0
1712004211 850174114 0
1712004212 204772314 0
1712004212 903580650 0
1712004213 850174114 0
1712004214 204772314 0
1712004214 903580650 0
1712004215 850174114 0
1712004216 204772314 0
1712004216 903580650 0
1712004217 850174114 0
1712004218 204772314 0
1712004218 903580650 0
1712004219 850174114 0
1712004220 204772314 0
1712004220 903580650 0
1712004221 850174114 0
1712004222 204772314 0
1712004222 903580650 0
1712004223 850174114 0
1712004224 204772314 0
1712004224 903580650 0
1712004225 850174114 0
1712004226 204772314 0
1712004226 903580650 0
1712004227 850174114 0
1712004228 204772314 0
1712004228 903580650 0
1712004229 850174114 0
1712004230 204772314 0
1712004230 903580650 0
1712004231 850174114 0
1712004232 204772314 0
1712004232 903580650 0
1712004233 850174114 0
1712004234 204772314 0
1712004234 903580650 0
1712004235 850174114 0
1712004236 204772314 0
1712004236 903580650 0
1712004236 850174114 0
1712004238 204772314 0
1712004238 850174114 1
1712004238 903580650 0
1712004239 850174114 1
1712004240 204772314 0
1712004240 850174114 1
1712004240 903580650 0
1712004241 850174114 1
1712004242 204772314 0
1712004242 850174114 1
1712004242 903580650 0
1712004243 850174114 1
1712004244 204772314 0
1712004244 903580650 0
1712004246 204772314 0
1712004246 903580650 0
1712004248 204772314 0
1712004248 903580650 0
1712004250 204772314 0
1712004250 903580650 0
1712004252 204772314 0
1712004252 903580650 0
1712004254 204772314 0
1712004254 903580650 0
1712004256 204772314 0
1712004256 903580650 0
1712004258 903580650 0
1712004259 204772314 0
1712004260 903580650 0
1712004261 204772314 0
1712004262 903580650 0
1712004263 204772314 0
1712004264 903580650 0
1712004265 204772314 0
1712004266 903580650 0
1712004267 204772314 0
1712004268 903580650 0
1712004269 204772314 0
1712004270 903580650 0
1712004272 204772314 0
1712004272 903580650 0
1712004274 204772314 0
1712004274 903580650 0
1712004276 204772314 0
1712004276 903580650 0
1712004278 204772314 0
1712004278 903580650 0
1712004280 204772314 0
1712004280 903580650 0
1712004282 204772314 0
1712004282 903580650 0
1712004284 204772314 0
1712004284 903580650 0
1712004286 204772314 0
1712004286 903580650 0
1712004288 204772314 0
1712004288 903580650 0
1712004290 204772314 0
1712004290 903580650 0
1712004292 204772314 0
1712004292 903580650 0
1712004294 204772314 0
1712004294 903580650 0
1712004296 204772314 0
1712004296 903580650 0
1712004298 204772314 0
1712004298 903580650 0
1712004300 204772314 0
1712004300 903580650 0
1712004302 204772314 0
1712004302 903580650 0
1712004304 204772314 0
1712004306 204772314 0
1712004308 204772314 0
1712004310 204772314 0
1712004312 204772314 0
1712004314 204772314 0
1712004316 204772314 0
1712004318 204772314 0
1712004320 204772314 0
1712004322 204772314 0
1712004324 204772314 0
1712004326 204772314 0
1712004328 204772314 0
1712004330 204772314 0
1712004332 204772314 0
1712004334 204772314 0
1712004336 204772314 0
1712004338 204772314 0
1712004340 204772314 0
1712004342 204772314 0
1712004344 204772314 0
1712004346 204772314 0
1712004348 204772314 0
1712004350 204772314 0
1712004352 204772314 0
1712004354 204772314 0
1712004356 204772314 0
1712004358 204772314 0
1712004360 204772314 0
1712004362 204772314 0
1712004364 204772314 0
1712004366 204772314 0
1712004368 204772314 0
1712004370 204772314 0
1712004372 204772314 0
1712004374 204772314 0
1712004376 204772314 0
1712004378 204772314 0
1712004380 204772314 0
1712004382 204772314 0
1712004384 204772314 0
1712004386 204772314 0
1712004388 204772314 0
1712004390 204772314 0
1712004392 204772314 0
1712004394 204772314 0
1712004396 204772314 0
1712004398 204772314 0
1712004400 204772314 0
1712004402 204772314 0
1712004404 204772314 0
1712004406 204772314 0
1712004408 204772314 0
1712004410 204772314 0
1712004412 204772314 0
1712004414 204772314 0
1712004416 204772314 0
1712004418 204772314 0
1712004420 204772314 0
1712004422 204772314 0
1712004424 204772314 0
1712004426 204772314 0
1712004428 204772314 0
1712004430 204772314 0
1712004432 204772314 0
1712004434 204772314 0
1712004436 204772314 0
1712004438 204772314 0
1712004440 204772314 0
1712004442 204772314 0
1712004444 204772314 0
1712004446 204772314 0
1712004448 204772314 0
1712004450 204772314 0
1712004452 204772314 0
1712004454 204772314 0
1712004456 204772314 0
1712004458 204772314 0
1712004460 204772314 0
1712004462 204772314 0
1712004464 204772314 0
1712004466 204772314 0
1712004468 204772314 0
1712004470 204772314 0
1712004472 204772314 0
1712004474 204772314 0
1712004476 204772314 0
1712004478 204772314 0
1712004480 204772314 0
1712004482 204772314 0
1712004484 204772314 0
1712004486 204772314 0
1712004488 204772314 0
1712004490 204772314 0
1712004492 204772314 0
1712004494 204772314 0
1712004496 204772314 0
1712004498 204772314 0
1712004500 204772314 0
1712004502 204772314 0
1712004504 204772314 0
1712004506 204772314 0
1712004508 204772314 0
1712004510 204772314 0
1712004512 204772314 0
1712004514 204772314 0
1712004516 204772314 0
1712004518 204772314 0
1712004520 204772314 0
1712004522 204772314 0
1712004524 204772314 0
1712004526 204772314 0
1712004528 204772314 0
1712004530 204772314 0
1712004532 204772314 0
1712004534 204772314 0
1712004536 204772314 0
1712004538 204772314 0
1712004540 204772314 0
1712004542 204772314 0
1712004544 204772314 0
1712004546 204772314 0
1712004548 204772314 0
1712004550 204772314 0
1712004552 204772314 0
1712004554 204772314 0
1712004556 204772314 0
1712004558 204772314 0
1712004560 204772314 0
1712004562 204772314 0
1712004564 204772314 0
1712004566 204772314 0
1712004568 204772314 0
1712004570 204772314 0
1712004572 204772314 0
1712004574 204772314 0
1712004576 204772314 0
1712004578 204772314 0
1712004580 204772314 0
1712004582 204772314 0
1712004584 204772314 0
1712004586 204772314 0
1712004588 204772314 0
1712004590 204772314 0
1712004592 204772314 0
1712004594 204772314 0
1712004596 204772314 0
1712004598 204772314 0
1712004600 204772314 0
1712004602 204772314 0
1712004604 204772314 0
1712004606 204772314 0
1712004608 204772314 0
1712004610 204772314 0
1712004612 204772314 0
1712004614 204772314 0
1712004616 204772314 0
1712004618 204772314 0
1712004620 204772314 0
1712004622 204772314 0
1712004624 204772314 0
1712004626 204772314 0
1712004628 204772314 0
1712004630 204772314 0
1712004632 204772314 0
1712004634 204772314 0
1712004636 204772314 0
1712004638 204772314 0
1712004640 204772314 0
1712004642 204772314 0
1712004644 204772314 0
1712004646 204772314 0
1712004648 204772314 0
1712004650 204772314 0
1712004652 204772314 0
1712004654 204772314 0
1712004656 204772314 0
1712004658 204772314 0
1712004660 204772314 0
1712004662 204772314 0
1712004664 204772314 0
1712004666 204772314 0
1712004668 204772314 0
1712004670 204772314 0
1712004672 204772314 0
1712004674 204772314 0
1712004676 204772314 0
1712004678 204772314 0
1712004680 204772314 0
1712004682 204772314 0
1712004684 204772314 0
1712004686 204772314 0
1712004688 204772314 0
1712004690 204772314 0
1712004692 204772314 0
1712004694 204772314 0
1712004696 204772314 0
1712004698 204772314 0
1712004700 204772314 0
1712004702 204772314 0
1712004704 204772314 0
1712004706 204772314 0
1712004708 204772314 0
1712004710 204772314 0
1712004712 204772314 0
1712004714 204772314 0
1712004716 204772314 0
1712004718 204772314 0
1712004720 204772314 0
1712004722 204772314 0
1712004724 204772314 0
1712004726 204772314 0
1712004728 204772314 0
1712004730 204772314 0
1712004732 204772314 0
1712004734 204772314 0
1712004736 204772314 0
1712004738 204772314 0
1712004740 204772314 0
1712004742 204772314 0
1712004744 204772314 0
1712004746 204772314 0
1712004748 204772314 0
1712004750 204772314 0
1712004752 204772314 0
1712004754 204772314 0
1712004756 204772314 0
1712004758 204772314 0
1712004760 204772314 0
1712004762 204772314 0
1712004764 204772314 0
1712004766 204772314 0
1712004768 204772314 0
1712004770 204772314 0
1712004772 204772314 0
1712004774 204772314 0
1712004776 204772314 0
1712004778 204772314 0
1712004780 204772314 0
1712004782 204772314 0
1712004784 204772314 0
1712004786 204772314 0
1712004788 204772314 0
1712004790 204772314 0
1712004792 204772314 0
1712004794 204772314 0
1712004796 204772314 0
1712004798 204772314 0
1712004800 204772314 0
1712004802 204772314 0
1712004804 204772314 0
1712004806 204772314 0
1712004808 204772314 0
1712004810 204772314 0
1712004812 204772314 0
1712004814 204772314 0
1712004816 204772314 0
1712004818 204772314 0
1712004820 204772314 0
1712004822 204772314 0
1712004824 204772314 0
1712004826 204772314 0
1712004828 204772314 0
1712004830 204772314 0
1712004832 204772314 0
1712004834 204772314 0
1712004836 204772314 0
1712004838 204772314 0
1712004840 204772314 0
1712004842 204772314 0
1712004844 204772314 0
1712004846 204772314 0
1712004848 204772314 0
1712004850 204772314 0
1712004852 204772314 0
1712004854 204772314 0
1712004856 204772314 0
1712004858 204772314 0
1712004860 204772314 0
1712004862 204772314 0
1712004864 204772314 0
1712004866 204772314 0
1712004868 204772314 0
1712004870 204772314 0
1712004872 204772314 0
1712004874 204772314 0
1712004876 204772314 0
1712004878 204772314 0
1712004880 204772314 0
1712004882 204772314 0
1712004884 204772314 0
1712004886 204772314 0
1712004888 204772314 0
1712004890 204772314 0
1712004892 204772314 0
1712004894 204772314 0
1712004896 204772314 0
1712004898 204772314 0
1712004900 204772314 0
1712004902 204772314 0
1712004904 204772314 0
1712004906 204772314 0
1712004908 204772314 0
1712004910 204772314 0
1712004912 204772314 0
1712004914 204772314 0
1712004916 204772314 0
1712004918 204772314 0
1712004920 204772314 0
1712004922 204772314 0
1712004924 204772314 0
1712004926 204772314 0
1712004928 204772314 0
1712004930 204772314 0
1712004932 204772314 0
1712004934 204772314 0
1712004936 204772314 0
1712004938 204772314 0
1712004940 204772314 0
1712004942 204772314 0
1712004944 204772314 0
1712004946 204772314 0
1712004948 204772314 0
1712004950 204772314 0
1712004952 204772314 0
1712004954 204772314 0
1712004956 204772314 0
1712004958 204772314 0
1712004960 204772314 0
1712004962 204772314 0
1712004964 204772314 0
1712004966 204772314 0
1712004968 204772314 0
1712004970 204772314 0
1712004972 204772314 0
1712004974 204772314 0
1712004976 204772314 0
1712004978 204772314 0
1712004980 204772314 0
1712004982 204772314 0
1712004984 204772314 0
1712004986 204772314 0
1712004988 204772314 0
1712004990 204772314 0
1712004992 204772314 0
1712004994 204772314 0
1712004996 204772314 0
1712004998 204772314 0
1712005000 204772314 0
1712005002 204772314 0
1712005004 204772314 0
1712005006 204772314 0
1712005008 204772314 0
1712005010 204772314 0
1712005012 204772314 0
1712005014 204772314 0
1712005016 204772314 0
1712005018 204772314 0
1712005020 204772314 0
1712005022 204772314 0
1712005024 204772314 0
1712005026 204772314 0
1712005028 204772314 0
1712005030 204772314 0
1712005032 204772314 0
1712005034 204772314 0
1712005036 204772314 0
1712005038 204772314 0
1712005040 204772314 0
1712005042 204772314 0
1712005044 204772314 0
1712005046 204772314 0
1712005048 204772314 0
1712005050 204772314 0
1712005052 204772314 0
1712005054 204772314 0
1712005056 204772314 0
1712005058 204772314 0
1712005060 204772314 0
1712005062 204772314 0
1712005064 204772314 0
1712005066 204772314 0
1712005068 204772314 0
1712005070 204772314 0
1712005072 204772314 0
1712005074 204772314 0
1712005076 204772314 0
1712005078 204772314 0
1712005080 204772314 0
1712005082 204772314 0
1712005084 204772314 0
1712005086 204772314 0
1712005088 204772314 0
1712005090 204772314 0
1712005092 204772314 0
1712005094 204772314 0
1712005096 204772314 0
1712005098 204772314 0
1712005100 204772314 0
1712005102 204772314 0
1712005104 204772314 0
1712005106 204772314 0
1712005108 204772314 0
1712005110 204772314 0
1712005112 204772314 0
1712005114 204772314 0
1712005116 204772314 0
1712005118 204772314 0
1712005120 204772314 0
1712005122 204772314 0
1712005124 204772314 0
1712005126 204772314 0
1712005128 204772314 0
1712005130 204772314 0
1712005132 204772314 0
1712005134 204772314 0
1712005136 204772314 0
1712005138 204772314 0
1712005140 204772314 0
1712005142 204772314 0
1712005144 204772314 0
1712005146 204772314 0
1712005148 204772314 0
1712005150 204772314 0
1712005152 204772314 0
1712005154 204772314 0
1712005156 204772314 0
1712005158 204772314 0
1712005160 204772314 0
1712005162 204772314 0
1712005164 204772314 0
1712005166 204772314 0
1712005168 204772314 0
1712005170 204772314 0
1712005172 204772314 0
1712005174 204772314 0
1712005176 204772314 0
1712005178 204772314 0
1712005180 204772314 0
1712005182 204772314 0
1712005184 204772314 0
1712005186 204772314 0
1712005188 204772314 0
1712005190 204772314 0
1712005192 204772314 0
1712005194 204772314 0
1712005196 204772314 0
1712005198 204772314 0
1712005200 204772314 0
1712005202 204772314 0
1712005204 204772314 0
1712005206 204772314 0
